/home/mt/www/6.7/src/Administration/Framework/Search/CriteriaCollection.php
--- consumed 18 MB, total 124.5 MB, took 0.15 s
/home/mt/www/6.7/src/Administration/Framework/Routing/NotFound/AdministrationNotFoundSubscriber.php
--- consumed 14 MB, total 138.5 MB, took 0.17 s
/home/mt/www/6.7/src/Administration/Framework/Routing/KnownIps/KnownIpsCollectorInterface.php
--- consumed 0 B, total 138.5 MB, took 0.00 s
/home/mt/www/6.7/src/Administration/Framework/Routing/KnownIps/KnownIpsCollector.php
--- consumed 8 MB, total 146.5 MB, took 0.11 s
/home/mt/www/6.7/src/Administration/Framework/Routing/AdministrationRouteScope.php
--- consumed 2 MB, total 148.5 MB, took 0.01 s
/home/mt/www/6.7/src/Administration/Framework/Twig/ViteFileAccessorDecorator.php
--- consumed 4 MB, total 152.5 MB, took 0.10 s
/home/mt/www/6.7/src/Administration/Framework/App/Subscriber/SystemLanguageChangedSubscriber.php
--- consumed 22 MB, total 174.5 MB, took 0.23 s
/home/mt/www/6.7/src/Administration/System/SalesChannel/Subscriber/SalesChannelUserConfigSubscriber.php
--- consumed 2 MB, total 176.5 MB, took 0.07 s
/home/mt/www/6.7/src/Administration/Service/AdminSearcher.php
--- consumed 0 B, total 176.5 MB, took 0.03 s
/home/mt/www/6.7/src/Administration/Administration.php
--- consumed 4 MB, total 180.5 MB, took 0.04 s
/home/mt/www/6.7/src/Administration/Command/DeleteAdminFilesAfterBuildCommand.php
--- consumed 52.5 MB, total 233 MB, took 0.76 s
/home/mt/www/6.7/src/Administration/Command/DeleteExtensionLocalPublicFilesCommand.php
--- consumed 0 B, total 233 MB, took 0.03 s
/home/mt/www/6.7/src/Administration/Notification/NotificationEntity.php
--- consumed 0 B, total 233 MB, took 0.07 s
/home/mt/www/6.7/src/Administration/Notification/NotificationCollection.php
--- consumed 0 B, total 233 MB, took 0.00 s
/home/mt/www/6.7/src/Administration/Notification/NotificationDefinition.php
--- consumed 2 MB, total 235 MB, took 0.06 s
/home/mt/www/6.7/src/Administration/Controller/AdminProductStreamController.php
--- consumed 4 MB, total 239 MB, took 0.13 s
/home/mt/www/6.7/src/Administration/Controller/AdminTagController.php
--- consumed 0 B, total 239 MB, took 0.02 s
/home/mt/www/6.7/src/Administration/Controller/DashboardController.php
--- consumed 0 B, total 239 MB, took 0.02 s
/home/mt/www/6.7/src/Administration/Controller/Exception/MissingAppSecretException.php
--- consumed 0 B, total 239 MB, took 0.01 s
/home/mt/www/6.7/src/Administration/Controller/Exception/MissingShopUrlException.php
--- consumed 0 B, total 239 MB, took 0.00 s
/home/mt/www/6.7/src/Administration/Controller/Exception/AppByNameNotFoundException.php
--- consumed 0 B, total 239 MB, took 0.00 s
/home/mt/www/6.7/src/Administration/Controller/AdminSearchController.php
--- consumed 0 B, total 239 MB, took 0.08 s
/home/mt/www/6.7/src/Administration/Controller/UserConfigController.php
--- consumed 4 MB, total 243 MB, took 0.13 s
/home/mt/www/6.7/src/Administration/Controller/AdministrationController.php
--- consumed 6 MB, total 249 MB, took 0.35 s
/home/mt/www/6.7/src/Administration/Controller/NotificationController.php
--- consumed 0 B, total 249 MB, took 0.01 s
/home/mt/www/6.7/src/Administration/Controller/AdminExtensionApiController.php
--- consumed 2 MB, total 251 MB, took 0.09 s
/home/mt/www/6.7/src/Administration/Dashboard/OrderAmountService.php
--- consumed 0 B, total 251 MB, took 0.04 s
/home/mt/www/6.7/src/Administration/Snippet/AppAdministrationSnippetCollection.php
--- consumed 0 B, total 251 MB, took 0.01 s
/home/mt/www/6.7/src/Administration/Snippet/AppAdministrationSnippetDefinition.php
--- consumed 0 B, total 251 MB, took 0.02 s
/home/mt/www/6.7/src/Administration/Snippet/SnippetFinder.php
--- consumed 4 MB, total 255 MB, took 0.33 s
/home/mt/www/6.7/src/Administration/Snippet/AppLifecycleSubscriber.php
--- consumed 0 B, total 255 MB, took 0.03 s
/home/mt/www/6.7/src/Administration/Snippet/AppAdministrationSnippetPersister.php
--- consumed 0 B, total 255 MB, took 0.08 s
/home/mt/www/6.7/src/Administration/Snippet/SnippetFinderInterface.php
--- consumed 0 B, total 255 MB, took 0.00 s
/home/mt/www/6.7/src/Administration/Snippet/SnippetException.php
--- consumed 0 B, total 255 MB, took 0.01 s
/home/mt/www/6.7/src/Administration/Snippet/AppAdministrationSnippetEntity.php
--- consumed 0 B, total 255 MB, took 0.01 s
/home/mt/www/6.7/src/Administration/Snippet/CachedSnippetFinder.php
--- consumed 0 B, total 255 MB, took 0.02 s
/home/mt/www/6.7/src/Administration/Migration/V6_4/Migration1660813696AddAppAdministrationSnippet.php
--- consumed 0 B, total 255 MB, took 0.01 s
/home/mt/www/6.7/src/Administration/Migration/V6_4/Migration1636121186CopySalesChannelIdsIntoUserConfig.php
--- consumed 2 MB, total 257 MB, took 0.05 s
/home/mt/www/6.7/src/Administration/Migration/V6_7/Migration1757057005MailTemplate.php
--- consumed 0 B, total 257 MB, took 0.10 s
/home/mt/www/6.7/src/Administration/Migration/V6_7/Migration1744203319MailTemplate.php
--- consumed 2 MB, total 259 MB, took 0.07 s
/home/mt/www/6.7/src/Administration/Migration/V6_7/Migration1737472122TokenUser.php
--- consumed 0 B, total 259 MB, took 0.00 s
/home/mt/www/6.7/src/Administration/Events/PreResetExcludedSearchTermEvent.php
--- consumed 0 B, total 259 MB, took 0.01 s
/home/mt/www/6.7/src/Administration/DependencyInjection/AdministrationMigrationCompilerPass.php
--- consumed 0 B, total 259 MB, took 0.00 s
/home/mt/www/6.7/src/Core/Framework/Uuid/UuidException.php
--- consumed 0 B, total 259 MB, took 0.01 s
/home/mt/www/6.7/src/Core/Framework/Uuid/Exception/InvalidUuidException.php
--- consumed 0 B, total 259 MB, took 0.00 s
/home/mt/www/6.7/src/Core/Framework/Uuid/Exception/InvalidUuidLengthException.php
--- consumed 0 B, total 259 MB, took 0.00 s
/home/mt/www/6.7/src/Core/Framework/Uuid/Uuid.php
--- consumed 0 B, total 259 MB, took 0.08 s
/home/mt/www/6.7/src/Core/Framework/Api/ApiDefinition/Generator/BundleSchemaPathCollection.php
--- consumed 0 B, total 259 MB, took 0.02 s
/home/mt/www/6.7/src/Core/Framework/Api/ApiDefinition/Generator/StoreApiGenerator.php
--- consumed 6 MB, total 265 MB, took 0.30 s
/home/mt/www/6.7/src/Core/Framework/Api/ApiDefinition/Generator/EntitySchemaGenerator.php
--- consumed 0 B, total 265 MB, took 0.20 s
/home/mt/www/6.7/src/Core/Framework/Api/ApiDefinition/Generator/CachedEntitySchemaGenerator.php
--- consumed 0 B, total 265 MB, took 0.02 s
/home/mt/www/6.7/src/Core/Framework/Api/ApiDefinition/Generator/OpenApi3Generator.php
--- consumed 0 B, total 265 MB, took 0.14 s
/home/mt/www/6.7/src/Core/Framework/Api/ApiDefinition/Generator/OpenApi/DeactivateValidationAnalysis.php
--- consumed 0 B, total 265 MB, took 0.01 s
/home/mt/www/6.7/src/Core/Framework/Api/ApiDefinition/Generator/OpenApi/OpenApiDefinitionSchemaBuilder.php
--- consumed 2 MB, total 267 MB, took 0.33 s
/home/mt/www/6.7/src/Core/Framework/Api/ApiDefinition/Generator/OpenApi/OpenApiPathBuilder.php
--- consumed 0 B, total 267 MB, took 0.17 s
/home/mt/www/6.7/src/Core/Framework/Api/ApiDefinition/Generator/OpenApi/OpenApiSchemaBuilder.php
--- consumed 0 B, total 267 MB, took 0.07 s
/home/mt/www/6.7/src/Core/Framework/Api/ApiDefinition/Generator/OpenApiFileLoader.php
--- consumed 0 B, total 267 MB, took 0.02 s
/home/mt/www/6.7/src/Core/Framework/Api/ApiDefinition/ApiTypeNotFoundException.php
--- consumed 0 B, total 267 MB, took 0.01 s
/home/mt/www/6.7/src/Core/Framework/Api/ApiDefinition/ApiDefinitionGeneratorNotFoundException.php
--- consumed 0 B, total 267 MB, took 0.00 s
/home/mt/www/6.7/src/Core/Framework/Api/ApiDefinition/DefinitionService.php
--- consumed 0 B, total 267 MB, took 0.03 s
/home/mt/www/6.7/src/Core/Framework/Api/ApiDefinition/ApiDefinitionGeneratorInterface.php
--- consumed 0 B, total 267 MB, took 0.00 s
/home/mt/www/6.7/src/Core/Framework/Api/OAuth/ScopeRepository.php
--- consumed 0 B, total 267 MB, took 0.10 s
/home/mt/www/6.7/src/Core/Framework/Api/OAuth/User/User.php
--- consumed 0 B, total 267 MB, took 0.00 s
/home/mt/www/6.7/src/Core/Framework/Api/OAuth/SymfonyBearerTokenValidator.php
--- consumed 0 B, total 267 MB, took 0.06 s
/home/mt/www/6.7/src/Core/Framework/Api/OAuth/Scope/WriteScope.php
--- consumed 0 B, total 267 MB, took 0.00 s
/home/mt/www/6.7/src/Core/Framework/Api/OAuth/Scope/AdminScope.php
--- consumed 0 B, total 267 MB, took 0.00 s
/home/mt/www/6.7/src/Core/Framework/Api/OAuth/Scope/UserVerifiedScope.php
--- consumed 0 B, total 267 MB, took 0.00 s
/home/mt/www/6.7/src/Core/Framework/Api/OAuth/AccessToken.php
--- consumed 0 B, total 267 MB, took 0.03 s
/home/mt/www/6.7/src/Core/Framework/Api/OAuth/AccessTokenRepository.php
--- consumed 0 B, total 267 MB, took 0.01 s
/home/mt/www/6.7/src/Core/Framework/Api/OAuth/UserRepository.php
--- consumed 0 B, total 267 MB, took 0.02 s
/home/mt/www/6.7/src/Core/Framework/Api/OAuth/RefreshTokenRepository.php
--- consumed 0 B, total 267 MB, took 0.03 s
/home/mt/www/6.7/src/Core/Framework/Api/OAuth/RefreshToken.php
--- consumed 0 B, total 267 MB, took 0.00 s
/home/mt/www/6.7/src/Core/Framework/Api/OAuth/Client/ApiClient.php
--- consumed 0 B, total 267 MB, took 0.01 s
/home/mt/www/6.7/src/Core/Framework/Api/OAuth/JWTConfigurationFactory.php
--- consumed 2 MB, total 269 MB, took 0.03 s
/home/mt/www/6.7/src/Core/Framework/Api/OAuth/ClientRepository.php
--- consumed 0 B, total 269 MB, took 0.04 s
/home/mt/www/6.7/src/Core/Framework/Api/OAuth/FakeCryptKey.php
--- consumed 0 B, total 269 MB, took 0.00 s
/home/mt/www/6.7/src/Core/Framework/Api/Sync/SyncOperation.php
--- consumed 0 B, total 269 MB, took 0.04 s
/home/mt/www/6.7/src/Core/Framework/Api/Sync/SyncServiceInterface.php
--- consumed 0 B, total 269 MB, took 0.00 s
/home/mt/www/6.7/src/Core/Framework/Api/Sync/FkReference.php
--- consumed 0 B, total 269 MB, took 0.00 s
/home/mt/www/6.7/src/Core/Framework/Api/Sync/SyncBehavior.php
--- consumed 0 B, total 269 MB, took 0.00 s
/home/mt/www/6.7/src/Core/Framework/Api/Sync/SyncService.php
--- consumed 0 B, total 269 MB, took 0.14 s
/home/mt/www/6.7/src/Core/Framework/Api/Sync/SyncResult.php
--- consumed 0 B, total 269 MB, took 0.01 s
/home/mt/www/6.7/src/Core/Framework/Api/Sync/SyncFkResolver.php
--- consumed 0 B, total 269 MB, took 0.14 s
/home/mt/www/6.7/src/Core/Framework/Api/Sync/AbstractFkResolver.php
--- consumed 0 B, total 269 MB, took 0.00 s
/home/mt/www/6.7/src/Core/Framework/Api/HealthCheck/Event/HealthCheckEvent.php
--- consumed 0 B, total 269 MB, took 0.00 s
/home/mt/www/6.7/src/Core/Framework/Api/Response/JsonApiResponse.php
--- consumed 0 B, total 269 MB, took 0.05 s
/home/mt/www/6.7/src/Core/Framework/Api/Response/ResponseFactoryInterface.php
--- consumed 0 B, total 269 MB, took 0.01 s
/home/mt/www/6.7/src/Core/Framework/Api/Response/Type/Api/JsonType.php
--- consumed 0 B, total 269 MB, took 0.05 s
/home/mt/www/6.7/src/Core/Framework/Api/Response/Type/Api/JsonApiType.php
--- consumed 0 B, total 269 MB, took 0.04 s
/home/mt/www/6.7/src/Core/Framework/Api/Response/Type/JsonFactoryBase.php
--- consumed 0 B, total 269 MB, took 0.06 s
/home/mt/www/6.7/src/Core/Framework/Api/Response/ResponseFactoryInterfaceValueResolver.php
--- consumed 0 B, total 269 MB, took 0.01 s
/home/mt/www/6.7/src/Core/Framework/Api/Response/ResponseFactoryRegistry.php
--- consumed 0 B, total 269 MB, took 0.01 s
/home/mt/www/6.7/src/Core/Framework/Api/Context/AdminSalesChannelApiSource.php
--- consumed 0 B, total 269 MB, took 0.00 s
/home/mt/www/6.7/src/Core/Framework/Api/Context/AdminApiSource.php
--- consumed 0 B, total 269 MB, took 0.02 s
/home/mt/www/6.7/src/Core/Framework/Api/Context/SystemSource.php
--- consumed 0 B, total 269 MB, took 0.00 s
/home/mt/www/6.7/src/Core/Framework/Api/Context/ContextSource.php
--- consumed 0 B, total 269 MB, took 0.00 s
/home/mt/www/6.7/src/Core/Framework/Api/Context/Exception/InvalidContextSourceUserException.php
--- consumed 0 B, total 269 MB, took 0.00 s
/home/mt/www/6.7/src/Core/Framework/Api/Context/Exception/InvalidContextSourceException.php
--- consumed 0 B, total 269 MB, took 0.01 s
/home/mt/www/6.7/src/Core/Framework/Api/Context/ContextValueResolver.php
--- consumed 0 B, total 269 MB, took 0.00 s
/home/mt/www/6.7/src/Core/Framework/Api/Context/ShopApiSource.php
--- consumed 0 B, total 269 MB, took 0.00 s
/home/mt/www/6.7/src/Core/Framework/Api/Context/SalesChannelApiSource.php
--- consumed 0 B, total 269 MB, took 0.01 s
/home/mt/www/6.7/src/Core/Framework/Api/Exception/InvalidVersionNameException.php
--- consumed 0 B, total 269 MB, took 0.01 s
/home/mt/www/6.7/src/Core/Framework/Api/Exception/NoEntityClonedException.php
--- consumed 0 B, total 269 MB, took 0.00 s
/home/mt/www/6.7/src/Core/Framework/Api/Exception/ResourceNotFoundException.php
--- consumed 0 B, total 269 MB, took 0.01 s
/home/mt/www/6.7/src/Core/Framework/Api/Exception/LiveVersionDeleteException.php
--- consumed 0 B, total 269 MB, took 0.00 s
/home/mt/www/6.7/src/Core/Framework/Api/Exception/InvalidSyncOperationException.php
--- consumed 0 B, total 269 MB, took 0.00 s
/home/mt/www/6.7/src/Core/Framework/Api/Exception/MissingPrivilegeException.php
--- consumed 0 B, total 269 MB, took 0.01 s
/home/mt/www/6.7/src/Core/Framework/Api/Exception/ExpectationFailedException.php
--- consumed 0 B, total 269 MB, took 0.01 s
/home/mt/www/6.7/src/Core/Framework/Api/Exception/InvalidSalesChannelIdException.php
--- consumed 0 B, total 269 MB, took 0.01 s
/home/mt/www/6.7/src/Core/Framework/Api/Exception/IncompletePrimaryKeyException.php
--- consumed 0 B, total 269 MB, took 0.01 s
/home/mt/www/6.7/src/Core/Framework/Api/Serializer/JsonEntityEncoder.php
--- consumed 2 MB, total 271 MB, took 0.16 s
/home/mt/www/6.7/src/Core/Framework/Api/Serializer/JsonApiEncoder.php
--- consumed 0 B, total 271 MB, took 0.17 s
/home/mt/www/6.7/src/Core/Framework/Api/Serializer/JsonApiDecoder.php
--- consumed 0 B, total 271 MB, took 0.17 s
/home/mt/www/6.7/src/Core/Framework/Api/Serializer/Record.php
--- consumed 0 B, total 271 MB, took 0.08 s
/home/mt/www/6.7/src/Core/Framework/Api/Serializer/JsonApiEncodingResult.php
--- consumed 0 B, total 271 MB, took 0.05 s
/home/mt/www/6.7/src/Core/Framework/Api/Command/DumpClassSchemaCommand.php
--- consumed 0 B, total 271 MB, took 0.18 s
/home/mt/www/6.7/src/Core/Framework/Api/Command/DumpSchemaCommand.php
--- consumed 0 B, total 271 MB, took 0.05 s
/home/mt/www/6.7/src/Core/Framework/Api/Command/CreateIntegrationCommand.php
--- consumed 0 B, total 271 MB, took 0.03 s
/home/mt/www/6.7/src/Core/Framework/Api/EventListener/ErrorResponseFactory.php
--- consumed 2 MB, total 273 MB, took 0.23 s
/home/mt/www/6.7/src/Core/Framework/Api/EventListener/CorsListener.php
--- consumed 0 B, total 273 MB, took 0.02 s
/home/mt/www/6.7/src/Core/Framework/Api/EventListener/Authentication/UserCredentialsChangedSubscriber.php
--- consumed 0 B, total 273 MB, took 0.02 s
/home/mt/www/6.7/src/Core/Framework/Api/EventListener/Authentication/ApiAuthenticationListener.php
--- consumed 0 B, total 273 MB, took 0.05 s
/home/mt/www/6.7/src/Core/Framework/Api/EventListener/Authentication/SalesChannelAuthenticationListener.php
--- consumed 8 MB, total 281 MB, took 0.17 s
/home/mt/www/6.7/src/Core/Framework/Api/EventListener/ResponseExceptionListener.php
--- consumed 0 B, total 281 MB, took 0.01 s
/home/mt/www/6.7/src/Core/Framework/Api/EventListener/ResponseHeaderListener.php
--- consumed 0 B, total 281 MB, took 0.01 s
/home/mt/www/6.7/src/Core/Framework/Api/EventListener/ExpectationSubscriber.php
--- consumed 0 B, total 281 MB, took 0.06 s
/home/mt/www/6.7/src/Core/Framework/Api/EventListener/JsonRequestTransformerListener.php
--- consumed 0 B, total 281 MB, took 0.02 s
/home/mt/www/6.7/src/Core/Framework/Api/EventListener/Acl/CreditOrderLineItemListener.php
--- consumed 0 B, total 281 MB, took 0.03 s
/home/mt/www/6.7/src/Core/Framework/Api/Controller/IntegrationController.php
--- consumed 0 B, total 281 MB, took 0.04 s
/home/mt/www/6.7/src/Core/Framework/Api/Controller/AuthController.php
--- consumed 0 B, total 281 MB, took 0.03 s
/home/mt/www/6.7/src/Core/Framework/Api/Controller/UserController.php
--- consumed 0 B, total 281 MB, took 0.15 s
/home/mt/www/6.7/src/Core/Framework/Api/Controller/SalesChannelProxyController.php
--- consumed 6 MB, total 287 MB, took 0.31 s
/home/mt/www/6.7/src/Core/Framework/Api/Controller/CacheController.php
--- consumed 0 B, total 287 MB, took 0.12 s
/home/mt/www/6.7/src/Core/Framework/Api/Controller/Exception/PermissionDeniedException.php
--- consumed 0 B, total 287 MB, took 0.00 s
/home/mt/www/6.7/src/Core/Framework/Api/Controller/Exception/AuthThrottledException.php
--- consumed 0 B, total 287 MB, took 0.01 s
/home/mt/www/6.7/src/Core/Framework/Api/Controller/ApiController.php
--- consumed 6 MB, total 293 MB, took 0.55 s
/home/mt/www/6.7/src/Core/Framework/Api/Controller/InfoController.php
--- consumed 0 B, total 293 MB, took 0.32 s
/home/mt/www/6.7/src/Core/Framework/Api/Controller/HealthCheckController.php
--- consumed 0 B, total 293 MB, took 0.03 s
/home/mt/www/6.7/src/Core/Framework/Api/Controller/SyncController.php
--- consumed 0 B, total 293 MB, took 0.04 s
/home/mt/www/6.7/src/Core/Framework/Api/Controller/AccessKeyController.php
--- consumed 0 B, total 293 MB, took 0.01 s
/home/mt/www/6.7/src/Core/Framework/Api/Controller/AclController.php
--- consumed 2 MB, total 295 MB, took 0.11 s
/home/mt/www/6.7/src/Core/Framework/Api/Controller/FallbackController.php
--- consumed 0 B, total 295 MB, took 0.00 s
/home/mt/www/6.7/src/Core/Framework/Api/Controller/CustomSnippetFormatController.php
--- consumed 2 MB, total 297 MB, took 0.10 s
/home/mt/www/6.7/src/Core/Framework/Api/Controller/FeatureFlagController.php
--- consumed 0 B, total 297 MB, took 0.02 s
/home/mt/www/6.7/src/Core/Framework/Api/Controller/IndexingController.php
--- consumed 0 B, total 297 MB, took 0.05 s
/home/mt/www/6.7/src/Core/Framework/Api/Util/AccessKeyHelper.php
--- consumed 0 B, total 297 MB, took 0.02 s
/home/mt/www/6.7/src/Core/Framework/Api/ApiException.php
--- consumed 0 B, total 297 MB, took 0.11 s
/home/mt/www/6.7/src/Core/Framework/Api/Route/ApiRouteInfoResolver.php
--- consumed 0 B, total 297 MB, took 0.04 s
/home/mt/www/6.7/src/Core/Framework/Api/Route/ApiRouteLoader.php
--- consumed 0 B, total 297 MB, took 0.09 s
/home/mt/www/6.7/src/Core/Framework/Api/Route/RouteInfo.php
--- consumed 0 B, total 297 MB, took 0.00 s
/home/mt/www/6.7/src/Core/Framework/Api/Acl/Event/CommandAclValidationEvent.php
--- consumed 0 B, total 297 MB, took 0.01 s
/home/mt/www/6.7/src/Core/Framework/Api/Acl/Event/AclGetAdditionalPrivilegesEvent.php
--- consumed 0 B, total 297 MB, took 0.00 s
/home/mt/www/6.7/src/Core/Framework/Api/Acl/Role/AclUserRoleDefinition.php
--- consumed 0 B, total 297 MB, took 0.01 s
/home/mt/www/6.7/src/Core/Framework/Api/Acl/Role/AclRoleEntity.php
--- consumed 0 B, total 297 MB, took 0.04 s
/home/mt/www/6.7/src/Core/Framework/Api/Acl/Role/AclRoleDefinition.php
--- consumed 0 B, total 297 MB, took 0.03 s
/home/mt/www/6.7/src/Core/Framework/Api/Acl/Role/AclRoleEvents.php
--- consumed 0 B, total 297 MB, took 0.00 s
/home/mt/www/6.7/src/Core/Framework/Api/Acl/Role/AclRoleCollection.php
--- consumed 0 B, total 297 MB, took 0.01 s
/home/mt/www/6.7/src/Core/Framework/Api/Acl/AclAnnotationValidator.php
--- consumed 0 B, total 297 MB, took 0.02 s
/home/mt/www/6.7/src/Core/Framework/Api/Acl/AclWriteValidator.php
--- consumed 0 B, total 297 MB, took 0.06 s
/home/mt/www/6.7/src/Core/Framework/Api/Acl/AclCriteriaValidator.php
--- consumed 0 B, total 297 MB, took 0.06 s
/home/mt/www/6.7/src/Core/Framework/Event/SalesChannelAware.php
--- consumed 0 B, total 297 MB, took 0.00 s
/home/mt/www/6.7/src/Core/Framework/Event/BusinessEventCollectorEvent.php
--- consumed 0 B, total 297 MB, took 0.01 s
/home/mt/www/6.7/src/Core/Framework/Event/NestedEvent.php
--- consumed 0 B, total 297 MB, took 0.02 s
/home/mt/www/6.7/src/Core/Framework/Event/A11yRenderedDocumentAware.php
--- consumed 0 B, total 297 MB, took 0.00 s
/home/mt/www/6.7/src/Core/Framework/Event/BusinessEventCollector.php
--- consumed 0 B, total 297 MB, took 0.10 s
/home/mt/www/6.7/src/Core/Framework/Event/ShopwareSalesChannelEvent.php
--- consumed 0 B, total 297 MB, took 0.00 s
/home/mt/www/6.7/src/Core/Framework/Event/EventData/EventDataCollection.php
--- consumed 0 B, total 297 MB, took 0.01 s
/home/mt/www/6.7/src/Core/Framework/Event/EventData/MailRecipientStruct.php
--- consumed 0 B, total 297 MB, took 0.01 s
/home/mt/www/6.7/src/Core/Framework/Event/EventData/EntityType.php
--- consumed 0 B, total 297 MB, took 0.02 s
/home/mt/www/6.7/src/Core/Framework/Event/EventData/ScalarValueType.php
--- consumed 0 B, total 297 MB, took 0.01 s
/home/mt/www/6.7/src/Core/Framework/Event/EventData/EventDataType.php
--- consumed 0 B, total 297 MB, took 0.00 s
/home/mt/www/6.7/src/Core/Framework/Event/EventData/ArrayType.php
--- consumed 0 B, total 297 MB, took 0.00 s
/home/mt/www/6.7/src/Core/Framework/Event/EventData/ObjectType.php
--- consumed 0 B, total 297 MB, took 0.01 s
/home/mt/www/6.7/src/Core/Framework/Event/EventData/EntityCollectionType.php
--- consumed 0 B, total 297 MB, took 0.00 s
/home/mt/www/6.7/src/Core/Framework/Event/BeforeSendRedirectResponseEvent.php
--- consumed 0 B, total 297 MB, took 0.00 s
/home/mt/www/6.7/src/Core/Framework/Event/CustomerGroupAware.php
--- consumed 0 B, total 297 MB, took 0.00 s
/home/mt/www/6.7/src/Core/Framework/Event/ShopwareEvent.php
--- consumed 0 B, total 297 MB, took 0.00 s
/home/mt/www/6.7/src/Core/Framework/Event/FlowLogEvent.php
--- consumed 0 B, total 297 MB, took 0.01 s
/home/mt/www/6.7/src/Core/Framework/Event/LanguageAware.php
--- consumed 0 B, total 297 MB, took 0.00 s
/home/mt/www/6.7/src/Core/Framework/Event/BusinessEventCollectorResponse.php
--- consumed 0 B, total 297 MB, took 0.00 s
/home/mt/www/6.7/src/Core/Framework/Event/BusinessEvents.php
--- consumed 0 B, total 297 MB, took 0.06 s
/home/mt/www/6.7/src/Core/Framework/Event/FlowEventAware.php
--- consumed 0 B, total 297 MB, took 0.00 s
/home/mt/www/6.7/src/Core/Framework/Event/NestedEventDispatcher.php
--- consumed 2 MB, total 299 MB, took 0.03 s
/home/mt/www/6.7/src/Core/Framework/Event/GenericEvent.php
--- consumed 0 B, total 299 MB, took 0.00 s
/home/mt/www/6.7/src/Core/Framework/Event/DataMappingEvent.php
--- consumed 0 B, total 299 MB, took 0.01 s
/home/mt/www/6.7/src/Core/Framework/Event/Command/DebugDumpBusinessEventsCommand.php
--- consumed 0 B, total 299 MB, took 0.07 s
/home/mt/www/6.7/src/Core/Framework/Event/IsFlowEventAware.php
--- consumed 0 B, total 299 MB, took 0.00 s
/home/mt/www/6.7/src/Core/Framework/Event/UserAware.php
--- consumed 0 B, total 299 MB, took 0.00 s
/home/mt/www/6.7/src/Core/Framework/Event/ProgressStartedEvent.php
--- consumed 0 B, total 299 MB, took 0.00 s
/home/mt/www/6.7/src/Core/Framework/Event/BusinessEventDefinition.php
--- consumed 0 B, total 299 MB, took 0.01 s
/home/mt/www/6.7/src/Core/Framework/Event/MailAware.php
--- consumed 0 B, total 299 MB, took 0.00 s
/home/mt/www/6.7/src/Core/Framework/Event/CustomerAware.php
--- consumed 0 B, total 299 MB, took 0.00 s
/home/mt/www/6.7/src/Core/Framework/Event/BusinessEventRegistry.php
--- consumed 0 B, total 299 MB, took 0.01 s
/home/mt/www/6.7/src/Core/Framework/Event/ProgressFinishedEvent.php
--- consumed 0 B, total 299 MB, took 0.00 s
/home/mt/www/6.7/src/Core/Framework/Event/ProductAware.php
--- consumed 0 B, total 299 MB, took 0.00 s
/home/mt/www/6.7/src/Core/Framework/Event/NestedEventCollection.php
--- consumed 0 B, total 299 MB, took 0.01 s
/home/mt/www/6.7/src/Core/Framework/Event/BeforeSendResponseEvent.php
--- consumed 0 B, total 299 MB, took 0.00 s
/home/mt/www/6.7/src/Core/Framework/Event/ProgressAdvancedEvent.php
--- consumed 0 B, total 299 MB, took 0.00 s
/home/mt/www/6.7/src/Core/Framework/Event/OrderAware.php
--- consumed 0 B, total 299 MB, took 0.00 s
/home/mt/www/6.7/src/Core/Framework/Bundle.php
--- consumed 0 B, total 299 MB, took 0.17 s
/home/mt/www/6.7/src/Core/Framework/Telemetry/TelemetryException.php
--- consumed 0 B, total 299 MB, took 0.01 s
/home/mt/www/6.7/src/Core/Framework/Telemetry/Metrics/Meter.php
--- consumed 2 MB, total 301 MB, took 0.03 s
/home/mt/www/6.7/src/Core/Framework/Telemetry/Metrics/Transport/TransportCollection.php
--- consumed 0 B, total 301 MB, took 0.02 s
/home/mt/www/6.7/src/Core/Framework/Telemetry/Metrics/Factory/MetricTransportFactoryInterface.php
--- consumed 0 B, total 301 MB, took 0.00 s
/home/mt/www/6.7/src/Core/Framework/Telemetry/Metrics/Config/TransportConfigProvider.php
--- consumed 0 B, total 301 MB, took 0.00 s
/home/mt/www/6.7/src/Core/Framework/Telemetry/Metrics/Config/MetricConfig.php
--- consumed 0 B, total 301 MB, took 0.01 s
/home/mt/www/6.7/src/Core/Framework/Telemetry/Metrics/Config/TransportConfig.php
--- consumed 0 B, total 301 MB, took 0.00 s
/home/mt/www/6.7/src/Core/Framework/Telemetry/Metrics/Config/MetricConfigProvider.php
--- consumed 0 B, total 301 MB, took 0.01 s
/home/mt/www/6.7/src/Core/Framework/Telemetry/Metrics/Exception/MissingMetricConfigurationException.php
--- consumed 0 B, total 301 MB, took 0.01 s
/home/mt/www/6.7/src/Core/Framework/Telemetry/Metrics/Exception/MetricNotSupportedException.php
--- consumed 0 B, total 301 MB, took 0.01 s
/home/mt/www/6.7/src/Core/Framework/Telemetry/Metrics/Metric/ConfiguredMetric.php
--- consumed 0 B, total 301 MB, took 0.00 s
/home/mt/www/6.7/src/Core/Framework/Telemetry/Metrics/Metric/Metric.php
--- consumed 0 B, total 301 MB, took 0.04 s
/home/mt/www/6.7/src/Core/Framework/Telemetry/Metrics/Metric/Type.php
--- consumed 0 B, total 301 MB, took 0.00 s
/home/mt/www/6.7/src/Core/Framework/Telemetry/Metrics/MetricTransportInterface.php
--- consumed 0 B, total 301 MB, took 0.00 s
/home/mt/www/6.7/src/Core/Framework/Telemetry/Metrics/MeterProvider.php
--- consumed 0 B, total 301 MB, took 0.01 s
/home/mt/www/6.7/src/Core/Framework/Plugin/PluginService.php
--- consumed 0 B, total 301 MB, took 0.28 s
/home/mt/www/6.7/src/Core/Framework/Plugin/PluginZipDetector.php
--- consumed 4 MB, total 305 MB, took 0.12 s
/home/mt/www/6.7/src/Core/Framework/Plugin/Event/PluginPreDeactivateEvent.php
--- consumed 0 B, total 305 MB, took 0.01 s
/home/mt/www/6.7/src/Core/Framework/Plugin/Event/PluginPostUninstallEvent.php
--- consumed 0 B, total 305 MB, took 0.00 s
/home/mt/www/6.7/src/Core/Framework/Plugin/Event/PluginPostDeactivateEvent.php
--- consumed 0 B, total 305 MB, took 0.00 s
/home/mt/www/6.7/src/Core/Framework/Plugin/Event/PluginPostInstallEvent.php
--- consumed 0 B, total 305 MB, took 0.00 s
/home/mt/www/6.7/src/Core/Framework/Plugin/Event/PluginLifecycleEvent.php
--- consumed 0 B, total 305 MB, took 0.00 s
/home/mt/www/6.7/src/Core/Framework/Plugin/Event/PluginPostDeactivationFailedEvent.php
--- consumed 0 B, total 305 MB, took 0.01 s
/home/mt/www/6.7/src/Core/Framework/Plugin/Event/PluginPreInstallEvent.php
--- consumed 0 B, total 305 MB, took 0.00 s
/home/mt/www/6.7/src/Core/Framework/Plugin/Event/PluginPostUpdateEvent.php
--- consumed 0 B, total 305 MB, took 0.00 s
/home/mt/www/6.7/src/Core/Framework/Plugin/Event/PluginPostActivateEvent.php
--- consumed 0 B, total 305 MB, took 0.00 s
/home/mt/www/6.7/src/Core/Framework/Plugin/Event/PluginPreActivateEvent.php
--- consumed 0 B, total 305 MB, took 0.00 s
/home/mt/www/6.7/src/Core/Framework/Plugin/Event/PluginPreUninstallEvent.php
--- consumed 0 B, total 305 MB, took 0.00 s
/home/mt/www/6.7/src/Core/Framework/Plugin/Event/PluginPreUpdateEvent.php
--- consumed 0 B, total 305 MB, took 0.00 s
/home/mt/www/6.7/src/Core/Framework/Plugin/PluginManagementService.php
--- consumed 2 MB, total 307 MB, took 0.09 s
/home/mt/www/6.7/src/Core/Framework/Plugin/PluginExtractor.php
--- consumed 0 B, total 307 MB, took 0.08 s
/home/mt/www/6.7/src/Core/Framework/Plugin/Telemetry/PluginTelemetrySubscriber.php
--- consumed 0 B, total 307 MB, took 0.01 s
/home/mt/www/6.7/src/Core/Framework/Plugin/BundleConfigGeneratorInterface.php
--- consumed 0 B, total 307 MB, took 0.00 s
/home/mt/www/6.7/src/Core/Framework/Plugin/Context/DeactivateContext.php
--- consumed 0 B, total 307 MB, took 0.00 s
/home/mt/www/6.7/src/Core/Framework/Plugin/Context/UpdateContext.php
--- consumed 0 B, total 307 MB, took 0.00 s
/home/mt/www/6.7/src/Core/Framework/Plugin/Context/ActivateContext.php
--- consumed 0 B, total 307 MB, took 0.00 s
/home/mt/www/6.7/src/Core/Framework/Plugin/Context/InstallContext.php
--- consumed 0 B, total 307 MB, took 0.06 s
/home/mt/www/6.7/src/Core/Framework/Plugin/Context/UninstallContext.php
--- consumed 0 B, total 307 MB, took 0.00 s
/home/mt/www/6.7/src/Core/Framework/Plugin/PluginException.php
--- consumed 0 B, total 307 MB, took 0.08 s
/home/mt/www/6.7/src/Core/Framework/Plugin/PluginDefinition.php
--- consumed 0 B, total 307 MB, took 0.04 s
/home/mt/www/6.7/src/Core/Framework/Plugin/Subscriber/PluginAclPrivilegesSubscriber.php
--- consumed 0 B, total 307 MB, took 0.04 s
/home/mt/www/6.7/src/Core/Framework/Plugin/Subscriber/PluginLoadedSubscriber.php
--- consumed 0 B, total 307 MB, took 0.01 s
/home/mt/www/6.7/src/Core/Framework/Plugin/Exception/PluginExtractionException.php
--- consumed 0 B, total 307 MB, took 0.00 s
/home/mt/www/6.7/src/Core/Framework/Plugin/Exception/PluginNotActivatedException.php
--- consumed 0 B, total 307 MB, took 0.00 s
/home/mt/www/6.7/src/Core/Framework/Plugin/Exception/PluginNotAZipFileException.php
--- consumed 0 B, total 307 MB, took 0.01 s
/home/mt/www/6.7/src/Core/Framework/Plugin/Exception/PluginComposerRemoveException.php
--- consumed 0 B, total 307 MB, took 0.01 s
/home/mt/www/6.7/src/Core/Framework/Plugin/Exception/NoPluginFoundInZipException.php
--- consumed 0 B, total 307 MB, took 0.00 s
/home/mt/www/6.7/src/Core/Framework/Plugin/Exception/ExceptionCollection.php
--- consumed 0 B, total 307 MB, took 0.00 s
/home/mt/www/6.7/src/Core/Framework/Plugin/Exception/PluginHasActiveDependantsException.php
--- consumed 0 B, total 307 MB, took 0.01 s
/home/mt/www/6.7/src/Core/Framework/Plugin/Exception/PluginComposerRequireException.php
--- consumed 0 B, total 307 MB, took 0.01 s
/home/mt/www/6.7/src/Core/Framework/Plugin/Exception/KernelPluginLoaderException.php
--- consumed 0 B, total 307 MB, took 0.00 s
/home/mt/www/6.7/src/Core/Framework/Plugin/Exception/PluginComposerJsonInvalidException.php
--- consumed 0 B, total 307 MB, took 0.01 s
/home/mt/www/6.7/src/Core/Framework/Plugin/Exception/CanNotDeletePluginManagedByComposerException.php
--- consumed 0 B, total 307 MB, took 0.00 s
/home/mt/www/6.7/src/Core/Framework/Plugin/Exception/PluginNotFoundException.php
--- consumed 0 B, total 307 MB, took 0.00 s
/home/mt/www/6.7/src/Core/Framework/Plugin/Exception/DecorationPatternException.php
--- consumed 0 B, total 307 MB, took 0.01 s
/home/mt/www/6.7/src/Core/Framework/Plugin/Exception/PluginBaseClassNotFoundException.php
--- consumed 0 B, total 307 MB, took 0.00 s
/home/mt/www/6.7/src/Core/Framework/Plugin/Exception/PluginNotInstalledException.php
--- consumed 0 B, total 307 MB, took 0.00 s
/home/mt/www/6.7/src/Core/Framework/Plugin/Exception/PluginCannotBeDeletedException.php
--- consumed 0 B, total 307 MB, took 0.00 s
/home/mt/www/6.7/src/Core/Framework/Plugin/PluginEntity.php
--- consumed 0 B, total 307 MB, took 0.10 s
/home/mt/www/6.7/src/Core/Framework/Plugin/PluginCollection.php
--- consumed 0 B, total 307 MB, took 0.01 s
/home/mt/www/6.7/src/Core/Framework/Plugin/Struct/PluginFromFileSystemStruct.php
--- consumed 0 B, total 307 MB, took 0.01 s
/home/mt/www/6.7/src/Core/Framework/Plugin/Command/PluginZipImportCommand.php
--- consumed 0 B, total 307 MB, took 0.04 s
/home/mt/www/6.7/src/Core/Framework/Plugin/Command/Lifecycle/AbstractPluginLifecycleCommand.php
--- consumed 4 MB, total 311 MB, took 0.14 s
/home/mt/www/6.7/src/Core/Framework/Plugin/Command/Lifecycle/PluginUninstallCommand.php
--- consumed 0 B, total 311 MB, took 0.03 s
/home/mt/www/6.7/src/Core/Framework/Plugin/Command/Lifecycle/PluginDeactivateCommand.php
--- consumed 0 B, total 311 MB, took 0.03 s
/home/mt/www/6.7/src/Core/Framework/Plugin/Command/Lifecycle/PluginInstallCommand.php
--- consumed 0 B, total 311 MB, took 0.07 s
/home/mt/www/6.7/src/Core/Framework/Plugin/Command/Lifecycle/PluginUpdateAllCommand.php
--- consumed 0 B, total 311 MB, took 0.03 s
/home/mt/www/6.7/src/Core/Framework/Plugin/Command/Lifecycle/PluginActivateCommand.php
--- consumed 0 B, total 311 MB, took 0.03 s
/home/mt/www/6.7/src/Core/Framework/Plugin/Command/Lifecycle/PluginUpdateCommand.php
--- consumed 0 B, total 311 MB, took 0.02 s
/home/mt/www/6.7/src/Core/Framework/Plugin/Command/BundleDumpCommand.php
--- consumed 0 B, total 311 MB, took 0.02 s
/home/mt/www/6.7/src/Core/Framework/Plugin/Command/Scaffolding/PluginScaffoldConfiguration.php
--- consumed 0 B, total 311 MB, took 0.01 s
/home/mt/www/6.7/src/Core/Framework/Plugin/Command/Scaffolding/Generator/TestsGenerator.php
--- consumed 0 B, total 311 MB, took 0.02 s
/home/mt/www/6.7/src/Core/Framework/Plugin/Command/Scaffolding/Generator/ConfigGenerator.php
--- consumed 0 B, total 311 MB, took 0.01 s
/home/mt/www/6.7/src/Core/Framework/Plugin/Command/Scaffolding/Generator/EntityGenerator.php
--- consumed 0 B, total 311 MB, took 0.13 s
/home/mt/www/6.7/src/Core/Framework/Plugin/Command/Scaffolding/Generator/EventSubscriberGenerator.php
--- consumed 0 B, total 311 MB, took 0.02 s
/home/mt/www/6.7/src/Core/Framework/Plugin/Command/Scaffolding/Generator/StoreApiRouteGenerator.php
--- consumed 0 B, total 311 MB, took 0.03 s
/home/mt/www/6.7/src/Core/Framework/Plugin/Command/Scaffolding/Generator/HasCommandOption.php
--- consumed 0 B, total 311 MB, took 0.00 s
/home/mt/www/6.7/src/Core/Framework/Plugin/Command/Scaffolding/Generator/JavascriptPluginGenerator.php
--- consumed 0 B, total 311 MB, took 0.02 s
/home/mt/www/6.7/src/Core/Framework/Plugin/Command/Scaffolding/Generator/StorefrontControllerGenerator.php
--- consumed 0 B, total 311 MB, took 0.03 s
/home/mt/www/6.7/src/Core/Framework/Plugin/Command/Scaffolding/Generator/ComposerGenerator.php
--- consumed 2 MB, total 313 MB, took 0.02 s
/home/mt/www/6.7/src/Core/Framework/Plugin/Command/Scaffolding/Generator/ScaffoldingGenerator.php
--- consumed 0 B, total 313 MB, took 0.00 s
/home/mt/www/6.7/src/Core/Framework/Plugin/Command/Scaffolding/Generator/AdminModuleGenerator.php
--- consumed 0 B, total 313 MB, took 0.02 s
/home/mt/www/6.7/src/Core/Framework/Plugin/Command/Scaffolding/Generator/CommandGenerator.php
--- consumed 0 B, total 313 MB, took 0.02 s
/home/mt/www/6.7/src/Core/Framework/Plugin/Command/Scaffolding/Generator/PluginClassGenerator.php
--- consumed 0 B, total 313 MB, took 0.01 s
/home/mt/www/6.7/src/Core/Framework/Plugin/Command/Scaffolding/Generator/ScheduledTaskGenerator.php
--- consumed 0 B, total 313 MB, took 0.02 s
/home/mt/www/6.7/src/Core/Framework/Plugin/Command/Scaffolding/Generator/CustomFieldsetGenerator.php
--- consumed 0 B, total 313 MB, took 0.02 s
/home/mt/www/6.7/src/Core/Framework/Plugin/Command/Scaffolding/Generator/AddScaffoldConfigDefaultBehaviour.php
--- consumed 0 B, total 313 MB, took 0.00 s
/home/mt/www/6.7/src/Core/Framework/Plugin/Command/Scaffolding/Generator/GitignoreGenerator.php
--- consumed 0 B, total 313 MB, took 0.01 s
/home/mt/www/6.7/src/Core/Framework/Plugin/Command/Scaffolding/Stub.php
--- consumed 0 B, total 313 MB, took 0.02 s
/home/mt/www/6.7/src/Core/Framework/Plugin/Command/Scaffolding/ScaffoldingCollector.php
--- consumed 0 B, total 313 MB, took 0.01 s
/home/mt/www/6.7/src/Core/Framework/Plugin/Command/Scaffolding/StubCollection.php
--- consumed 0 B, total 313 MB, took 0.01 s
/home/mt/www/6.7/src/Core/Framework/Plugin/Command/Scaffolding/ScaffoldingWriter.php
--- consumed 0 B, total 313 MB, took 0.01 s
/home/mt/www/6.7/src/Core/Framework/Plugin/Command/PluginListCommand.php
--- consumed 0 B, total 313 MB, took 0.09 s
/home/mt/www/6.7/src/Core/Framework/Plugin/Command/MakerCommand.php
--- consumed 0 B, total 313 MB, took 0.05 s
/home/mt/www/6.7/src/Core/Framework/Plugin/Command/PluginRefreshCommand.php
--- consumed 0 B, total 313 MB, took 0.03 s
/home/mt/www/6.7/src/Core/Framework/Plugin/Command/PluginCreateCommand.php
--- consumed 2 MB, total 315 MB, took 0.06 s
/home/mt/www/6.7/src/Core/Framework/Plugin/PluginEvents.php
--- consumed 0 B, total 315 MB, took 0.00 s
/home/mt/www/6.7/src/Core/Framework/Plugin/Aggregate/PluginTranslation/PluginTranslationCollection.php
--- consumed 0 B, total 315 MB, took 0.01 s
/home/mt/www/6.7/src/Core/Framework/Plugin/Aggregate/PluginTranslation/PluginTranslationEntity.php
--- consumed 0 B, total 315 MB, took 0.04 s
/home/mt/www/6.7/src/Core/Framework/Plugin/Aggregate/PluginTranslation/PluginTranslationDefinition.php
--- consumed 0 B, total 315 MB, took 0.01 s
/home/mt/www/6.7/src/Core/Framework/Plugin/KernelPluginCollection.php
--- consumed 0 B, total 315 MB, took 0.02 s
/home/mt/www/6.7/src/Core/Framework/Plugin/Util/AssetService.php
--- consumed 0 B, total 315 MB, took 0.16 s
/home/mt/www/6.7/src/Core/Framework/Plugin/Util/VersionSanitizer.php
--- consumed 0 B, total 315 MB, took 0.01 s
/home/mt/www/6.7/src/Core/Framework/Plugin/Util/PluginIdProvider.php
--- consumed 2 MB, total 317 MB, took 0.01 s
/home/mt/www/6.7/src/Core/Framework/Plugin/Util/PluginFinder.php
--- consumed 0 B, total 317 MB, took 0.11 s
/home/mt/www/6.7/src/Core/Framework/Plugin/Util/ZipUtils.php
--- consumed 2 MB, total 319 MB, took 0.03 s
/home/mt/www/6.7/src/Core/Framework/Plugin/Composer/CommandExecutor.php
--- consumed 0 B, total 319 MB, took 0.11 s
/home/mt/www/6.7/src/Core/Framework/Plugin/Composer/PackageProvider.php
--- consumed 2 MB, total 321 MB, took 0.08 s
/home/mt/www/6.7/src/Core/Framework/Plugin/Composer/Factory.php
--- consumed 0 B, total 321 MB, took 0.03 s
/home/mt/www/6.7/src/Core/Framework/Plugin/PluginLifecycleService.php
--- consumed 2 MB, total 323 MB, took 0.30 s
/home/mt/www/6.7/src/Core/Framework/Plugin/BundleConfigGenerator.php
--- consumed 0 B, total 323 MB, took 0.15 s
/home/mt/www/6.7/src/Core/Framework/Plugin/KernelPluginLoader/DbalKernelPluginLoader.php
--- consumed 0 B, total 323 MB, took 0.02 s
/home/mt/www/6.7/src/Core/Framework/Plugin/KernelPluginLoader/KernelPluginLoader.php
--- consumed 2 MB, total 325 MB, took 0.18 s
/home/mt/www/6.7/src/Core/Framework/Plugin/KernelPluginLoader/StaticKernelPluginLoader.php
--- consumed 0 B, total 325 MB, took 0.00 s
/home/mt/www/6.7/src/Core/Framework/Plugin/KernelPluginLoader/ComposerPluginLoader.php
--- consumed 0 B, total 325 MB, took 0.08 s
/home/mt/www/6.7/src/Core/Framework/Plugin/Requirement/Exception/ConflictingPackageException.php
--- consumed 0 B, total 325 MB, took 0.01 s
/home/mt/www/6.7/src/Core/Framework/Plugin/Requirement/Exception/VersionMismatchException.php
--- consumed 0 B, total 325 MB, took 0.00 s
/home/mt/www/6.7/src/Core/Framework/Plugin/Requirement/Exception/RequirementException.php
--- consumed 0 B, total 325 MB, took 0.00 s
/home/mt/www/6.7/src/Core/Framework/Plugin/Requirement/Exception/RequirementStackException.php
--- consumed 0 B, total 325 MB, took 0.02 s
/home/mt/www/6.7/src/Core/Framework/Plugin/Requirement/Exception/MissingRequirementException.php
--- consumed 0 B, total 325 MB, took 0.01 s
/home/mt/www/6.7/src/Core/Framework/Plugin/Requirement/Exception/ComposerNameMissingException.php
--- consumed 0 B, total 325 MB, took 0.01 s
/home/mt/www/6.7/src/Core/Framework/Plugin/Requirement/RequirementsValidator.php
--- consumed 2 MB, total 327 MB, took 0.23 s
/home/mt/www/6.7/src/Core/Framework/Plugin/Requirement/RequirementExceptionStack.php
--- consumed 0 B, total 327 MB, took 0.01 s
/home/mt/www/6.7/src/Core/Framework/Extensions/Extension.php
--- consumed 0 B, total 327 MB, took 0.04 s
/home/mt/www/6.7/src/Core/Framework/Extensions/ExtensionDispatcher.php
--- consumed 0 B, total 327 MB, took 0.02 s
/home/mt/www/6.7/src/Core/Framework/Routing/RouteParamsCleanupListener.php
--- consumed 0 B, total 327 MB, took 0.01 s
/home/mt/www/6.7/src/Core/Framework/Routing/Event/MaintenanceModeRequestEvent.php
--- consumed 0 B, total 327 MB, took 0.01 s
/home/mt/www/6.7/src/Core/Framework/Routing/Event/SalesChannelContextResolvedEvent.php
--- consumed 0 B, total 327 MB, took 0.01 s
/home/mt/www/6.7/src/Core/Framework/Routing/ContextAwareCacheHeadersService.php
--- consumed 0 B, total 327 MB, took 0.03 s
/home/mt/www/6.7/src/Core/Framework/Routing/Extension/CanonicalRedirectExtension.php
--- consumed 0 B, total 327 MB, took 0.00 s
/home/mt/www/6.7/src/Core/Framework/Routing/RouteScopeWhitelistInterface.php
--- consumed 0 B, total 327 MB, took 0.00 s
/home/mt/www/6.7/src/Core/Framework/Routing/RouteScopeCheckTrait.php
--- consumed 0 B, total 327 MB, took 0.00 s
/home/mt/www/6.7/src/Core/Framework/Routing/SalesChannelRequestContextResolver.php
--- consumed 0 B, total 327 MB, took 0.11 s
/home/mt/www/6.7/src/Core/Framework/Routing/KernelListenerPriorities.php
--- consumed 0 B, total 327 MB, took 0.00 s
/home/mt/www/6.7/src/Core/Framework/Routing/RouteScope.php
--- consumed 0 B, total 327 MB, took 0.00 s
/home/mt/www/6.7/src/Core/Framework/Routing/RouteScopeRegistry.php
--- consumed 0 B, total 327 MB, took 0.01 s
/home/mt/www/6.7/src/Core/Framework/Routing/CoreSubscriber.php
--- consumed 0 B, total 327 MB, took 0.05 s
/home/mt/www/6.7/src/Core/Framework/Routing/MaintenanceModeResolver.php
--- consumed 0 B, total 327 MB, took 0.02 s
/home/mt/www/6.7/src/Core/Framework/Routing/Exception/CustomerNotLoggedInRoutingException.php
--- consumed 0 B, total 327 MB, took 0.00 s
/home/mt/www/6.7/src/Core/Framework/Routing/Exception/InvalidRouteScopeException.php
--- consumed 0 B, total 327 MB, took 0.01 s
/home/mt/www/6.7/src/Core/Framework/Routing/Exception/SalesChannelNotFoundException.php
--- consumed 0 B, total 327 MB, took 0.00 s
/home/mt/www/6.7/src/Core/Framework/Routing/ContextAwareCacheHeadersSubscriber.php
--- consumed 0 B, total 327 MB, took 0.01 s
/home/mt/www/6.7/src/Core/Framework/Routing/RequestTransformer.php
--- consumed 0 B, total 327 MB, took 0.00 s
/home/mt/www/6.7/src/Core/Framework/Routing/QueryDataBagResolver.php
--- consumed 0 B, total 327 MB, took 0.01 s
/home/mt/www/6.7/src/Core/Framework/Routing/Facade/RequestFacadeFactory.php
--- consumed 0 B, total 327 MB, took 0.01 s
/home/mt/www/6.7/src/Core/Framework/Routing/Facade/RequestFacade.php
--- consumed 0 B, total 327 MB, took 0.02 s
/home/mt/www/6.7/src/Core/Framework/Routing/SymfonyRouteScopeWhitelist.php
--- consumed 0 B, total 327 MB, took 0.00 s
/home/mt/www/6.7/src/Core/Framework/Routing/CanonicalRedirectService.php
--- consumed 0 B, total 327 MB, took 0.02 s
/home/mt/www/6.7/src/Core/Framework/Routing/ContextResolverListener.php
--- consumed 0 B, total 327 MB, took 0.01 s
/home/mt/www/6.7/src/Core/Framework/Routing/Annotation/CriteriaValueResolver.php
--- consumed 0 B, total 327 MB, took 0.01 s
/home/mt/www/6.7/src/Core/Framework/Routing/StoreApiRouteScope.php
--- consumed 0 B, total 327 MB, took 0.01 s
/home/mt/www/6.7/src/Core/Framework/Routing/AbstractRouteScope.php
--- consumed 0 B, total 327 MB, took 0.01 s
/home/mt/www/6.7/src/Core/Framework/Routing/RequestTransformerInterface.php
--- consumed 0 B, total 327 MB, took 0.00 s
/home/mt/www/6.7/src/Core/Framework/Routing/ApiRequestContextResolver.php
--- consumed 2 MB, total 329 MB, took 0.22 s
/home/mt/www/6.7/src/Core/Framework/Routing/RouteEventSubscriber.php
--- consumed 0 B, total 329 MB, took 0.04 s
/home/mt/www/6.7/src/Core/Framework/Routing/RoutingException.php
--- consumed 0 B, total 329 MB, took 0.03 s
/home/mt/www/6.7/src/Core/Framework/Routing/RouteScopeListener.php
--- consumed 0 B, total 329 MB, took 0.06 s
/home/mt/www/6.7/src/Core/Framework/Routing/ApiContextRouteScopeDependant.php
--- consumed 0 B, total 329 MB, took 0.00 s
/home/mt/www/6.7/src/Core/Framework/Routing/ApiRouteScope.php
--- consumed 0 B, total 329 MB, took 0.01 s
/home/mt/www/6.7/src/Core/Framework/Routing/RequestDataBagResolver.php
--- consumed 0 B, total 329 MB, took 0.01 s
/home/mt/www/6.7/src/Core/Framework/Routing/RequestContextResolverInterface.php
--- consumed 0 B, total 329 MB, took 0.00 s
/home/mt/www/6.7/src/Core/Framework/Routing/SalesChannelContextRouteScopeDependant.php
--- consumed 0 B, total 329 MB, took 0.00 s
/home/mt/www/6.7/src/Core/Framework/Routing/PaymentScopeWhitelist.php
--- consumed 0 B, total 329 MB, took 0.00 s
/home/mt/www/6.7/src/Core/Framework/Feature.php
--- consumed 2 MB, total 331 MB, took 0.25 s
/home/mt/www/6.7/src/Core/Framework/Demodata/Event/DemodataRequestCreatedEvent.php
--- consumed 2 MB, total 333 MB, took 0.01 s
/home/mt/www/6.7/src/Core/Framework/Demodata/DemodataException.php
--- consumed 0 B, total 333 MB, took 0.01 s
/home/mt/www/6.7/src/Core/Framework/Demodata/Faker/Commerce.php
--- consumed 4 MB, total 337 MB, took 0.13 s
/home/mt/www/6.7/src/Core/Framework/Demodata/Generator/ProductStreamGenerator.php
--- consumed 0 B, total 337 MB, took 0.07 s
/home/mt/www/6.7/src/Core/Framework/Demodata/Generator/FlowGenerator.php
--- consumed 4 MB, total 341 MB, took 0.41 s
/home/mt/www/6.7/src/Core/Framework/Demodata/Generator/PropertyGroupGenerator.php
--- consumed 0 B, total 341 MB, took 0.24 s
/home/mt/www/6.7/src/Core/Framework/Demodata/Generator/ProductGenerator.php
--- consumed 2 MB, total 343 MB, took 0.53 s
/home/mt/www/6.7/src/Core/Framework/Demodata/Generator/CategoryGenerator.php
--- consumed 2 MB, total 345 MB, took 0.17 s
/home/mt/www/6.7/src/Core/Framework/Demodata/Generator/MailHeaderFooterGenerator.php
--- consumed 0 B, total 345 MB, took 0.08 s
/home/mt/www/6.7/src/Core/Framework/Demodata/Generator/PromotionGenerator.php
--- consumed 2 MB, total 347 MB, took 0.10 s
/home/mt/www/6.7/src/Core/Framework/Demodata/Generator/ProductReviewGenerator.php
--- consumed 0 B, total 347 MB, took 0.06 s
/home/mt/www/6.7/src/Core/Framework/Demodata/Generator/TagGenerator.php
--- consumed 0 B, total 347 MB, took 0.02 s
/home/mt/www/6.7/src/Core/Framework/Demodata/Generator/CustomFieldGenerator.php
--- consumed 0 B, total 347 MB, took 0.12 s
/home/mt/www/6.7/src/Core/Framework/Demodata/Generator/RuleGenerator.php
--- consumed 2 MB, total 349 MB, took 0.16 s
/home/mt/www/6.7/src/Core/Framework/Demodata/Generator/SalesChannelDomainGenerator.php
--- consumed 2 MB, total 351 MB, took 0.15 s
/home/mt/www/6.7/src/Core/Framework/Demodata/Generator/UserGenerator.php
--- consumed 0 B, total 351 MB, took 0.05 s
/home/mt/www/6.7/src/Core/Framework/Demodata/Generator/OrderGenerator.php
--- consumed 2 MB, total 353 MB, took 0.15 s
/home/mt/www/6.7/src/Core/Framework/Demodata/Generator/MediaGenerator.php
--- consumed 4 MB, total 357 MB, took 0.15 s
/home/mt/www/6.7/src/Core/Framework/Demodata/Generator/ProductManufacturerGenerator.php
--- consumed 0 B, total 357 MB, took 0.02 s
/home/mt/www/6.7/src/Core/Framework/Demodata/Generator/CustomerGenerator.php
--- consumed 2 MB, total 359 MB, took 0.14 s
/home/mt/www/6.7/src/Core/Framework/Demodata/Generator/MailTemplateGenerator.php
--- consumed 0 B, total 359 MB, took 0.09 s
/home/mt/www/6.7/src/Core/Framework/Demodata/DemodataService.php
--- consumed 0 B, total 359 MB, took 0.04 s
/home/mt/www/6.7/src/Core/Framework/Demodata/PersonalData/CleanPersonalDataCommand.php
--- consumed 0 B, total 359 MB, took 0.06 s
/home/mt/www/6.7/src/Core/Framework/Demodata/DemodataRequest.php
--- consumed 0 B, total 359 MB, took 0.01 s
/home/mt/www/6.7/src/Core/Framework/Demodata/Command/DemodataCommand.php
--- consumed 0 B, total 359 MB, took 0.08 s
/home/mt/www/6.7/src/Core/Framework/Demodata/DemodataGeneratorInterface.php
--- consumed 0 B, total 359 MB, took 0.00 s
/home/mt/www/6.7/src/Core/Framework/Demodata/DemodataContext.php
--- consumed 0 B, total 359 MB, took 0.03 s
/home/mt/www/6.7/src/Core/Framework/Update/Api/UpdateController.php
--- consumed 0 B, total 359 MB, took 0.13 s
/home/mt/www/6.7/src/Core/Framework/Update/Event/UpdatePostPrepareEvent.php
--- consumed 0 B, total 359 MB, took 0.00 s
/home/mt/www/6.7/src/Core/Framework/Update/Event/UpdatePostFinishEvent.php
--- consumed 0 B, total 359 MB, took 0.01 s
/home/mt/www/6.7/src/Core/Framework/Update/Event/UpdateEvent.php
--- consumed 0 B, total 359 MB, took 0.00 s
/home/mt/www/6.7/src/Core/Framework/Update/Event/ExtensionCompatibilitiesResolvedEvent.php
--- consumed 0 B, total 359 MB, took 0.01 s
/home/mt/www/6.7/src/Core/Framework/Update/Event/UpdatePrePrepareEvent.php
--- consumed 0 B, total 359 MB, took 0.00 s
/home/mt/www/6.7/src/Core/Framework/Update/Event/UpdatePreFinishEvent.php
--- consumed 0 B, total 359 MB, took 0.00 s
/home/mt/www/6.7/src/Core/Framework/Update/Checkers/WriteableCheck.php
--- consumed 0 B, total 359 MB, took 0.01 s
/home/mt/www/6.7/src/Core/Framework/Update/Checkers/LicenseCheck.php
--- consumed 2 MB, total 361 MB, took 0.02 s
/home/mt/www/6.7/src/Core/Framework/Update/Steps/ValidResult.php
--- consumed 0 B, total 361 MB, took 0.00 s
/home/mt/www/6.7/src/Core/Framework/Update/Steps/DeactivateExtensionsStep.php
--- consumed 0 B, total 361 MB, took 0.02 s
/home/mt/www/6.7/src/Core/Framework/Update/Subscriber/UpdateSubscriber.php
--- consumed 0 B, total 361 MB, took 0.01 s
/home/mt/www/6.7/src/Core/Framework/Update/Struct/Version.php
--- consumed 0 B, total 361 MB, took 0.01 s
/home/mt/www/6.7/src/Core/Framework/Update/Struct/ValidationResult.php
--- consumed 0 B, total 361 MB, took 0.00 s
/home/mt/www/6.7/src/Core/Framework/Update/Services/UpdateHtaccess.php
--- consumed 2 MB, total 363 MB, took 0.10 s
/home/mt/www/6.7/src/Core/Framework/Update/Services/ExtensionCompatibility.php
--- consumed 0 B, total 363 MB, took 0.08 s
/home/mt/www/6.7/src/Core/Framework/Update/Services/Filesystem.php
--- consumed 0 B, total 363 MB, took 0.02 s
/home/mt/www/6.7/src/Core/Framework/Update/Services/ApiClient.php
--- consumed 0 B, total 363 MB, took 0.06 s
/home/mt/www/6.7/src/Core/Framework/Rule/ScriptRule.php
--- consumed 0 B, total 363 MB, took 0.10 s
/home/mt/www/6.7/src/Core/Framework/Rule/Api/RuleConfigController.php
--- consumed 0 B, total 363 MB, took 0.02 s
/home/mt/www/6.7/src/Core/Framework/Rule/SimpleRule.php
--- consumed 0 B, total 363 MB, took 0.01 s
/home/mt/www/6.7/src/Core/Framework/Rule/FlowRule.php
--- consumed 0 B, total 363 MB, took 0.00 s
/home/mt/www/6.7/src/Core/Framework/Rule/SalesChannelRule.php
--- consumed 2 MB, total 365 MB, took 0.03 s
/home/mt/www/6.7/src/Core/Framework/Rule/RuleComparison.php
--- consumed 0 B, total 365 MB, took 0.04 s
/home/mt/www/6.7/src/Core/Framework/Rule/Exception/UnsupportedOperatorException.php
--- consumed 0 B, total 365 MB, took 0.01 s
/home/mt/www/6.7/src/Core/Framework/Rule/Exception/UnsupportedValueException.php
--- consumed 0 B, total 365 MB, took 0.02 s
/home/mt/www/6.7/src/Core/Framework/Rule/Exception/InvalidConditionException.php
--- consumed 0 B, total 365 MB, took 0.00 s
/home/mt/www/6.7/src/Core/Framework/Rule/RuleConstraints.php
--- consumed 0 B, total 365 MB, took 0.04 s
/home/mt/www/6.7/src/Core/Framework/Rule/RuleException.php
--- consumed 0 B, total 365 MB, took 0.02 s
/home/mt/www/6.7/src/Core/Framework/Rule/Rule.php
--- consumed 0 B, total 365 MB, took 0.02 s
/home/mt/www/6.7/src/Core/Framework/Rule/DateRangeRule.php
--- consumed 0 B, total 365 MB, took 0.04 s
/home/mt/www/6.7/src/Core/Framework/Rule/RuleIdMatcher.php
--- consumed 0 B, total 365 MB, took 0.03 s
/home/mt/www/6.7/src/Core/Framework/Rule/Container/ContainerInterface.php
--- consumed 0 B, total 365 MB, took 0.00 s
/home/mt/www/6.7/src/Core/Framework/Rule/Container/OrRule.php
--- consumed 0 B, total 365 MB, took 0.01 s
/home/mt/www/6.7/src/Core/Framework/Rule/Container/FilterRule.php
--- consumed 0 B, total 365 MB, took 0.01 s
/home/mt/www/6.7/src/Core/Framework/Rule/Container/MatchAllLineItemsRule.php
--- consumed 2 MB, total 367 MB, took 0.08 s
/home/mt/www/6.7/src/Core/Framework/Rule/Container/DaysSinceRule.php
--- consumed 0 B, total 367 MB, took 0.03 s
/home/mt/www/6.7/src/Core/Framework/Rule/Container/NotRule.php
--- consumed 0 B, total 367 MB, took 0.02 s
/home/mt/www/6.7/src/Core/Framework/Rule/Container/ZipCodeRule.php
--- consumed 0 B, total 367 MB, took 0.17 s
/home/mt/www/6.7/src/Core/Framework/Rule/Container/AndRule.php
--- consumed 0 B, total 367 MB, took 0.01 s
/home/mt/www/6.7/src/Core/Framework/Rule/Container/Container.php
--- consumed 0 B, total 367 MB, took 0.01 s
/home/mt/www/6.7/src/Core/Framework/Rule/Container/XorRule.php
--- consumed 0 B, total 367 MB, took 0.01 s
/home/mt/www/6.7/src/Core/Framework/Rule/CustomFieldRule.php
--- consumed 0 B, total 367 MB, took 0.09 s
/home/mt/www/6.7/src/Core/Framework/Rule/TimeRangeRule.php
--- consumed 0 B, total 367 MB, took 0.04 s
/home/mt/www/6.7/src/Core/Framework/Rule/RuleScope.php
--- consumed 0 B, total 367 MB, took 0.00 s
/home/mt/www/6.7/src/Core/Framework/Rule/RuleCollection.php
--- consumed 0 B, total 367 MB, took 0.03 s
/home/mt/www/6.7/src/Core/Framework/Rule/WeekdayRule.php
--- consumed 2 MB, total 369 MB, took 0.02 s
/home/mt/www/6.7/src/Core/Framework/Rule/RuleConfig.php
--- consumed 0 B, total 369 MB, took 0.05 s
/home/mt/www/6.7/src/Core/Framework/Rule/Collector/RuleConditionRegistry.php
--- consumed 2 MB, total 371 MB, took 0.03 s
/home/mt/www/6.7/src/Core/Framework/RateLimiter/Policy/TimeBackoff.php
--- consumed 0 B, total 371 MB, took 0.09 s
/home/mt/www/6.7/src/Core/Framework/RateLimiter/Policy/TimeBackoffLimiter.php
--- consumed 0 B, total 371 MB, took 0.04 s
/home/mt/www/6.7/src/Core/Framework/RateLimiter/Policy/SystemConfigLimiter.php
--- consumed 0 B, total 371 MB, took 0.03 s
/home/mt/www/6.7/src/Core/Framework/RateLimiter/NoLimitRateLimiterFactory.php
--- consumed 0 B, total 371 MB, took 0.01 s
/home/mt/www/6.7/src/Core/Framework/RateLimiter/Exception/RateLimitExceededException.php
--- consumed 0 B, total 371 MB, took 0.01 s
/home/mt/www/6.7/src/Core/Framework/RateLimiter/RateLimiterException.php
--- consumed 0 B, total 371 MB, took 0.01 s
/home/mt/www/6.7/src/Core/Framework/RateLimiter/RateLimiter.php
--- consumed 0 B, total 371 MB, took 0.02 s
/home/mt/www/6.7/src/Core/Framework/RateLimiter/RateLimiterFactory.php
--- consumed 0 B, total 371 MB, took 0.06 s
/home/mt/www/6.7/src/Core/Framework/Feature/Event/BeforeFeatureFlagToggleEvent.php
--- consumed 0 B, total 371 MB, took 0.00 s
/home/mt/www/6.7/src/Core/Framework/Feature/Event/FeatureFlagToggledEvent.php
--- consumed 0 B, total 371 MB, took 0.00 s
/home/mt/www/6.7/src/Core/Framework/Feature/FeatureException.php
--- consumed 0 B, total 371 MB, took 0.01 s
/home/mt/www/6.7/src/Core/Framework/Feature/FeatureFlagRegistry.php
--- consumed 0 B, total 371 MB, took 0.04 s
/home/mt/www/6.7/src/Core/Framework/Feature/Exception/FeatureActiveException.php
--- consumed 0 B, total 371 MB, took 0.01 s
/home/mt/www/6.7/src/Core/Framework/Feature/Exception/FeatureNotActiveException.php
--- consumed 0 B, total 371 MB, took 0.01 s
/home/mt/www/6.7/src/Core/Framework/Feature/Command/FeatureDisableCommand.php
--- consumed 0 B, total 371 MB, took 0.02 s
/home/mt/www/6.7/src/Core/Framework/Feature/Command/FeatureDumpCommand.php
--- consumed 0 B, total 371 MB, took 0.01 s
/home/mt/www/6.7/src/Core/Framework/Feature/Command/FeatureEnableCommand.php
--- consumed 0 B, total 371 MB, took 0.02 s
/home/mt/www/6.7/src/Core/Framework/Feature/Command/FeatureListCommand.php
--- consumed 0 B, total 371 MB, took 0.02 s
/home/mt/www/6.7/src/Core/Framework/Test/Api/Serializer/AssertValuesTrait.php
--- consumed 0 B, total 371 MB, took 0.00 s
/home/mt/www/6.7/src/Core/Framework/Test/Api/Acl/fixtures/AclTestController.php
--- consumed 0 B, total 371 MB, took 0.00 s
/home/mt/www/6.7/src/Core/Framework/Test/Telemetry/Transport/TraceableTransport.php
--- consumed 0 B, total 371 MB, took 0.01 s
/home/mt/www/6.7/src/Core/Framework/Test/Telemetry/Factory/TraceableTransportFactory.php
--- consumed 0 B, total 371 MB, took 0.00 s
/home/mt/www/6.7/src/Core/Framework/Test/Plugin/PluginIntegrationTestBehaviour.php
--- consumed 0 B, total 371 MB, took 0.01 s
/home/mt/www/6.7/src/Core/Framework/Test/Plugin/_fixture/plugins/SwagTestExecuteComposerCommands/src/SwagTestExecuteComposerCommands.php
--- consumed 0 B, total 371 MB, took 0.00 s
/home/mt/www/6.7/src/Core/Framework/Test/Plugin/_fixture/plugins/SwagTestNotSupportedVersion/src/SwagTestNotSupportedVersion.php
--- consumed 0 B, total 371 MB, took 0.00 s
/home/mt/www/6.7/src/Core/Framework/Test/Plugin/_fixture/plugins/SwagTestPluginAcl/src/SwagTestPluginAclOpenToAllRead.php
--- consumed 0 B, total 371 MB, took 0.00 s
/home/mt/www/6.7/src/Core/Framework/Test/Plugin/_fixture/plugins/SwagTestPluginAcl/src/SwagTestPluginAclAdditionalProductViewer.php
--- consumed 0 B, total 371 MB, took 0.00 s
/home/mt/www/6.7/src/Core/Framework/Test/Plugin/_fixture/plugins/SwagTestPluginAcl/src/SwagTestPluginAclProductViewer.php
--- consumed 0 B, total 371 MB, took 0.00 s
/home/mt/www/6.7/src/Core/Framework/Test/Plugin/_fixture/plugins/SwagTestPluginAcl/src/SwagTestPluginAclProductWriter.php
--- consumed 0 B, total 371 MB, took 0.00 s
/home/mt/www/6.7/src/Core/Framework/Test/Plugin/_fixture/plugins/SwagManualMigrationTestPlugin/src/SwagManualMigrationTestPlugin.php
--- consumed 0 B, total 371 MB, took 0.01 s
/home/mt/www/6.7/src/Core/Framework/Test/Plugin/_fixture/plugins/SwagManualMigrationTestPlugin/src/Migration/Migration1.php
--- consumed 0 B, total 371 MB, took 0.00 s
/home/mt/www/6.7/src/Core/Framework/Test/Plugin/_fixture/plugins/SwagManualMigrationTestPlugin/src/Migration/Migration2.php
--- consumed 0 B, total 371 MB, took 0.00 s
/home/mt/www/6.7/src/Core/Framework/Test/Plugin/_fixture/plugins/SwagManualMigrationTestPlugin/src/Migration/Migration4.php
--- consumed 0 B, total 371 MB, took 0.00 s
/home/mt/www/6.7/src/Core/Framework/Test/Plugin/_fixture/plugins/SwagManualMigrationTestPlugin/src/Migration/Migration3.php
--- consumed 0 B, total 371 MB, took 0.00 s
/home/mt/www/6.7/src/Core/Framework/Test/Plugin/_fixture/plugins/SwagTestSkipRebuild/src/SwagTestSkipRebuild.php
--- consumed 0 B, total 371 MB, took 0.02 s
/home/mt/www/6.7/src/Core/Framework/Test/Plugin/_fixture/plugins/SwagTestSkipRebuild/src/SwagTestSkipRebuildSubscriber.php
--- consumed 0 B, total 371 MB, took 0.01 s
/home/mt/www/6.7/src/Core/Framework/Test/Plugin/_fixture/plugins/SwagTestWithBundle/src/SwagTestWithBundle.php
--- consumed 0 B, total 371 MB, took 0.01 s
/home/mt/www/6.7/src/Core/Framework/Test/Plugin/_fixture/plugins/SwagTestShipsVendorDirectory/vendor/composer/ClassLoader.php
--- consumed 0 B, total 371 MB, took 0.18 s
/home/mt/www/6.7/src/Core/Framework/Test/Plugin/_fixture/plugins/SwagTestShipsVendorDirectory/vendor/composer/autoload_static.php
--- consumed 0 B, total 371 MB, took 0.01 s
/home/mt/www/6.7/src/Core/Framework/Test/Plugin/_fixture/plugins/SwagTestShipsVendorDirectory/vendor/composer/installed.php
--- consumed 0 B, total 371 MB, took 0.00 s
/home/mt/www/6.7/src/Core/Framework/Test/Plugin/_fixture/plugins/SwagTestShipsVendorDirectory/vendor/composer/autoload_real.php
--- consumed 0 B, total 371 MB, took 0.01 s
/home/mt/www/6.7/src/Core/Framework/Test/Plugin/_fixture/plugins/SwagTestShipsVendorDirectory/vendor/autoload.php
--- consumed 0 B, total 371 MB, took 0.00 s
/home/mt/www/6.7/src/Core/Framework/Test/Plugin/_fixture/plugins/SwagTestShipsVendorDirectory/src/SwagTestShipsVendorDirectory.php
--- consumed 0 B, total 371 MB, took 0.00 s
/home/mt/www/6.7/src/Core/Framework/Test/Plugin/_fixture/plugins/SwagTestPlugin/src/SwagTestTaskHandler.php
--- consumed 0 B, total 371 MB, took 0.01 s
/home/mt/www/6.7/src/Core/Framework/Test/Plugin/_fixture/plugins/SwagTestPlugin/src/SwagTestSubscriber.php
--- consumed 0 B, total 371 MB, took 0.01 s
/home/mt/www/6.7/src/Core/Framework/Test/Plugin/_fixture/plugins/SwagTestPlugin/src/SwagTestTask.php
--- consumed 0 B, total 371 MB, took 0.00 s
/home/mt/www/6.7/src/Core/Framework/Test/Plugin/_fixture/plugins/SwagTestPlugin/src/SwagTestPlugin.php
--- consumed 0 B, total 371 MB, took 0.02 s
/home/mt/www/6.7/src/Core/Framework/Test/Plugin/_fixture/plugins/SwagTestPlugin/src/Migration/Migration1536761533TestMigration.php
--- consumed 0 B, total 371 MB, took 0.01 s
/home/mt/www/6.7/src/Core/Framework/Test/Plugin/_fixture/plugins/SwagTestPlugin/src/SwagTestFake.php
--- consumed 0 B, total 371 MB, took 0.00 s
/home/mt/www/6.7/src/Core/Framework/Test/Plugin/_fixture/plugins/SwagTestExtension/src/SwagTestExtension.php
--- consumed 0 B, total 371 MB, took 0.00 s
/home/mt/www/6.7/src/Core/Framework/Test/Plugin/_fixture/plugins/SwagTestWithoutConfig/src/SwagTestWithoutConfig.php
--- consumed 0 B, total 371 MB, took 0.00 s
/home/mt/www/6.7/src/Core/Framework/Test/Plugin/_fixture/plugins/SwagTestNoExtraLabelProperty/src/SwagTestNoExtraLabelProperty.php
--- consumed 0 B, total 371 MB, took 0.00 s
/home/mt/www/6.7/src/Core/Framework/Test/Plugin/_fixture/plugins/SwagTestTheme/src/SwagTestTheme.php
--- consumed 0 B, total 371 MB, took 0.00 s
/home/mt/www/6.7/src/Core/Framework/Test/Plugin/_fixture/plugins/SwagTestErrors/src/SwagTestErrors.php
--- consumed 0 B, total 371 MB, took 0.00 s
/home/mt/www/6.7/src/Core/Framework/Test/Plugin/_fixture/plugins/SwagTestNoDefaultLang/src/SwagTestNoDefaultLang.php
--- consumed 0 B, total 371 MB, took 0.01 s
/home/mt/www/6.7/src/Core/Framework/Test/Plugin/_fixture/bundles/FooBarBundle.php
--- consumed 0 B, total 371 MB, took 0.00 s
/home/mt/www/6.7/src/Core/Framework/Test/Plugin/_fixture/bundles/GizmoBundle.php
--- consumed 0 B, total 371 MB, took 0.00 s
/home/mt/www/6.7/src/Core/Framework/Test/Plugin/PluginTestsHelper.php
--- consumed 0 B, total 371 MB, took 0.00 s
/home/mt/www/6.7/src/Core/Framework/Test/Plugin/Requirement/_fixture/SwagRequirementValidTestExtension/src/SwagRequirementValidTestExtension.php
--- consumed 0 B, total 371 MB, took 0.00 s
/home/mt/www/6.7/src/Core/Framework/Test/TestCaseBase/TranslationTestBehaviour.php
--- consumed 0 B, total 371 MB, took 0.01 s
/home/mt/www/6.7/src/Core/Framework/Test/TestCaseBase/QueueTestBehaviour.php
--- consumed 0 B, total 371 MB, took 0.01 s
/home/mt/www/6.7/src/Core/Framework/Test/TestCaseBase/FilesystemBehaviour.php
--- consumed 0 B, total 371 MB, took 0.00 s
/home/mt/www/6.7/src/Core/Framework/Test/TestCaseBase/TaxAddToSalesChannelTestBehaviour.php
--- consumed 0 B, total 371 MB, took 0.00 s
/home/mt/www/6.7/src/Core/Framework/Test/TestCaseBase/DatabaseTransactionBehaviour.php
--- consumed 0 B, total 371 MB, took 0.00 s
/home/mt/www/6.7/src/Core/Framework/Test/TestCaseBase/AdminFunctionalTestBehaviour.php
--- consumed 0 B, total 371 MB, took 0.00 s
/home/mt/www/6.7/src/Core/Framework/Test/TestCaseBase/EventDispatcherWrapper.php
--- consumed 0 B, total 371 MB, took 0.01 s
/home/mt/www/6.7/src/Core/Framework/Test/TestCaseBase/IntegrationTestBehaviour.php
--- consumed 0 B, total 371 MB, took 0.00 s
/home/mt/www/6.7/src/Core/Framework/Test/TestCaseBase/BasicTestDataBehaviour.php
--- consumed 0 B, total 371 MB, took 0.01 s
/home/mt/www/6.7/src/Core/Framework/Test/TestCaseBase/AdminApiTestBehaviour.php
--- consumed 0 B, total 371 MB, took 0.01 s
/home/mt/www/6.7/src/Core/Framework/Test/TestCaseBase/SalesChannelFunctionalTestBehaviour.php
--- consumed 0 B, total 371 MB, took 0.00 s
/home/mt/www/6.7/src/Core/Framework/Test/TestCaseBase/RequestStackTestBehaviour.php
--- consumed 0 B, total 371 MB, took 0.00 s
/home/mt/www/6.7/src/Core/Framework/Test/TestCaseBase/KernelLifecycleManager.php
--- consumed 2 MB, total 373 MB, took 0.13 s
/home/mt/www/6.7/src/Core/Framework/Test/TestCaseBase/KernelTestBehaviour.php
--- consumed 0 B, total 373 MB, took 0.00 s
/home/mt/www/6.7/src/Core/Framework/Test/TestCaseBase/EnvTestBehaviour.php
--- consumed 0 B, total 373 MB, took 0.00 s
/home/mt/www/6.7/src/Core/Framework/Test/TestCaseBase/SalesChannelApiTestBehaviour.php
--- consumed 0 B, total 373 MB, took 0.02 s
/home/mt/www/6.7/src/Core/Framework/Test/TestCaseBase/SessionTestBehaviour.php
--- consumed 0 B, total 373 MB, took 0.00 s
/home/mt/www/6.7/src/Core/Framework/Test/TestCaseBase/MailTemplateTestBehaviour.php
--- consumed 0 B, total 373 MB, took 0.00 s
/home/mt/www/6.7/src/Core/Framework/Test/TestCaseBase/EventDispatcherBehaviour.php
--- consumed 0 B, total 373 MB, took 0.00 s
/home/mt/www/6.7/src/Core/Framework/Test/TestCaseBase/CacheTestBehaviour.php
--- consumed 0 B, total 373 MB, took 0.00 s
/home/mt/www/6.7/src/Core/Framework/Test/TestCaseBase/CountryAddToSalesChannelTestBehaviour.php
--- consumed 0 B, total 373 MB, took 0.00 s
/home/mt/www/6.7/src/Core/Framework/Test/TestBundle.php
--- consumed 0 B, total 373 MB, took 0.01 s
/home/mt/www/6.7/src/Core/Framework/Test/RateLimiter/DisableRateLimiterCompilerPass.php
--- consumed 0 B, total 373 MB, took 0.01 s
/home/mt/www/6.7/src/Core/Framework/Test/RateLimiter/RateLimiterTestTrait.php
--- consumed 0 B, total 373 MB, took 0.00 s
/home/mt/www/6.7/src/Core/Framework/Test/TestSessionStorage.php
--- consumed 0 B, total 373 MB, took 0.05 s
/home/mt/www/6.7/src/Core/Framework/Test/Seo/StorefrontSalesChannelTestHelper.php
--- consumed 0 B, total 373 MB, took 0.01 s
/home/mt/www/6.7/src/Core/Framework/Test/TestKernel.php
--- consumed 0 B, total 373 MB, took 0.01 s
/home/mt/www/6.7/src/Core/Framework/Test/MessageQueue/fixtures/FooMessage.php
--- consumed 0 B, total 373 MB, took 0.00 s
/home/mt/www/6.7/src/Core/Framework/Test/MessageQueue/fixtures/BarMessage.php
--- consumed 0 B, total 373 MB, took 0.00 s
/home/mt/www/6.7/src/Core/Framework/Test/MessageQueue/fixtures/TestMessageHandler.php
--- consumed 0 B, total 373 MB, took 0.00 s
/home/mt/www/6.7/src/Core/Framework/Test/TestCacheClearer.php
--- consumed 0 B, total 373 MB, took 0.01 s
/home/mt/www/6.7/src/Core/Framework/Test/TestSessionStorageFactory.php
--- consumed 0 B, total 373 MB, took 0.00 s
/home/mt/www/6.7/src/Core/Framework/Test/Script/Execution/StoppableTestHook.php
--- consumed 0 B, total 373 MB, took 0.01 s
/home/mt/www/6.7/src/Core/Framework/Test/Script/Execution/FunctionWillBeRequiredTestHook.php
--- consumed 0 B, total 373 MB, took 0.01 s
/home/mt/www/6.7/src/Core/Framework/Test/Script/Execution/TestHook.php
--- consumed 0 B, total 373 MB, took 0.01 s
/home/mt/www/6.7/src/Core/Framework/Test/Script/Execution/DeprecatedTestHook.php
--- consumed 0 B, total 373 MB, took 0.00 s
/home/mt/www/6.7/src/Core/Framework/Test/Script/Execution/SalesChannelTestHook.php
--- consumed 0 B, total 373 MB, took 0.01 s
/home/mt/www/6.7/src/Core/Framework/Test/Filesystem/Adapter/MemoryAdapterFactory.php
--- consumed 0 B, total 373 MB, took 0.02 s
/home/mt/www/6.7/src/Core/Framework/Test/Webhook/_fixtures/BusinessEvents/CollectionBusinessEvent.php
--- consumed 0 B, total 373 MB, took 0.03 s
/home/mt/www/6.7/src/Core/Framework/Test/Webhook/_fixtures/BusinessEvents/InvalidTypeBusinessEvent.php
--- consumed 0 B, total 373 MB, took 0.01 s
/home/mt/www/6.7/src/Core/Framework/Test/Webhook/_fixtures/BusinessEvents/StructuredObjectBusinessEvent.php
--- consumed 0 B, total 373 MB, took 0.01 s
/home/mt/www/6.7/src/Core/Framework/Test/Webhook/_fixtures/BusinessEvents/StructuredArrayObjectBusinessEvent.php
--- consumed 0 B, total 373 MB, took 0.01 s
/home/mt/www/6.7/src/Core/Framework/Test/Webhook/_fixtures/BusinessEvents/ArrayBusinessEvent.php
--- consumed 0 B, total 373 MB, took 0.03 s
/home/mt/www/6.7/src/Core/Framework/Test/Webhook/_fixtures/BusinessEvents/InvalidEventType.php
--- consumed 0 B, total 373 MB, took 0.00 s
/home/mt/www/6.7/src/Core/Framework/Test/Webhook/_fixtures/BusinessEvents/InvalidAvailableDataBusinessEvent.php
--- consumed 0 B, total 373 MB, took 0.00 s
/home/mt/www/6.7/src/Core/Framework/Test/Webhook/_fixtures/BusinessEvents/EntityBusinessEvent.php
--- consumed 0 B, total 373 MB, took 0.01 s
/home/mt/www/6.7/src/Core/Framework/Test/Webhook/_fixtures/BusinessEvents/UnstructuredObjectBusinessEvent.php
--- consumed 0 B, total 373 MB, took 0.01 s
/home/mt/www/6.7/src/Core/Framework/Test/Webhook/_fixtures/BusinessEvents/NestedEntityBusinessEvent.php
--- consumed 0 B, total 373 MB, took 0.01 s
/home/mt/www/6.7/src/Core/Framework/Test/Webhook/_fixtures/BusinessEvents/BusinessEventEncoderTestInterface.php
--- consumed 0 B, total 373 MB, took 0.00 s
/home/mt/www/6.7/src/Core/Framework/Test/Webhook/_fixtures/BusinessEvents/ScalarBusinessEvent.php
--- consumed 0 B, total 373 MB, took 0.01 s
/home/mt/www/6.7/src/Core/Framework/Test/Logging/Event/LogAwareTestFlowEvent.php
--- consumed 0 B, total 373 MB, took 0.01 s
/home/mt/www/6.7/src/Core/Framework/Test/Migration/MigrationTestBehaviour.php
--- consumed 0 B, total 373 MB, took 0.00 s
/home/mt/www/6.7/src/Core/Framework/Test/Migration/_test_migrations_valid_run_time/Migration1.php
--- consumed 0 B, total 373 MB, took 0.00 s
/home/mt/www/6.7/src/Core/Framework/Test/Migration/_test_migrations_valid_run_time/Migration2.php
--- consumed 0 B, total 373 MB, took 0.00 s
/home/mt/www/6.7/src/Core/Framework/Test/Migration/_test_migrations_valid_run_time_exceptions/Migration1.php
--- consumed 0 B, total 373 MB, took 0.00 s
/home/mt/www/6.7/src/Core/Framework/Test/Migration/_test_migrations_valid_run_time_exceptions/Migration2.php
--- consumed 0 B, total 373 MB, took 0.00 s
/home/mt/www/6.7/src/Core/Framework/Test/Migration/_test_migrations_valid/Migration1.php
--- consumed 0 B, total 373 MB, took 0.00 s
/home/mt/www/6.7/src/Core/Framework/Test/Migration/_test_migrations_valid/Foo.php
--- consumed 0 B, total 373 MB, took 0.00 s
/home/mt/www/6.7/src/Core/Framework/Test/Migration/_test_migrations_valid/Migration2.php
--- consumed 0 B, total 373 MB, took 0.00 s
/home/mt/www/6.7/src/Core/Framework/Test/Migration/_test_migrations_invalid_namespace/Migration1WithoutANamespace.php
--- consumed 0 B, total 373 MB, took 0.00 s
/home/mt/www/6.7/src/Core/Framework/Test/TestCaseHelper/ReflectionHelper.php
--- consumed 0 B, total 373 MB, took 0.03 s
/home/mt/www/6.7/src/Core/Framework/Test/TestCaseHelper/TestBrowser.php
--- consumed 2 MB, total 375 MB, took 0.04 s
/home/mt/www/6.7/src/Core/Framework/Test/TestCaseHelper/CallableClass.php
--- consumed 0 B, total 375 MB, took 0.00 s
/home/mt/www/6.7/src/Core/Framework/Test/TestCaseHelper/ExtensionHelper.php
--- consumed 8 MB, total 383 MB, took 0.10 s
/home/mt/www/6.7/src/Core/Framework/Test/TestCaseHelper/AssertResponseHelper.php
--- consumed 0 B, total 383 MB, took 0.01 s
/home/mt/www/6.7/src/Core/Framework/Test/TestCaseHelper/StopWorkerWhenIdleListener.php
--- consumed 0 B, total 383 MB, took 0.01 s
/home/mt/www/6.7/src/Core/Framework/Test/TestCaseHelper/TestUser.php
--- consumed 0 B, total 383 MB, took 0.05 s
/home/mt/www/6.7/src/Core/Framework/Test/DataAbstractionLayer/Search/Definition/MultiFkFieldPrimaryTestDefinition.php
--- consumed 0 B, total 383 MB, took 0.01 s
/home/mt/www/6.7/src/Core/Framework/Test/DataAbstractionLayer/Search/Definition/GroupByTestDefinition.php
--- consumed 0 B, total 383 MB, took 0.01 s
/home/mt/www/6.7/src/Core/Framework/Test/DataAbstractionLayer/Search/Definition/FkFieldPrimaryTestDefinition.php
--- consumed 0 B, total 383 MB, took 0.01 s
/home/mt/www/6.7/src/Core/Framework/Test/DataAbstractionLayer/Search/TestAggregation.php
--- consumed 0 B, total 383 MB, took 0.00 s
/home/mt/www/6.7/src/Core/Framework/Test/DataAbstractionLayer/Search/Util/DateHistogramCase.php
--- consumed 0 B, total 383 MB, took 0.01 s
/home/mt/www/6.7/src/Core/Framework/Test/DataAbstractionLayer/Write/Entity/DefaultsChildTranslationDefinition.php
--- consumed 0 B, total 383 MB, took 0.01 s
/home/mt/www/6.7/src/Core/Framework/Test/DataAbstractionLayer/Write/Entity/DefaultsDefinition.php
--- consumed 0 B, total 383 MB, took 0.01 s
/home/mt/www/6.7/src/Core/Framework/Test/DataAbstractionLayer/Write/Entity/DefaultsChildDefinition.php
--- consumed 0 B, total 383 MB, took 0.01 s
/home/mt/www/6.7/src/Core/Framework/Test/DataAbstractionLayer/Write/NonUuidFkField/NonUuidFkFieldSerializer.php
--- consumed 0 B, total 383 MB, took 0.02 s
/home/mt/www/6.7/src/Core/Framework/Test/DataAbstractionLayer/Write/NonUuidFkField/NonUuidFkField.php
--- consumed 0 B, total 383 MB, took 0.00 s
/home/mt/www/6.7/src/Core/Framework/Test/DataAbstractionLayer/Write/NonUuidFkField/TestEntityTwoDefinition.php
--- consumed 0 B, total 383 MB, took 0.01 s
/home/mt/www/6.7/src/Core/Framework/Test/DataAbstractionLayer/Write/NonUuidFkField/TestEntityOneDefinition.php
--- consumed 0 B, total 383 MB, took 0.01 s
/home/mt/www/6.7/src/Core/Framework/Test/DataAbstractionLayer/Write/Validation/TestDefinition/TestDefinition.php
--- consumed 0 B, total 383 MB, took 0.01 s
/home/mt/www/6.7/src/Core/Framework/Test/DataAbstractionLayer/Write/Validation/TestDefinition/TestTranslationDefinition.php
--- consumed 0 B, total 383 MB, took 0.01 s
/home/mt/www/6.7/src/Core/Framework/Test/DataAbstractionLayer/EntityProtection/_fixtures/SystemConfigExtension.php
--- consumed 0 B, total 383 MB, took 0.01 s
/home/mt/www/6.7/src/Core/Framework/Test/DataAbstractionLayer/EntityProtection/_fixtures/PluginProtectionExtension.php
--- consumed 0 B, total 383 MB, took 0.01 s
/home/mt/www/6.7/src/Core/Framework/Test/DataAbstractionLayer/EntityProtection/_fixtures/UserAccessKeyExtension.php
--- consumed 0 B, total 383 MB, took 0.01 s
/home/mt/www/6.7/src/Core/Framework/Test/DataAbstractionLayer/Field/TestDefinition/ConsistsOfManyToManyDefinition.php
--- consumed 0 B, total 383 MB, took 0.02 s
/home/mt/www/6.7/src/Core/Framework/Test/DataAbstractionLayer/Field/TestDefinition/ExtendedProductManufacturerDefinition.php
--- consumed 0 B, total 383 MB, took 0.02 s
/home/mt/www/6.7/src/Core/Framework/Test/DataAbstractionLayer/Field/TestDefinition/WriteProtectedDefinition.php
--- consumed 0 B, total 383 MB, took 0.03 s
/home/mt/www/6.7/src/Core/Framework/Test/DataAbstractionLayer/Field/TestDefinition/SubCascadeDefinition.php
--- consumed 0 B, total 383 MB, took 0.01 s
/home/mt/www/6.7/src/Core/Framework/Test/DataAbstractionLayer/Field/TestDefinition/ToManyAssociationDefinition.php
--- consumed 0 B, total 383 MB, took 0.01 s
/home/mt/www/6.7/src/Core/Framework/Test/DataAbstractionLayer/Field/TestDefinition/ProductManufacturerExtension.php
--- consumed 0 B, total 383 MB, took 0.08 s
/home/mt/www/6.7/src/Core/Framework/Test/DataAbstractionLayer/Field/TestDefinition/RootDefinition.php
--- consumed 0 B, total 383 MB, took 0.01 s
/home/mt/www/6.7/src/Core/Framework/Test/DataAbstractionLayer/Field/TestDefinition/JsonDefinition.php
--- consumed 0 B, total 383 MB, took 0.01 s
/home/mt/www/6.7/src/Core/Framework/Test/DataAbstractionLayer/Field/TestDefinition/OneToOneInheritedProductExtension.php
--- consumed 0 B, total 383 MB, took 0.01 s
/home/mt/www/6.7/src/Core/Framework/Test/DataAbstractionLayer/Field/TestDefinition/EmailDefinition.php
--- consumed 0 B, total 383 MB, took 0.01 s
/home/mt/www/6.7/src/Core/Framework/Test/DataAbstractionLayer/Field/TestDefinition/ManyToOneProductDefinition.php
--- consumed 0 B, total 383 MB, took 0.01 s
/home/mt/www/6.7/src/Core/Framework/Test/DataAbstractionLayer/Field/TestDefinition/ListDefinition.php
--- consumed 0 B, total 383 MB, took 0.01 s
/home/mt/www/6.7/src/Core/Framework/Test/DataAbstractionLayer/Field/TestDefinition/TranslatableTestTranslationDefinition.php
--- consumed 0 B, total 383 MB, took 0.01 s
/home/mt/www/6.7/src/Core/Framework/Test/DataAbstractionLayer/Field/TestDefinition/NestedDefinition.php
--- consumed 0 B, total 383 MB, took 0.02 s
/home/mt/www/6.7/src/Core/Framework/Test/DataAbstractionLayer/Field/TestDefinition/ExtendedProductDefinition.php
--- consumed 0 B, total 383 MB, took 0.01 s
/home/mt/www/6.7/src/Core/Framework/Test/DataAbstractionLayer/Field/TestDefinition/NamedDefinition.php
--- consumed 0 B, total 383 MB, took 0.01 s
/home/mt/www/6.7/src/Core/Framework/Test/DataAbstractionLayer/Field/TestDefinition/CustomFieldTestTranslationDefinition.php
--- consumed 0 B, total 383 MB, took 0.01 s
/home/mt/www/6.7/src/Core/Framework/Test/DataAbstractionLayer/Field/TestDefinition/TranslatableTestDefinition.php
--- consumed 0 B, total 383 MB, took 0.03 s
/home/mt/www/6.7/src/Core/Framework/Test/DataAbstractionLayer/Field/TestDefinition/WriteProtectedTranslatedDefinition.php
--- consumed 0 B, total 383 MB, took 0.01 s
/home/mt/www/6.7/src/Core/Framework/Test/DataAbstractionLayer/Field/TestDefinition/SingleEntityDependencyTestDependencyDefinition.php
--- consumed 0 B, total 383 MB, took 0.01 s
/home/mt/www/6.7/src/Core/Framework/Test/DataAbstractionLayer/Field/TestDefinition/DateDefinition.php
--- consumed 0 B, total 383 MB, took 0.01 s
/home/mt/www/6.7/src/Core/Framework/Test/DataAbstractionLayer/Field/TestDefinition/SingleEntityDependencyTestSubDefinition.php
--- consumed 0 B, total 383 MB, took 0.01 s
/home/mt/www/6.7/src/Core/Framework/Test/DataAbstractionLayer/Field/TestDefinition/OneToOneInheritedProductDefinition.php
--- consumed 0 B, total 383 MB, took 0.01 s
/home/mt/www/6.7/src/Core/Framework/Test/DataAbstractionLayer/Field/TestDefinition/AssociationExtension.php
--- consumed 0 B, total 383 MB, took 0.01 s
/home/mt/www/6.7/src/Core/Framework/Test/DataAbstractionLayer/Field/TestDefinition/ProductExtension.php
--- consumed 0 B, total 383 MB, took 0.01 s
/home/mt/www/6.7/src/Core/Framework/Test/DataAbstractionLayer/Field/TestDefinition/ScalarRuntimeExtension.php
--- consumed 0 B, total 383 MB, took 0.01 s
/home/mt/www/6.7/src/Core/Framework/Test/DataAbstractionLayer/Field/TestDefinition/ToManyAssociationDependencyDefinition.php
--- consumed 0 B, total 383 MB, took 0.01 s
/home/mt/www/6.7/src/Core/Framework/Test/DataAbstractionLayer/Field/TestDefinition/ConfigJsonDefinition.php
--- consumed 0 B, total 383 MB, took 0.01 s
/home/mt/www/6.7/src/Core/Framework/Test/DataAbstractionLayer/Field/TestDefinition/ModifyFieldsExtension.php
--- consumed 0 B, total 383 MB, took 0.01 s
/home/mt/www/6.7/src/Core/Framework/Test/DataAbstractionLayer/Field/TestDefinition/WriteProtectedReferenceDefinition.php
--- consumed 0 B, total 383 MB, took 0.01 s
/home/mt/www/6.7/src/Core/Framework/Test/DataAbstractionLayer/Field/TestDefinition/FkFieldExtension.php
--- consumed 0 B, total 383 MB, took 0.01 s
/home/mt/www/6.7/src/Core/Framework/Test/DataAbstractionLayer/Field/TestDefinition/ScalarExtension.php
--- consumed 0 B, total 383 MB, took 0.00 s
/home/mt/www/6.7/src/Core/Framework/Test/DataAbstractionLayer/Field/TestDefinition/SubDefinition.php
--- consumed 0 B, total 383 MB, took 0.01 s
/home/mt/www/6.7/src/Core/Framework/Test/DataAbstractionLayer/Field/TestDefinition/PriceFieldDefinition.php
--- consumed 0 B, total 383 MB, took 0.01 s
/home/mt/www/6.7/src/Core/Framework/Test/DataAbstractionLayer/Field/TestDefinition/ProductExtensionSelfReferenced.php
--- consumed 0 B, total 383 MB, took 0.01 s
/home/mt/www/6.7/src/Core/Framework/Test/DataAbstractionLayer/Field/TestDefinition/ExtendedDefinition.php
--- consumed 0 B, total 383 MB, took 0.01 s
/home/mt/www/6.7/src/Core/Framework/Test/DataAbstractionLayer/Field/TestDefinition/ReferenceVersionExtension.php
--- consumed 0 B, total 383 MB, took 0.01 s
/home/mt/www/6.7/src/Core/Framework/Test/DataAbstractionLayer/Field/TestDefinition/SingleEntityDependencyTestDependencySubDefinition.php
--- consumed 0 B, total 383 MB, took 0.01 s
/home/mt/www/6.7/src/Core/Framework/Test/DataAbstractionLayer/Field/TestDefinition/WriteProtectedTranslationDefinition.php
--- consumed 0 B, total 383 MB, took 0.01 s
/home/mt/www/6.7/src/Core/Framework/Test/DataAbstractionLayer/Field/TestDefinition/WriteProtectedRelationDefinition.php
--- consumed 0 B, total 383 MB, took 0.01 s
/home/mt/www/6.7/src/Core/Framework/Test/DataAbstractionLayer/Field/TestDefinition/ExtendableDefinition.php
--- consumed 0 B, total 383 MB, took 0.01 s
/home/mt/www/6.7/src/Core/Framework/Test/DataAbstractionLayer/Field/TestDefinition/ToManyAssociationMappingDefinition.php
--- consumed 0 B, total 383 MB, took 0.01 s
/home/mt/www/6.7/src/Core/Framework/Test/DataAbstractionLayer/Field/TestDefinition/NonIdFieldNamePrimaryKeyTestDefinition.php
--- consumed 0 B, total 383 MB, took 0.01 s
/home/mt/www/6.7/src/Core/Framework/Test/DataAbstractionLayer/Field/TestDefinition/SubManyDefinition.php
--- consumed 0 B, total 383 MB, took 0.01 s
/home/mt/www/6.7/src/Core/Framework/Test/DataAbstractionLayer/Field/TestDefinition/CustomFieldPlainTestDefinition.php
--- consumed 0 B, total 383 MB, took 0.01 s
/home/mt/www/6.7/src/Core/Framework/Test/DataAbstractionLayer/Field/TestDefinition/InvalidReferenceExtension.php
--- consumed 0 B, total 383 MB, took 0.00 s
/home/mt/www/6.7/src/Core/Framework/Test/DataAbstractionLayer/Field/TestDefinition/TranslatableTestHydrator.php
--- consumed 0 B, total 383 MB, took 0.01 s
/home/mt/www/6.7/src/Core/Framework/Test/DataAbstractionLayer/Field/TestDefinition/SingleEntityDependencyTestRootDefinition.php
--- consumed 0 B, total 383 MB, took 0.01 s
/home/mt/www/6.7/src/Core/Framework/Test/DataAbstractionLayer/Field/TestDefinition/NamedOptionalGroupDefinition.php
--- consumed 0 B, total 383 MB, took 0.01 s
/home/mt/www/6.7/src/Core/Framework/Test/DataAbstractionLayer/Field/TestDefinition/CustomFieldTestDefinition.php
--- consumed 0 B, total 383 MB, took 0.02 s
/home/mt/www/6.7/src/Core/Framework/Test/DataAbstractionLayer/Field/TestDefinition/DateTimeDefinition.php
--- consumed 0 B, total 383 MB, took 0.01 s
/home/mt/www/6.7/src/Core/Framework/Test/DataAbstractionLayer/Field/TestDefinition/ToOneProductExtension.php
--- consumed 0 B, total 383 MB, took 0.01 s
/home/mt/www/6.7/src/Core/Framework/Test/DataAbstractionLayer/Field/DataAbstractionLayerFieldTestBehaviour.php
--- consumed 0 B, total 383 MB, took 0.03 s
/home/mt/www/6.7/src/Core/Framework/Test/Store/StaticInAppPurchaseFactory.php
--- consumed 0 B, total 383 MB, took 0.04 s
/home/mt/www/6.7/src/Core/Framework/Test/Store/StoreClientBehaviour.php
--- consumed 0 B, total 383 MB, took 0.01 s
/home/mt/www/6.7/src/Core/Framework/Test/Store/ServiceBehaviour.php
--- consumed 0 B, total 383 MB, took 0.02 s
/home/mt/www/6.7/src/Core/Framework/Test/Store/ExtensionBehaviour.php
--- consumed 0 B, total 383 MB, took 0.00 s
/home/mt/www/6.7/src/Core/Framework/Test/DependencyInjection/fixtures/TestEvent.php
--- consumed 0 B, total 383 MB, took 0.01 s
/home/mt/www/6.7/src/Core/Framework/Test/DependencyInjection/fixtures/TestBusinessEvents.php
--- consumed 0 B, total 383 MB, took 0.00 s
/home/mt/www/6.7/src/Core/Framework/Test/DependencyInjection/CompilerPass/ContainerVisibilityCompilerPass.php
--- consumed 0 B, total 383 MB, took 0.01 s
/home/mt/www/6.7/src/Core/Framework/Test/RemoveDeprecatedServicesPass.php
--- consumed 0 B, total 383 MB, took 0.01 s
/home/mt/www/6.7/src/Core/Framework/MessageQueue/DeduplicatableMessageInterface.php
--- consumed 0 B, total 383 MB, took 0.00 s
/home/mt/www/6.7/src/Core/Framework/MessageQueue/Api/ScheduledTaskController.php
--- consumed 0 B, total 383 MB, took 0.01 s
/home/mt/www/6.7/src/Core/Framework/MessageQueue/Api/ConsumeMessagesController.php
--- consumed 2 MB, total 385 MB, took 0.05 s
/home/mt/www/6.7/src/Core/Framework/MessageQueue/SendEmailMessageJsonSerializer.php
--- consumed 0 B, total 385 MB, took 0.04 s
/home/mt/www/6.7/src/Core/Framework/MessageQueue/Telemetry/MessageQueueTelemetrySubscriber.php
--- consumed 0 B, total 385 MB, took 0.01 s
/home/mt/www/6.7/src/Core/Framework/MessageQueue/Service/MessageSizeCalculator.php
--- consumed 0 B, total 385 MB, took 0.01 s
/home/mt/www/6.7/src/Core/Framework/MessageQueue/MessageHandlerCompilerPass.php
--- consumed 0 B, total 385 MB, took 0.03 s
/home/mt/www/6.7/src/Core/Framework/MessageQueue/AsyncMessageInterface.php
--- consumed 0 B, total 385 MB, took 0.00 s
/home/mt/www/6.7/src/Core/Framework/MessageQueue/Subscriber/PluginLifecycleSubscriber.php
--- consumed 0 B, total 385 MB, took 0.09 s
/home/mt/www/6.7/src/Core/Framework/MessageQueue/Subscriber/CountHandledMessagesListener.php
--- consumed 0 B, total 385 MB, took 0.00 s
/home/mt/www/6.7/src/Core/Framework/MessageQueue/Subscriber/MessageQueueSizeRestrictListener.php
--- consumed 0 B, total 385 MB, took 0.01 s
/home/mt/www/6.7/src/Core/Framework/MessageQueue/Subscriber/MessageQueueStatsSubscriber.php
--- consumed 0 B, total 385 MB, took 0.02 s
/home/mt/www/6.7/src/Core/Framework/MessageQueue/Subscriber/UpdatePostFinishSubscriber.php
--- consumed 0 B, total 385 MB, took 0.01 s
/home/mt/www/6.7/src/Core/Framework/MessageQueue/Subscriber/EarlyReturnMessagesListener.php
--- consumed 0 B, total 385 MB, took 0.01 s
/home/mt/www/6.7/src/Core/Framework/MessageQueue/LowPriorityMessageInterface.php
--- consumed 0 B, total 385 MB, took 0.00 s
/home/mt/www/6.7/src/Core/Framework/MessageQueue/Middleware/RoutingOverwriteMiddleware.php
--- consumed 0 B, total 385 MB, took 0.03 s
/home/mt/www/6.7/src/Core/Framework/MessageQueue/Command/DeactivateScheduledTaskCommand.php
--- consumed 0 B, total 385 MB, took 0.03 s
/home/mt/www/6.7/src/Core/Framework/MessageQueue/Command/ListScheduledTaskCommand.php
--- consumed 0 B, total 385 MB, took 0.02 s
/home/mt/www/6.7/src/Core/Framework/MessageQueue/Command/RunSingleScheduledTaskCommand.php
--- consumed 0 B, total 385 MB, took 0.01 s
/home/mt/www/6.7/src/Core/Framework/MessageQueue/Command/ScheduledTaskRunner.php
--- consumed 0 B, total 385 MB, took 0.09 s
/home/mt/www/6.7/src/Core/Framework/MessageQueue/Command/RegisterScheduledTasksCommand.php
--- consumed 0 B, total 385 MB, took 0.01 s
/home/mt/www/6.7/src/Core/Framework/MessageQueue/Command/ScheduleScheduledTaskCommand.php
--- consumed 0 B, total 385 MB, took 0.03 s
/home/mt/www/6.7/src/Core/Framework/MessageQueue/MessageQueueException.php
--- consumed 0 B, total 385 MB, took 0.02 s
/home/mt/www/6.7/src/Core/Framework/MessageQueue/Stats/Entity/MessageStatsEntity.php
--- consumed 0 B, total 385 MB, took 0.01 s
/home/mt/www/6.7/src/Core/Framework/MessageQueue/Stats/Entity/MessageTypeStatsEntity.php
--- consumed 0 B, total 385 MB, took 0.00 s
/home/mt/www/6.7/src/Core/Framework/MessageQueue/Stats/Entity/MessageStatsResponseEntity.php
--- consumed 0 B, total 385 MB, took 0.00 s
/home/mt/www/6.7/src/Core/Framework/MessageQueue/Stats/Entity/MessageTypeStatsCollection.php
--- consumed 0 B, total 385 MB, took 0.00 s
/home/mt/www/6.7/src/Core/Framework/MessageQueue/Stats/StatsService.php
--- consumed 0 B, total 385 MB, took 0.01 s
/home/mt/www/6.7/src/Core/Framework/MessageQueue/Stats/MySQLStatsRepository.php
--- consumed 0 B, total 385 MB, took 0.04 s
/home/mt/www/6.7/src/Core/Framework/MessageQueue/Stats/AbstractStatsRepository.php
--- consumed 0 B, total 385 MB, took 0.01 s
/home/mt/www/6.7/src/Core/Framework/MessageQueue/ScheduledTask/ScheduledTaskEntity.php
--- consumed 0 B, total 385 MB, took 0.02 s
/home/mt/www/6.7/src/Core/Framework/MessageQueue/ScheduledTask/ScheduledTaskMessageInterface.php
--- consumed 0 B, total 385 MB, took 0.00 s
/home/mt/www/6.7/src/Core/Framework/MessageQueue/ScheduledTask/MessageQueue/RegisterScheduledTaskHandler.php
--- consumed 0 B, total 385 MB, took 0.00 s
/home/mt/www/6.7/src/Core/Framework/MessageQueue/ScheduledTask/MessageQueue/RegisterScheduledTaskMessage.php
--- consumed 0 B, total 385 MB, took 0.00 s
/home/mt/www/6.7/src/Core/Framework/MessageQueue/ScheduledTask/ScheduledTaskDefinition.php
--- consumed 0 B, total 385 MB, took 0.02 s
/home/mt/www/6.7/src/Core/Framework/MessageQueue/ScheduledTask/ScheduledTaskHandler.php
--- consumed 0 B, total 385 MB, took 0.04 s
/home/mt/www/6.7/src/Core/Framework/MessageQueue/ScheduledTask/Scheduler/TaskRunner.php
--- consumed 0 B, total 385 MB, took 0.03 s
/home/mt/www/6.7/src/Core/Framework/MessageQueue/ScheduledTask/Scheduler/TaskScheduler.php
--- consumed 0 B, total 385 MB, took 0.07 s
/home/mt/www/6.7/src/Core/Framework/MessageQueue/ScheduledTask/ScheduledTask.php
--- consumed 0 B, total 385 MB, took 0.01 s
/home/mt/www/6.7/src/Core/Framework/MessageQueue/ScheduledTask/RegisterScheduledTaskMessage.php
--- consumed 0 B, total 385 MB, took 0.00 s
/home/mt/www/6.7/src/Core/Framework/MessageQueue/ScheduledTask/ScheduledTaskCollection.php
--- consumed 0 B, total 385 MB, took 0.01 s
/home/mt/www/6.7/src/Core/Framework/MessageQueue/ScheduledTask/Registry/TaskRegistry.php
--- consumed 2 MB, total 387 MB, took 0.13 s
/home/mt/www/6.7/src/Core/Framework/MessageQueue/ScheduledTask/SymfonyBridge/ScheduleProvider.php
--- consumed 0 B, total 387 MB, took 0.03 s
/home/mt/www/6.7/src/Core/Framework/ShopwareHttpException.php
--- consumed 0 B, total 387 MB, took 0.06 s
/home/mt/www/6.7/src/Core/Framework/FrameworkException.php
--- consumed 0 B, total 387 MB, took 0.04 s
/home/mt/www/6.7/src/Core/Framework/Struct/Struct.php
--- consumed 0 B, total 387 MB, took 0.09 s
/home/mt/www/6.7/src/Core/Framework/Struct/ExtendableInterface.php
--- consumed 0 B, total 387 MB, took 0.00 s
/home/mt/www/6.7/src/Core/Framework/Struct/StateAwareTrait.php
--- consumed 0 B, total 387 MB, took 0.00 s
/home/mt/www/6.7/src/Core/Framework/Struct/CloneTrait.php
--- consumed 0 B, total 387 MB, took 0.00 s
/home/mt/www/6.7/src/Core/Framework/Struct/Collection.php
--- consumed 0 B, total 387 MB, took 0.10 s
/home/mt/www/6.7/src/Core/Framework/Struct/ArrayStruct.php
--- consumed 0 B, total 387 MB, took 0.04 s
/home/mt/www/6.7/src/Core/Framework/Struct/Serializer/StructNormalizer.php
--- consumed 0 B, total 387 MB, took 0.10 s
/home/mt/www/6.7/src/Core/Framework/Struct/AssignArrayTrait.php
--- consumed 0 B, total 387 MB, took 0.00 s
/home/mt/www/6.7/src/Core/Framework/Struct/ContextTokenStruct.php
--- consumed 0 B, total 387 MB, took 0.01 s
/home/mt/www/6.7/src/Core/Framework/Struct/StructCollection.php
--- consumed 0 B, total 387 MB, took 0.01 s
/home/mt/www/6.7/src/Core/Framework/Struct/ArrayEntity.php
--- consumed 0 B, total 387 MB, took 0.06 s
/home/mt/www/6.7/src/Core/Framework/Struct/VariablesAccessTrait.php
--- consumed 0 B, total 387 MB, took 0.00 s
/home/mt/www/6.7/src/Core/Framework/Struct/JsonSerializableTrait.php
--- consumed 0 B, total 387 MB, took 0.00 s
/home/mt/www/6.7/src/Core/Framework/Struct/CreateFromTrait.php
--- consumed 0 B, total 387 MB, took 0.00 s
/home/mt/www/6.7/src/Core/Framework/Struct/ExtendableTrait.php
--- consumed 0 B, total 387 MB, took 0.00 s
/home/mt/www/6.7/src/Core/Framework/Plugin.php
--- consumed 0 B, total 387 MB, took 0.04 s
/home/mt/www/6.7/src/Core/Framework/SystemCheck/SystemChecker.php
--- consumed 0 B, total 387 MB, took 0.09 s
/home/mt/www/6.7/src/Core/Framework/SystemCheck/Check/Status.php
--- consumed 0 B, total 387 MB, took 0.00 s
/home/mt/www/6.7/src/Core/Framework/SystemCheck/Check/SystemCheckExecutionContext.php
--- consumed 0 B, total 387 MB, took 0.00 s
/home/mt/www/6.7/src/Core/Framework/SystemCheck/Check/Category.php
--- consumed 0 B, total 387 MB, took 0.00 s
/home/mt/www/6.7/src/Core/Framework/SystemCheck/Check/Result.php
--- consumed 0 B, total 387 MB, took 0.00 s
/home/mt/www/6.7/src/Core/Framework/SystemCheck/Command/SystemCheckCommand.php
--- consumed 0 B, total 387 MB, took 0.07 s
/home/mt/www/6.7/src/Core/Framework/SystemCheck/BaseCheck.php
--- consumed 0 B, total 387 MB, took 0.00 s
/home/mt/www/6.7/src/Core/Framework/Script/ScriptCollection.php
--- consumed 0 B, total 387 MB, took 0.01 s
/home/mt/www/6.7/src/Core/Framework/Script/Api/ApiHook.php
--- consumed 0 B, total 387 MB, took 0.03 s
/home/mt/www/6.7/src/Core/Framework/Script/Api/StoreApiResponseHook.php
--- consumed 0 B, total 387 MB, took 0.02 s
/home/mt/www/6.7/src/Core/Framework/Script/Api/AclFacadeHookFactory.php
--- consumed 0 B, total 387 MB, took 0.01 s
/home/mt/www/6.7/src/Core/Framework/Script/Api/ScriptStoreApiRoute.php
--- consumed 2 MB, total 389 MB, took 0.07 s
/home/mt/www/6.7/src/Core/Framework/Script/Api/ScriptResponseEncoder.php
--- consumed 0 B, total 389 MB, took 0.01 s
/home/mt/www/6.7/src/Core/Framework/Script/Api/ScriptResponseFactoryFacadeHookFactory.php
--- consumed 0 B, total 389 MB, took 0.02 s
/home/mt/www/6.7/src/Core/Framework/Script/Api/ScriptResponseFactoryFacade.php
--- consumed 0 B, total 389 MB, took 0.02 s
/home/mt/www/6.7/src/Core/Framework/Script/Api/StoreApiCacheKeyHook.php
--- consumed 0 B, total 389 MB, took 0.02 s
/home/mt/www/6.7/src/Core/Framework/Script/Api/ScriptResponse.php
--- consumed 0 B, total 389 MB, took 0.02 s
/home/mt/www/6.7/src/Core/Framework/Script/Api/ResponseHook.php
--- consumed 0 B, total 389 MB, took 0.02 s
/home/mt/www/6.7/src/Core/Framework/Script/Api/ResponseCacheConfiguration.php
--- consumed 0 B, total 389 MB, took 0.02 s
/home/mt/www/6.7/src/Core/Framework/Script/Api/ScriptApiRoute.php
--- consumed 0 B, total 389 MB, took 0.12 s
/home/mt/www/6.7/src/Core/Framework/Script/Api/StoreApiHook.php
--- consumed 2 MB, total 391 MB, took 0.02 s
/home/mt/www/6.7/src/Core/Framework/Script/Api/AclFacade.php
--- consumed 0 B, total 391 MB, took 0.00 s
/home/mt/www/6.7/src/Core/Framework/Script/Execution/Script.php
--- consumed 0 B, total 391 MB, took 0.02 s
/home/mt/www/6.7/src/Core/Framework/Script/Execution/ScriptExecutor.php
--- consumed 0 B, total 391 MB, took 0.16 s
/home/mt/www/6.7/src/Core/Framework/Script/Execution/DeprecatedHook.php
--- consumed 0 B, total 391 MB, took 0.00 s
/home/mt/www/6.7/src/Core/Framework/Script/Execution/Awareness/SalesChannelContextAwareTrait.php
--- consumed 0 B, total 391 MB, took 0.00 s
/home/mt/www/6.7/src/Core/Framework/Script/Execution/Awareness/HookServiceFactory.php
--- consumed 0 B, total 391 MB, took 0.01 s
/home/mt/www/6.7/src/Core/Framework/Script/Execution/Awareness/AppSpecificHook.php
--- consumed 0 B, total 391 MB, took 0.00 s
/home/mt/www/6.7/src/Core/Framework/Script/Execution/Awareness/SalesChannelContextAware.php
--- consumed 0 B, total 391 MB, took 0.00 s
/home/mt/www/6.7/src/Core/Framework/Script/Execution/Awareness/ScriptResponseAwareTrait.php
--- consumed 0 B, total 391 MB, took 0.00 s
/home/mt/www/6.7/src/Core/Framework/Script/Execution/Awareness/StoppableHook.php
--- consumed 0 B, total 391 MB, took 0.00 s
/home/mt/www/6.7/src/Core/Framework/Script/Execution/Awareness/StoppableHookTrait.php
--- consumed 0 B, total 391 MB, took 0.00 s
/home/mt/www/6.7/src/Core/Framework/Script/Execution/InterfaceHook.php
--- consumed 0 B, total 391 MB, took 0.00 s
/home/mt/www/6.7/src/Core/Framework/Script/Execution/TraceHook.php
--- consumed 0 B, total 391 MB, took 0.00 s
/home/mt/www/6.7/src/Core/Framework/Script/Execution/ScriptTwigLoader.php
--- consumed 0 B, total 391 MB, took 0.03 s
/home/mt/www/6.7/src/Core/Framework/Script/Execution/Hook.php
--- consumed 0 B, total 391 MB, took 0.01 s
/home/mt/www/6.7/src/Core/Framework/Script/Execution/ScriptAppInformation.php
--- consumed 0 B, total 391 MB, took 0.00 s
/home/mt/www/6.7/src/Core/Framework/Script/Execution/FunctionHook.php
--- consumed 0 B, total 391 MB, took 0.00 s
/home/mt/www/6.7/src/Core/Framework/Script/Execution/ScriptLoader.php
--- consumed 2 MB, total 393 MB, took 0.15 s
/home/mt/www/6.7/src/Core/Framework/Script/Execution/OptionalFunctionHook.php
--- consumed 0 B, total 393 MB, took 0.00 s
/home/mt/www/6.7/src/Core/Framework/Script/AppContextCreator.php
--- consumed 0 B, total 393 MB, took 0.03 s
/home/mt/www/6.7/src/Core/Framework/Script/ScriptException.php
--- consumed 0 B, total 393 MB, took 0.02 s
/home/mt/www/6.7/src/Core/Framework/Script/Exception/ScriptExecutionFailedException.php
--- consumed 0 B, total 393 MB, took 0.01 s
/home/mt/www/6.7/src/Core/Framework/Script/Facade/ArrayFacade.php
--- consumed 0 B, total 393 MB, took 0.05 s
/home/mt/www/6.7/src/Core/Framework/Script/ServiceStubs.php
--- consumed 0 B, total 393 MB, took 0.03 s
/home/mt/www/6.7/src/Core/Framework/Script/ScriptDefinition.php
--- consumed 0 B, total 393 MB, took 0.02 s
/home/mt/www/6.7/src/Core/Framework/Script/ScriptEntity.php
--- consumed 0 B, total 393 MB, took 0.02 s
/home/mt/www/6.7/src/Core/Framework/Script/Debugging/Debug.php
--- consumed 0 B, total 393 MB, took 0.01 s
/home/mt/www/6.7/src/Core/Framework/Script/Debugging/ScriptTraces.php
--- consumed 0 B, total 393 MB, took 0.08 s
/home/mt/www/6.7/src/Core/Framework/Parameter/AdditionalBundleParameters.php
--- consumed 0 B, total 393 MB, took 0.01 s
/home/mt/www/6.7/src/Core/Framework/Increment/ArrayIncrementer.php
--- consumed 0 B, total 393 MB, took 0.04 s
/home/mt/www/6.7/src/Core/Framework/Increment/MySQLIncrementer.php
--- consumed 0 B, total 393 MB, took 0.04 s
/home/mt/www/6.7/src/Core/Framework/Increment/RedisIncrementer.php
--- consumed 28 MB, total 421 MB, took 0.43 s
/home/mt/www/6.7/src/Core/Framework/Increment/Exception/IncrementGatewayNotFoundException.php
--- consumed 0 B, total 421 MB, took 0.01 s
/home/mt/www/6.7/src/Core/Framework/Increment/Controller/IncrementApiController.php
--- consumed 0 B, total 421 MB, took 0.06 s
/home/mt/www/6.7/src/Core/Framework/Increment/IncrementerGatewayCompilerPass.php
--- consumed 0 B, total 421 MB, took 0.14 s
/home/mt/www/6.7/src/Core/Framework/Increment/IncrementGatewayRegistry.php
--- consumed 0 B, total 421 MB, took 0.01 s
/home/mt/www/6.7/src/Core/Framework/Increment/AbstractIncrementer.php
--- consumed 0 B, total 421 MB, took 0.01 s
/home/mt/www/6.7/src/Core/Framework/Increment/IncrementException.php
--- consumed 0 B, total 421 MB, took 0.02 s
/home/mt/www/6.7/src/Core/Framework/Notification/NotificationException.php
--- consumed 0 B, total 421 MB, took 0.00 s
/home/mt/www/6.7/src/Core/Framework/Notification/Api/NotificationController.php
--- consumed 0 B, total 421 MB, took 0.04 s
/home/mt/www/6.7/src/Core/Framework/Notification/NotificationEntity.php
--- consumed 0 B, total 421 MB, took 0.06 s
/home/mt/www/6.7/src/Core/Framework/Notification/NotificationCollection.php
--- consumed 0 B, total 421 MB, took 0.01 s
/home/mt/www/6.7/src/Core/Framework/Notification/NotificationBulkEntityExtension.php
--- consumed 0 B, total 421 MB, took 0.01 s
/home/mt/www/6.7/src/Core/Framework/Notification/NotificationDefinition.php
--- consumed 0 B, total 421 MB, took 0.02 s
/home/mt/www/6.7/src/Core/Framework/Notification/NotificationService.php
--- consumed 0 B, total 421 MB, took 0.06 s
/home/mt/www/6.7/src/Core/Framework/App/Api/AppCmsController.php
--- consumed 0 B, total 421 MB, took 0.04 s
/home/mt/www/6.7/src/Core/Framework/App/Api/AppActionController.php
--- consumed 0 B, total 421 MB, took 0.02 s
/home/mt/www/6.7/src/Core/Framework/App/Api/AppPrivilegeController.php
--- consumed 0 B, total 421 MB, took 0.07 s
/home/mt/www/6.7/src/Core/Framework/App/Api/ShopIdController.php
--- consumed 0 B, total 421 MB, took 0.03 s
/home/mt/www/6.7/src/Core/Framework/App/Api/AppJWTGenerateRoute.php
--- consumed 0 B, total 421 MB, took 0.06 s
/home/mt/www/6.7/src/Core/Framework/App/Payload/Source.php
--- consumed 2 MB, total 423 MB, took 0.04 s
/home/mt/www/6.7/src/Core/Framework/App/Payload/SourcedPayloadInterface.php
--- consumed 0 B, total 423 MB, took 0.00 s
/home/mt/www/6.7/src/Core/Framework/App/Payload/AppPayloadStruct.php
--- consumed 0 B, total 423 MB, took 0.03 s
/home/mt/www/6.7/src/Core/Framework/App/Payload/AppPayloadServiceHelper.php
--- consumed 0 B, total 423 MB, took 0.05 s
/home/mt/www/6.7/src/Core/Framework/App/InAppPurchases/Payload/InAppPurchasesPayload.php
--- consumed 0 B, total 423 MB, took 0.01 s
/home/mt/www/6.7/src/Core/Framework/App/InAppPurchases/Payload/InAppPurchasesPayloadService.php
--- consumed 0 B, total 423 MB, took 0.02 s
/home/mt/www/6.7/src/Core/Framework/App/InAppPurchases/Event/InAppPurchasesGatewayEvent.php
--- consumed 0 B, total 423 MB, took 0.00 s
/home/mt/www/6.7/src/Core/Framework/App/InAppPurchases/Response/InAppPurchasesResponse.php
--- consumed 0 B, total 423 MB, took 0.01 s
/home/mt/www/6.7/src/Core/Framework/App/InAppPurchases/Gateway/InAppPurchasesGateway.php
--- consumed 0 B, total 423 MB, took 0.01 s
/home/mt/www/6.7/src/Core/Framework/App/Lifecycle/Registration/PrivateHandshake.php
--- consumed 0 B, total 423 MB, took 0.04 s
/home/mt/www/6.7/src/Core/Framework/App/Lifecycle/Registration/AppRegistrationService.php
--- consumed 0 B, total 423 MB, took 0.09 s
/home/mt/www/6.7/src/Core/Framework/App/Lifecycle/Registration/AppHandshakeInterface.php
--- consumed 0 B, total 423 MB, took 0.00 s
/home/mt/www/6.7/src/Core/Framework/App/Lifecycle/Registration/HandshakeFactory.php
--- consumed 0 B, total 423 MB, took 0.02 s
/home/mt/www/6.7/src/Core/Framework/App/Lifecycle/Registration/StoreHandshake.php
--- consumed 2 MB, total 425 MB, took 0.02 s
/home/mt/www/6.7/src/Core/Framework/App/Lifecycle/Parameters/AppUpdateParameters.php
--- consumed 0 B, total 425 MB, took 0.00 s
/home/mt/www/6.7/src/Core/Framework/App/Lifecycle/Parameters/AppInstallParameters.php
--- consumed 0 B, total 425 MB, took 0.00 s
/home/mt/www/6.7/src/Core/Framework/App/Lifecycle/AppLifecycle.php
--- consumed 10 MB, total 435 MB, took 0.77 s
/home/mt/www/6.7/src/Core/Framework/App/Lifecycle/Update/AppUpdater.php
--- consumed 2 MB, total 437 MB, took 0.05 s
/home/mt/www/6.7/src/Core/Framework/App/Lifecycle/Update/AbstractAppUpdater.php
--- consumed 0 B, total 437 MB, took 0.00 s
/home/mt/www/6.7/src/Core/Framework/App/Lifecycle/AppLoader.php
--- consumed 0 B, total 437 MB, took 0.06 s
/home/mt/www/6.7/src/Core/Framework/App/Lifecycle/RefreshableAppDryRun.php
--- consumed 0 B, total 437 MB, took 0.04 s
/home/mt/www/6.7/src/Core/Framework/App/Lifecycle/ScriptFileReader.php
--- consumed 0 B, total 437 MB, took 0.02 s
/home/mt/www/6.7/src/Core/Framework/App/Lifecycle/Persister/ShippingMethodPersister.php
--- consumed 0 B, total 437 MB, took 0.16 s
/home/mt/www/6.7/src/Core/Framework/App/Lifecycle/Persister/WebhookPersister.php
--- consumed 0 B, total 437 MB, took 0.05 s
/home/mt/www/6.7/src/Core/Framework/App/Lifecycle/Persister/TemplatePersister.php
--- consumed 2 MB, total 439 MB, took 0.06 s
/home/mt/www/6.7/src/Core/Framework/App/Lifecycle/Persister/PaymentMethodPersister.php
--- consumed 0 B, total 439 MB, took 0.18 s
/home/mt/www/6.7/src/Core/Framework/App/Lifecycle/Persister/FlowEventPersister.php
--- consumed 0 B, total 439 MB, took 0.05 s
/home/mt/www/6.7/src/Core/Framework/App/Lifecycle/Persister/PermissionPersister.php
--- consumed 0 B, total 439 MB, took 0.01 s
/home/mt/www/6.7/src/Core/Framework/App/Lifecycle/Persister/FlowActionPersister.php
--- consumed 0 B, total 439 MB, took 0.06 s
/home/mt/www/6.7/src/Core/Framework/App/Lifecycle/Persister/RuleConditionPersister.php
--- consumed 0 B, total 439 MB, took 0.19 s
/home/mt/www/6.7/src/Core/Framework/App/Lifecycle/Persister/CmsBlockPersister.php
--- consumed 2 MB, total 441 MB, took 0.06 s
/home/mt/www/6.7/src/Core/Framework/App/Lifecycle/Persister/ActionButtonPersister.php
--- consumed 0 B, total 441 MB, took 0.05 s
/home/mt/www/6.7/src/Core/Framework/App/Lifecycle/Persister/ScriptPersister.php
--- consumed 0 B, total 441 MB, took 0.11 s
/home/mt/www/6.7/src/Core/Framework/App/Lifecycle/Persister/CustomFieldPersister.php
--- consumed 0 B, total 441 MB, took 0.20 s
/home/mt/www/6.7/src/Core/Framework/App/Lifecycle/Persister/TaxProviderPersister.php
--- consumed 0 B, total 441 MB, took 0.06 s
/home/mt/www/6.7/src/Core/Framework/App/Lifecycle/AbstractAppLifecycle.php
--- consumed 0 B, total 441 MB, took 0.00 s
/home/mt/www/6.7/src/Core/Framework/App/Lifecycle/AppLifecycleIterator.php
--- consumed 0 B, total 441 MB, took 0.09 s
/home/mt/www/6.7/src/Core/Framework/App/AppLocaleProvider.php
--- consumed 0 B, total 441 MB, took 0.03 s
/home/mt/www/6.7/src/Core/Framework/App/Event/AppActivatedEvent.php
--- consumed 0 B, total 441 MB, took 0.00 s
/home/mt/www/6.7/src/Core/Framework/App/Event/PostAppDeletedEvent.php
--- consumed 0 B, total 441 MB, took 0.00 s
/home/mt/www/6.7/src/Core/Framework/App/Event/AppScriptConditionEvents.php
--- consumed 0 B, total 441 MB, took 0.00 s
/home/mt/www/6.7/src/Core/Framework/App/Event/AppChangedEvent.php
--- consumed 2 MB, total 443 MB, took 0.01 s
/home/mt/www/6.7/src/Core/Framework/App/Event/AppFlowActionEvent.php
--- consumed 0 B, total 443 MB, took 0.01 s
/home/mt/www/6.7/src/Core/Framework/App/Event/ManifestChangedEvent.php
--- consumed 0 B, total 443 MB, took 0.01 s
/home/mt/www/6.7/src/Core/Framework/App/Event/AppDeletedEvent.php
--- consumed 0 B, total 443 MB, took 0.01 s
/home/mt/www/6.7/src/Core/Framework/App/Event/CustomAppEvent.php
--- consumed 0 B, total 443 MB, took 0.01 s
/home/mt/www/6.7/src/Core/Framework/App/Event/AppDeactivatedEvent.php
--- consumed 0 B, total 443 MB, took 0.00 s
/home/mt/www/6.7/src/Core/Framework/App/Event/AppPermissionsUpdated.php
--- consumed 0 B, total 443 MB, took 0.01 s
/home/mt/www/6.7/src/Core/Framework/App/Event/Hooks/AppActivatedHook.php
--- consumed 0 B, total 443 MB, took 0.01 s
/home/mt/www/6.7/src/Core/Framework/App/Event/Hooks/AppInstalledHook.php
--- consumed 0 B, total 443 MB, took 0.01 s
/home/mt/www/6.7/src/Core/Framework/App/Event/Hooks/AppScriptConditionHook.php
--- consumed 0 B, total 443 MB, took 0.00 s
/home/mt/www/6.7/src/Core/Framework/App/Event/Hooks/AppDeletedHook.php
--- consumed 0 B, total 443 MB, took 0.01 s
/home/mt/www/6.7/src/Core/Framework/App/Event/Hooks/AppDeactivatedHook.php
--- consumed 0 B, total 443 MB, took 0.01 s
/home/mt/www/6.7/src/Core/Framework/App/Event/Hooks/AppUpdatedHook.php
--- consumed 0 B, total 443 MB, took 0.01 s
/home/mt/www/6.7/src/Core/Framework/App/Event/Hooks/AppLifecycleHook.php
--- consumed 0 B, total 443 MB, took 0.00 s
/home/mt/www/6.7/src/Core/Framework/App/Event/AppUpdatedEvent.php
--- consumed 0 B, total 443 MB, took 0.00 s
/home/mt/www/6.7/src/Core/Framework/App/Event/AppInstalledEvent.php
--- consumed 0 B, total 443 MB, took 0.00 s
/home/mt/www/6.7/src/Core/Framework/App/ActiveAppsLoader.php
--- consumed 0 B, total 443 MB, took 0.04 s
/home/mt/www/6.7/src/Core/Framework/App/Telemetry/AppTelemetrySubscriber.php
--- consumed 0 B, total 443 MB, took 0.01 s
/home/mt/www/6.7/src/Core/Framework/App/AppException.php
--- consumed 0 B, total 443 MB, took 0.14 s
/home/mt/www/6.7/src/Core/Framework/App/TaxProvider/Payload/TaxProviderPayloadService.php
--- consumed 0 B, total 443 MB, took 0.02 s
/home/mt/www/6.7/src/Core/Framework/App/TaxProvider/Payload/TaxProviderPayload.php
--- consumed 0 B, total 443 MB, took 0.04 s
/home/mt/www/6.7/src/Core/Framework/App/TaxProvider/Response/TaxProviderResponse.php
--- consumed 0 B, total 443 MB, took 0.05 s
/home/mt/www/6.7/src/Core/Framework/App/ShopIdChangeResolver/UninstallAppsStrategy.php
--- consumed 0 B, total 443 MB, took 0.02 s
/home/mt/www/6.7/src/Core/Framework/App/ShopIdChangeResolver/ReinstallAppsStrategy.php
--- consumed 0 B, total 443 MB, took 0.02 s
/home/mt/www/6.7/src/Core/Framework/App/ShopIdChangeResolver/Resolver.php
--- consumed 0 B, total 443 MB, took 0.01 s
/home/mt/www/6.7/src/Core/Framework/App/ShopIdChangeResolver/MoveShopPermanentlyStrategy.php
--- consumed 0 B, total 443 MB, took 0.01 s
/home/mt/www/6.7/src/Core/Framework/App/ShopIdChangeResolver/AbstractShopIdChangeStrategy.php
--- consumed 0 B, total 443 MB, took 0.02 s
/home/mt/www/6.7/src/Core/Framework/App/AppService.php
--- consumed 0 B, total 443 MB, took 0.01 s
/home/mt/www/6.7/src/Core/Framework/App/Manifest/ManifestFactory.php
--- consumed 0 B, total 443 MB, took 0.00 s
/home/mt/www/6.7/src/Core/Framework/App/Manifest/Xml/Administration/ActionButton.php
--- consumed 0 B, total 443 MB, took 0.05 s
/home/mt/www/6.7/src/Core/Framework/App/Manifest/Xml/Administration/Admin.php
--- consumed 0 B, total 443 MB, took 0.04 s
/home/mt/www/6.7/src/Core/Framework/App/Manifest/Xml/Administration/MainModule.php
--- consumed 0 B, total 443 MB, took 0.00 s
/home/mt/www/6.7/src/Core/Framework/App/Manifest/Xml/Administration/Module.php
--- consumed 0 B, total 443 MB, took 0.01 s
/home/mt/www/6.7/src/Core/Framework/App/Manifest/Xml/Setup/Setup.php
--- consumed 0 B, total 443 MB, took 0.01 s
/home/mt/www/6.7/src/Core/Framework/App/Manifest/Xml/RuleCondition/RuleCondition.php
--- consumed 0 B, total 443 MB, took 0.04 s
/home/mt/www/6.7/src/Core/Framework/App/Manifest/Xml/RuleCondition/RuleConditions.php
--- consumed 0 B, total 443 MB, took 0.01 s
/home/mt/www/6.7/src/Core/Framework/App/Manifest/Xml/Permission/Permissions.php
--- consumed 0 B, total 443 MB, took 0.08 s
/home/mt/www/6.7/src/Core/Framework/App/Manifest/Xml/PaymentMethod/PaymentMethod.php
--- consumed 0 B, total 443 MB, took 0.03 s
/home/mt/www/6.7/src/Core/Framework/App/Manifest/Xml/PaymentMethod/Payments.php
--- consumed 0 B, total 443 MB, took 0.02 s
/home/mt/www/6.7/src/Core/Framework/App/Manifest/Xml/CustomField/CustomFields.php
--- consumed 0 B, total 443 MB, took 0.01 s
/home/mt/www/6.7/src/Core/Framework/App/Manifest/Xml/CustomField/CustomFieldTypes/CustomFieldType.php
--- consumed 0 B, total 443 MB, took 0.05 s
/home/mt/www/6.7/src/Core/Framework/App/Manifest/Xml/CustomField/CustomFieldTypes/TextAreaField.php
--- consumed 0 B, total 443 MB, took 0.01 s
/home/mt/www/6.7/src/Core/Framework/App/Manifest/Xml/CustomField/CustomFieldTypes/TextField.php
--- consumed 0 B, total 443 MB, took 0.01 s
/home/mt/www/6.7/src/Core/Framework/App/Manifest/Xml/CustomField/CustomFieldTypes/ColorPickerField.php
--- consumed 0 B, total 443 MB, took 0.00 s
/home/mt/www/6.7/src/Core/Framework/App/Manifest/Xml/CustomField/CustomFieldTypes/FloatField.php
--- consumed 0 B, total 443 MB, took 0.01 s
/home/mt/www/6.7/src/Core/Framework/App/Manifest/Xml/CustomField/CustomFieldTypes/MediaSelectionField.php
--- consumed 0 B, total 443 MB, took 0.00 s
/home/mt/www/6.7/src/Core/Framework/App/Manifest/Xml/CustomField/CustomFieldTypes/DateTimeField.php
--- consumed 0 B, total 443 MB, took 0.00 s
/home/mt/www/6.7/src/Core/Framework/App/Manifest/Xml/CustomField/CustomFieldTypes/CustomFieldTypeFactory.php
--- consumed 0 B, total 443 MB, took 0.01 s
/home/mt/www/6.7/src/Core/Framework/App/Manifest/Xml/CustomField/CustomFieldTypes/SingleEntitySelectField.php
--- consumed 0 B, total 443 MB, took 0.01 s
/home/mt/www/6.7/src/Core/Framework/App/Manifest/Xml/CustomField/CustomFieldTypes/MultiEntitySelectField.php
--- consumed 0 B, total 443 MB, took 0.00 s
/home/mt/www/6.7/src/Core/Framework/App/Manifest/Xml/CustomField/CustomFieldTypes/PriceField.php
--- consumed 0 B, total 443 MB, took 0.00 s
/home/mt/www/6.7/src/Core/Framework/App/Manifest/Xml/CustomField/CustomFieldTypes/SingleSelectField.php
--- consumed 0 B, total 443 MB, took 0.01 s
/home/mt/www/6.7/src/Core/Framework/App/Manifest/Xml/CustomField/CustomFieldTypes/MultiSelectField.php
--- consumed 0 B, total 443 MB, took 0.00 s
/home/mt/www/6.7/src/Core/Framework/App/Manifest/Xml/CustomField/CustomFieldTypes/IntField.php
--- consumed 0 B, total 443 MB, took 0.01 s
/home/mt/www/6.7/src/Core/Framework/App/Manifest/Xml/CustomField/CustomFieldTypes/BoolField.php
--- consumed 0 B, total 443 MB, took 0.00 s
/home/mt/www/6.7/src/Core/Framework/App/Manifest/Xml/CustomField/CustomFieldSet.php
--- consumed 2 MB, total 445 MB, took 0.05 s
/home/mt/www/6.7/src/Core/Framework/App/Manifest/Xml/XmlElement.php
--- consumed 0 B, total 445 MB, took 0.03 s
/home/mt/www/6.7/src/Core/Framework/App/Manifest/Xml/Tax/Tax.php
--- consumed 0 B, total 445 MB, took 0.01 s
/home/mt/www/6.7/src/Core/Framework/App/Manifest/Xml/Tax/TaxProvider.php
--- consumed 0 B, total 445 MB, took 0.01 s
/home/mt/www/6.7/src/Core/Framework/App/Manifest/Xml/Storefront/Storefront.php
--- consumed 0 B, total 445 MB, took 0.01 s
/home/mt/www/6.7/src/Core/Framework/App/Manifest/Xml/Webhook/Webhooks.php
--- consumed 0 B, total 445 MB, took 0.01 s
/home/mt/www/6.7/src/Core/Framework/App/Manifest/Xml/Webhook/Webhook.php
--- consumed 0 B, total 445 MB, took 0.01 s
/home/mt/www/6.7/src/Core/Framework/App/Manifest/Xml/AllowedHost/AllowedHosts.php
--- consumed 0 B, total 445 MB, took 0.01 s
/home/mt/www/6.7/src/Core/Framework/App/Manifest/Xml/ShippingMethod/ShippingMethods.php
--- consumed 0 B, total 445 MB, took 0.01 s
/home/mt/www/6.7/src/Core/Framework/App/Manifest/Xml/ShippingMethod/ShippingMethod.php
--- consumed 0 B, total 445 MB, took 0.04 s
/home/mt/www/6.7/src/Core/Framework/App/Manifest/Xml/ShippingMethod/DeliveryTime.php
--- consumed 0 B, total 445 MB, took 0.01 s
/home/mt/www/6.7/src/Core/Framework/App/Manifest/Xml/Cookie/Cookies.php
--- consumed 0 B, total 445 MB, took 0.03 s
/home/mt/www/6.7/src/Core/Framework/App/Manifest/Xml/Gateway/AbstractGateway.php
--- consumed 0 B, total 445 MB, took 0.01 s
/home/mt/www/6.7/src/Core/Framework/App/Manifest/Xml/Gateway/ContextGateway.php
--- consumed 0 B, total 445 MB, took 0.00 s
/home/mt/www/6.7/src/Core/Framework/App/Manifest/Xml/Gateway/CheckoutGateway.php
--- consumed 0 B, total 445 MB, took 0.00 s
/home/mt/www/6.7/src/Core/Framework/App/Manifest/Xml/Gateway/InAppPurchasesGateway.php
--- consumed 0 B, total 445 MB, took 0.00 s
/home/mt/www/6.7/src/Core/Framework/App/Manifest/Xml/Gateway/Gateways.php
--- consumed 0 B, total 445 MB, took 0.02 s
/home/mt/www/6.7/src/Core/Framework/App/Manifest/Xml/Meta/Metadata.php
--- consumed 0 B, total 445 MB, took 0.04 s
/home/mt/www/6.7/src/Core/Framework/App/Manifest/XmlParserUtils.php
--- consumed 0 B, total 445 MB, took 0.05 s
/home/mt/www/6.7/src/Core/Framework/App/Manifest/Exception/ManifestNotFoundException.php
--- consumed 0 B, total 445 MB, took 0.00 s
/home/mt/www/6.7/src/Core/Framework/App/Manifest/Exception/UnallowedHostException.php
--- consumed 0 B, total 445 MB, took 0.01 s
/home/mt/www/6.7/src/Core/Framework/App/Manifest/ModuleLoader.php
--- consumed 0 B, total 445 MB, took 0.12 s
/home/mt/www/6.7/src/Core/Framework/App/Manifest/Manifest.php
--- consumed 2 MB, total 447 MB, took 0.13 s
/home/mt/www/6.7/src/Core/Framework/App/Checkout/Payload/AppCheckoutGatewayPayloadService.php
--- consumed 0 B, total 447 MB, took 0.02 s
/home/mt/www/6.7/src/Core/Framework/App/Checkout/Payload/AppCheckoutGatewayPayload.php
--- consumed 0 B, total 447 MB, took 0.04 s
/home/mt/www/6.7/src/Core/Framework/App/Checkout/Gateway/AppCheckoutGateway.php
--- consumed 0 B, total 447 MB, took 0.19 s
/home/mt/www/6.7/src/Core/Framework/App/Checkout/Gateway/AppCheckoutGatewayResponse.php
--- consumed 0 B, total 447 MB, took 0.01 s
/home/mt/www/6.7/src/Core/Framework/App/AppStateService.php
--- consumed 0 B, total 447 MB, took 0.04 s
/home/mt/www/6.7/src/Core/Framework/App/Source/Source.php
--- consumed 0 B, total 447 MB, took 0.00 s
/home/mt/www/6.7/src/Core/Framework/App/Source/Local.php
--- consumed 0 B, total 447 MB, took 0.02 s
/home/mt/www/6.7/src/Core/Framework/App/Source/NoDatabaseSourceResolver.php
--- consumed 0 B, total 447 MB, took 0.01 s
/home/mt/www/6.7/src/Core/Framework/App/Source/TemporaryDirectoryFactory.php
--- consumed 0 B, total 447 MB, took 0.00 s
/home/mt/www/6.7/src/Core/Framework/App/Source/SourceResolver.php
--- consumed 0 B, total 447 MB, took 0.06 s
/home/mt/www/6.7/src/Core/Framework/App/Source/RemoteZip.php
--- consumed 0 B, total 447 MB, took 0.04 s
/home/mt/www/6.7/src/Core/Framework/App/Flow/Event/Event.php
--- consumed 0 B, total 447 MB, took 0.01 s
/home/mt/www/6.7/src/Core/Framework/App/Flow/Event/Xml/CustomEvent.php
--- consumed 0 B, total 447 MB, took 0.02 s
/home/mt/www/6.7/src/Core/Framework/App/Flow/Event/Xml/CustomEvents.php
--- consumed 0 B, total 447 MB, took 0.01 s
/home/mt/www/6.7/src/Core/Framework/App/Flow/Action/Xml/Actions.php
--- consumed 0 B, total 447 MB, took 0.01 s
/home/mt/www/6.7/src/Core/Framework/App/Flow/Action/Xml/Config.php
--- consumed 0 B, total 447 MB, took 0.01 s
/home/mt/www/6.7/src/Core/Framework/App/Flow/Action/Xml/InputField.php
--- consumed 0 B, total 447 MB, took 0.06 s
/home/mt/www/6.7/src/Core/Framework/App/Flow/Action/Xml/Parameter.php
--- consumed 0 B, total 447 MB, took 0.01 s
/home/mt/www/6.7/src/Core/Framework/App/Flow/Action/Xml/Parameters.php
--- consumed 0 B, total 447 MB, took 0.01 s
/home/mt/www/6.7/src/Core/Framework/App/Flow/Action/Xml/Headers.php
--- consumed 0 B, total 447 MB, took 0.01 s
/home/mt/www/6.7/src/Core/Framework/App/Flow/Action/Xml/Action.php
--- consumed 0 B, total 447 MB, took 0.05 s
/home/mt/www/6.7/src/Core/Framework/App/Flow/Action/Xml/Metadata.php
--- consumed 0 B, total 447 MB, took 0.04 s
/home/mt/www/6.7/src/Core/Framework/App/Flow/Action/AppFlowActionLoadedSubscriber.php
--- consumed 0 B, total 447 MB, took 0.02 s
/home/mt/www/6.7/src/Core/Framework/App/Flow/Action/AppFlowActionProvider.php
--- consumed 2 MB, total 449 MB, took 0.05 s
/home/mt/www/6.7/src/Core/Framework/App/Flow/Action/Action.php
--- consumed 0 B, total 449 MB, took 0.01 s
/home/mt/www/6.7/src/Core/Framework/App/Context/Payload/AppContextGatewayPayloadService.php
--- consumed 0 B, total 449 MB, took 0.01 s
/home/mt/www/6.7/src/Core/Framework/App/Context/Gateway/AppContextGatewayResponse.php
--- consumed 0 B, total 449 MB, took 0.01 s
/home/mt/www/6.7/src/Core/Framework/App/Context/Gateway/AppContextGateway.php
--- consumed 0 B, total 449 MB, took 0.09 s
/home/mt/www/6.7/src/Core/Framework/App/AppExtractor.php
--- consumed 0 B, total 449 MB, took 0.02 s
/home/mt/www/6.7/src/Core/Framework/App/Subscriber/AppScriptConditionConstraintsSubscriber.php
--- consumed 0 B, total 449 MB, took 0.02 s
/home/mt/www/6.7/src/Core/Framework/App/Subscriber/CustomFieldProtectionSubscriber.php
--- consumed 0 B, total 449 MB, took 0.05 s
/home/mt/www/6.7/src/Core/Framework/App/Subscriber/AppLoadedSubscriber.php
--- consumed 0 B, total 449 MB, took 0.01 s
/home/mt/www/6.7/src/Core/Framework/App/Exception/InvalidAppFlowActionVariableException.php
--- consumed 0 B, total 449 MB, took 0.00 s
/home/mt/www/6.7/src/Core/Framework/App/Exception/AppRegistrationException.php
--- consumed 0 B, total 449 MB, took 0.00 s
/home/mt/www/6.7/src/Core/Framework/App/Exception/ShopIdChangeStrategyNotFoundException.php
--- consumed 0 B, total 449 MB, took 0.00 s
/home/mt/www/6.7/src/Core/Framework/App/Exception/AppAlreadyInstalledException.php
--- consumed 0 B, total 449 MB, took 0.00 s
/home/mt/www/6.7/src/Core/Framework/App/Exception/ShopIdChangeSuggestedException.php
--- consumed 0 B, total 449 MB, took 0.01 s
/home/mt/www/6.7/src/Core/Framework/App/Exception/AppDownloadException.php
--- consumed 0 B, total 449 MB, took 0.01 s
/home/mt/www/6.7/src/Core/Framework/App/Exception/InvalidAppConfigurationException.php
--- consumed 0 B, total 449 MB, took 0.00 s
/home/mt/www/6.7/src/Core/Framework/App/Exception/CustomFieldTypeNotFoundException.php
--- consumed 0 B, total 449 MB, took 0.00 s
/home/mt/www/6.7/src/Core/Framework/App/Exception/AppArchiveValidationFailure.php
--- consumed 0 B, total 449 MB, took 0.02 s
/home/mt/www/6.7/src/Core/Framework/App/Exception/AppXmlParsingException.php
--- consumed 0 B, total 449 MB, took 0.01 s
/home/mt/www/6.7/src/Core/Framework/App/Exception/AppNotFoundException.php
--- consumed 0 B, total 449 MB, took 0.00 s
/home/mt/www/6.7/src/Core/Framework/App/Exception/AppValidationException.php
--- consumed 0 B, total 449 MB, took 0.01 s
/home/mt/www/6.7/src/Core/Framework/App/Exception/AppLicenseCouldNotBeVerifiedException.php
--- consumed 0 B, total 449 MB, took 0.00 s
/home/mt/www/6.7/src/Core/Framework/App/Exception/UserAbortedCommandException.php
--- consumed 0 B, total 449 MB, took 0.00 s
/home/mt/www/6.7/src/Core/Framework/App/Exception/AppCmsExtensionException.php
--- consumed 0 B, total 449 MB, took 0.01 s
/home/mt/www/6.7/src/Core/Framework/App/Payment/Payload/PaymentPayloadService.php
--- consumed 2 MB, total 451 MB, took 0.01 s
/home/mt/www/6.7/src/Core/Framework/App/Payment/Payload/Struct/PaymentPayload.php
--- consumed 0 B, total 451 MB, took 0.06 s
/home/mt/www/6.7/src/Core/Framework/App/Payment/Payload/Struct/PaymentPayloadInterface.php
--- consumed 0 B, total 451 MB, took 0.00 s
/home/mt/www/6.7/src/Core/Framework/App/Payment/Payload/Struct/ValidatePayload.php
--- consumed 0 B, total 451 MB, took 0.05 s
/home/mt/www/6.7/src/Core/Framework/App/Payment/Payload/Struct/RefundPayload.php
--- consumed 0 B, total 451 MB, took 0.07 s
/home/mt/www/6.7/src/Core/Framework/App/Payment/Payload/Struct/RemoveAppTrait.php
--- consumed 0 B, total 451 MB, took 0.00 s
/home/mt/www/6.7/src/Core/Framework/App/Payment/Response/RefundResponse.php
--- consumed 0 B, total 451 MB, took 0.01 s
/home/mt/www/6.7/src/Core/Framework/App/Payment/Response/AbstractResponse.php
--- consumed 0 B, total 451 MB, took 0.01 s
/home/mt/www/6.7/src/Core/Framework/App/Payment/Response/ValidateResponse.php
--- consumed 0 B, total 451 MB, took 0.00 s
/home/mt/www/6.7/src/Core/Framework/App/Payment/Response/PaymentResponse.php
--- consumed 0 B, total 451 MB, took 0.01 s
/home/mt/www/6.7/src/Core/Framework/App/Payment/Response/CheckoutGatewayResponse.php
--- consumed 0 B, total 451 MB, took 0.02 s
/home/mt/www/6.7/src/Core/Framework/App/Payment/Handler/AppPaymentHandler.php
--- consumed 0 B, total 451 MB, took 0.30 s
/home/mt/www/6.7/src/Core/Framework/App/Payment/PaymentMethodStateService.php
--- consumed 0 B, total 451 MB, took 0.02 s
/home/mt/www/6.7/src/Core/Framework/App/ActionButton/Executor.php
--- consumed 2 MB, total 453 MB, took 0.07 s
/home/mt/www/6.7/src/Core/Framework/App/ActionButton/AppActionLoader.php
--- consumed 0 B, total 453 MB, took 0.02 s
/home/mt/www/6.7/src/Core/Framework/App/ActionButton/Response/ReloadDataResponseFactory.php
--- consumed 0 B, total 453 MB, took 0.01 s
/home/mt/www/6.7/src/Core/Framework/App/ActionButton/Response/OpenModalResponse.php
--- consumed 0 B, total 453 MB, took 0.01 s
/home/mt/www/6.7/src/Core/Framework/App/ActionButton/Response/OpenModalResponseFactory.php
--- consumed 0 B, total 453 MB, took 0.03 s
/home/mt/www/6.7/src/Core/Framework/App/ActionButton/Response/ActionButtonResponse.php
--- consumed 0 B, total 453 MB, took 0.00 s
/home/mt/www/6.7/src/Core/Framework/App/ActionButton/Response/ReloadDataResponse.php
--- consumed 0 B, total 453 MB, took 0.00 s
/home/mt/www/6.7/src/Core/Framework/App/ActionButton/Response/ActionButtonResponseFactoryInterface.php
--- consumed 0 B, total 453 MB, took 0.00 s
/home/mt/www/6.7/src/Core/Framework/App/ActionButton/Response/ActionButtonResponseFactory.php
--- consumed 0 B, total 453 MB, took 0.01 s
/home/mt/www/6.7/src/Core/Framework/App/ActionButton/Response/NotificationResponseFactory.php
--- consumed 0 B, total 453 MB, took 0.01 s
/home/mt/www/6.7/src/Core/Framework/App/ActionButton/Response/OpenNewTabResponse.php
--- consumed 0 B, total 453 MB, took 0.00 s
/home/mt/www/6.7/src/Core/Framework/App/ActionButton/Response/NotificationResponse.php
--- consumed 0 B, total 453 MB, took 0.00 s
/home/mt/www/6.7/src/Core/Framework/App/ActionButton/Response/OpenNewTabResponseFactory.php
--- consumed 0 B, total 453 MB, took 0.02 s
/home/mt/www/6.7/src/Core/Framework/App/ActionButton/AppAction.php
--- consumed 0 B, total 453 MB, took 0.02 s
/home/mt/www/6.7/src/Core/Framework/App/ActionButton/ActionButtonLoader.php
--- consumed 0 B, total 453 MB, took 0.05 s
/home/mt/www/6.7/src/Core/Framework/App/Privileges/Privileges.php
--- consumed 0 B, total 453 MB, took 0.12 s
/home/mt/www/6.7/src/Core/Framework/App/Privileges/Utils.php
--- consumed 0 B, total 453 MB, took 0.05 s
/home/mt/www/6.7/src/Core/Framework/App/ShopId/FingerprintMatch.php
--- consumed 0 B, total 453 MB, took 0.00 s
/home/mt/www/6.7/src/Core/Framework/App/ShopId/Fingerprint/AppUrl.php
--- consumed 0 B, total 453 MB, took 0.01 s
/home/mt/www/6.7/src/Core/Framework/App/ShopId/Fingerprint/SalesChannelDomainUrls.php
--- consumed 0 B, total 453 MB, took 0.01 s
/home/mt/www/6.7/src/Core/Framework/App/ShopId/Fingerprint/InstallationPath.php
--- consumed 0 B, total 453 MB, took 0.00 s
/home/mt/www/6.7/src/Core/Framework/App/ShopId/FingerprintComparisonResult.php
--- consumed 0 B, total 453 MB, took 0.01 s
/home/mt/www/6.7/src/Core/Framework/App/ShopId/ShopIdDeletedEvent.php
--- consumed 0 B, total 453 MB, took 0.00 s
/home/mt/www/6.7/src/Core/Framework/App/ShopId/FingerprintGenerator.php
--- consumed 0 B, total 453 MB, took 0.02 s
/home/mt/www/6.7/src/Core/Framework/App/ShopId/ShopIdProvider.php
--- consumed 0 B, total 453 MB, took 0.06 s
/home/mt/www/6.7/src/Core/Framework/App/ShopId/ShopIdChangedEvent.php
--- consumed 0 B, total 453 MB, took 0.00 s
/home/mt/www/6.7/src/Core/Framework/App/ShopId/Fingerprint.php
--- consumed 0 B, total 453 MB, took 0.00 s
/home/mt/www/6.7/src/Core/Framework/App/ShopId/FingerprintMismatch.php
--- consumed 0 B, total 453 MB, took 0.00 s
/home/mt/www/6.7/src/Core/Framework/App/ShopId/ShopId.php
--- consumed 0 B, total 453 MB, took 0.02 s
/home/mt/www/6.7/src/Core/Framework/App/Template/TemplateCollection.php
--- consumed 0 B, total 453 MB, took 0.01 s
/home/mt/www/6.7/src/Core/Framework/App/Template/TemplateDefinition.php
--- consumed 0 B, total 453 MB, took 0.02 s
/home/mt/www/6.7/src/Core/Framework/App/Template/TemplateStateService.php
--- consumed 0 B, total 453 MB, took 0.02 s
/home/mt/www/6.7/src/Core/Framework/App/Template/TemplateEntity.php
--- consumed 0 B, total 453 MB, took 0.02 s
/home/mt/www/6.7/src/Core/Framework/App/Template/AbstractTemplateLoader.php
--- consumed 0 B, total 453 MB, took 0.00 s
/home/mt/www/6.7/src/Core/Framework/App/Template/TemplateLoader.php
--- consumed 0 B, total 453 MB, took 0.04 s
/home/mt/www/6.7/src/Core/Framework/App/Delta/DomainsDeltaProvider.php
--- consumed 0 B, total 453 MB, took 0.01 s
/home/mt/www/6.7/src/Core/Framework/App/Delta/AppConfirmationDeltaProvider.php
--- consumed 0 B, total 453 MB, took 0.01 s
/home/mt/www/6.7/src/Core/Framework/App/Delta/AbstractAppDeltaProvider.php
--- consumed 0 B, total 453 MB, took 0.00 s
/home/mt/www/6.7/src/Core/Framework/App/Delta/PermissionsDeltaProvider.php
--- consumed 0 B, total 453 MB, took 0.01 s
/home/mt/www/6.7/src/Core/Framework/App/AppDownloader.php
--- consumed 2 MB, total 455 MB, took 0.03 s
/home/mt/www/6.7/src/Core/Framework/App/Command/DeactivateAppCommand.php
--- consumed 0 B, total 455 MB, took 0.02 s
/home/mt/www/6.7/src/Core/Framework/App/Command/UninstallAppCommand.php
--- consumed 2 MB, total 457 MB, took 0.07 s
/home/mt/www/6.7/src/Core/Framework/App/Command/AbstractAppActivationCommand.php
--- consumed 0 B, total 457 MB, took 0.02 s
/home/mt/www/6.7/src/Core/Framework/App/Command/AppPrinter.php
--- consumed 0 B, total 457 MB, took 0.09 s
/home/mt/www/6.7/src/Core/Framework/App/Command/RefreshAppCommand.php
--- consumed 0 B, total 457 MB, took 0.08 s
/home/mt/www/6.7/src/Core/Framework/App/Command/ValidateAppCommand.php
--- consumed 0 B, total 457 MB, took 0.06 s
/home/mt/www/6.7/src/Core/Framework/App/Command/CheckShopIdCommand.php
--- consumed 0 B, total 457 MB, took 0.04 s
/home/mt/www/6.7/src/Core/Framework/App/Command/ActivateAppCommand.php
--- consumed 0 B, total 457 MB, took 0.01 s
/home/mt/www/6.7/src/Core/Framework/App/Command/CreateAppCommand.php
--- consumed 6 MB, total 463 MB, took 0.30 s
/home/mt/www/6.7/src/Core/Framework/App/Command/AppListCommand.php
--- consumed 0 B, total 463 MB, took 0.05 s
/home/mt/www/6.7/src/Core/Framework/App/Command/InstallAppCommand.php
--- consumed 0 B, total 463 MB, took 0.07 s
/home/mt/www/6.7/src/Core/Framework/App/Command/ChangeShopIdCommand.php
--- consumed 0 B, total 463 MB, took 0.03 s
/home/mt/www/6.7/src/Core/Framework/App/AppEntity.php
--- consumed 0 B, total 463 MB, took 0.18 s
/home/mt/www/6.7/src/Core/Framework/App/AppArchiveValidator.php
--- consumed 2 MB, total 465 MB, took 0.05 s
/home/mt/www/6.7/src/Core/Framework/App/Aggregate/AppScriptConditionTranslation/AppScriptConditionTranslationCollection.php
--- consumed 0 B, total 465 MB, took 0.01 s
/home/mt/www/6.7/src/Core/Framework/App/Aggregate/AppScriptConditionTranslation/AppScriptConditionTranslationDefinition.php
--- consumed 0 B, total 465 MB, took 0.01 s
/home/mt/www/6.7/src/Core/Framework/App/Aggregate/AppScriptConditionTranslation/AppScriptConditionTranslationEntity.php
--- consumed 0 B, total 465 MB, took 0.01 s
/home/mt/www/6.7/src/Core/Framework/App/Aggregate/AppTranslation/AppTranslationDefinition.php
--- consumed 0 B, total 465 MB, took 0.01 s
/home/mt/www/6.7/src/Core/Framework/App/Aggregate/AppTranslation/AppTranslationEntity.php
--- consumed 0 B, total 465 MB, took 0.04 s
/home/mt/www/6.7/src/Core/Framework/App/Aggregate/AppTranslation/AppTranslationCollection.php
--- consumed 0 B, total 465 MB, took 0.00 s
/home/mt/www/6.7/src/Core/Framework/App/Aggregate/ActionButtonTranslation/ActionButtonTranslationDefinition.php
--- consumed 0 B, total 465 MB, took 0.01 s
/home/mt/www/6.7/src/Core/Framework/App/Aggregate/ActionButtonTranslation/ActionButtonTranslationCollection.php
--- consumed 0 B, total 465 MB, took 0.00 s
/home/mt/www/6.7/src/Core/Framework/App/Aggregate/ActionButtonTranslation/ActionButtonTranslationEntity.php
--- consumed 0 B, total 465 MB, took 0.02 s
/home/mt/www/6.7/src/Core/Framework/App/Aggregate/AppPaymentMethod/AppPaymentMethodDefinition.php
--- consumed 0 B, total 465 MB, took 0.02 s
/home/mt/www/6.7/src/Core/Framework/App/Aggregate/AppPaymentMethod/AppPaymentMethodEntity.php
--- consumed 0 B, total 465 MB, took 0.04 s
/home/mt/www/6.7/src/Core/Framework/App/Aggregate/AppPaymentMethod/AppPaymentMethodCollection.php
--- consumed 0 B, total 465 MB, took 0.00 s
/home/mt/www/6.7/src/Core/Framework/App/Aggregate/FlowAction/AppFlowActionEntity.php
--- consumed 0 B, total 465 MB, took 0.08 s
/home/mt/www/6.7/src/Core/Framework/App/Aggregate/FlowAction/AppFlowActionDefinition.php
--- consumed 2 MB, total 467 MB, took 0.03 s
/home/mt/www/6.7/src/Core/Framework/App/Aggregate/FlowAction/AppFlowActionCollection.php
--- consumed 0 B, total 467 MB, took 0.01 s
/home/mt/www/6.7/src/Core/Framework/App/Aggregate/AppScriptCondition/AppScriptConditionCollection.php
--- consumed 0 B, total 467 MB, took 0.01 s
/home/mt/www/6.7/src/Core/Framework/App/Aggregate/AppScriptCondition/AppScriptConditionEntity.php
--- consumed 0 B, total 467 MB, took 0.05 s
/home/mt/www/6.7/src/Core/Framework/App/Aggregate/AppScriptCondition/AppScriptConditionDefinition.php
--- consumed 0 B, total 467 MB, took 0.02 s
/home/mt/www/6.7/src/Core/Framework/App/Aggregate/CmsBlock/AppCmsBlockEntity.php
--- consumed 0 B, total 467 MB, took 0.03 s
/home/mt/www/6.7/src/Core/Framework/App/Aggregate/CmsBlock/AppCmsBlockCollection.php
--- consumed 0 B, total 467 MB, took 0.01 s
/home/mt/www/6.7/src/Core/Framework/App/Aggregate/CmsBlock/AppCmsBlockDefinition.php
--- consumed 0 B, total 467 MB, took 0.02 s
/home/mt/www/6.7/src/Core/Framework/App/Aggregate/ActionButton/ActionButtonCollection.php
--- consumed 0 B, total 467 MB, took 0.01 s
/home/mt/www/6.7/src/Core/Framework/App/Aggregate/ActionButton/ActionButtonEntity.php
--- consumed 0 B, total 467 MB, took 0.02 s
/home/mt/www/6.7/src/Core/Framework/App/Aggregate/ActionButton/ActionButtonDefinition.php
--- consumed 0 B, total 467 MB, took 0.02 s
/home/mt/www/6.7/src/Core/Framework/App/Aggregate/CmsBlockTranslation/AppCmsBlockTranslationEntity.php
--- consumed 0 B, total 467 MB, took 0.02 s
/home/mt/www/6.7/src/Core/Framework/App/Aggregate/CmsBlockTranslation/AppCmsBlockTranslationDefinition.php
--- consumed 0 B, total 467 MB, took 0.01 s
/home/mt/www/6.7/src/Core/Framework/App/Aggregate/CmsBlockTranslation/AppCmsBlockTranslationCollection.php
--- consumed 0 B, total 467 MB, took 0.00 s
/home/mt/www/6.7/src/Core/Framework/App/Aggregate/FlowEvent/AppFlowEventEntity.php
--- consumed 0 B, total 467 MB, took 0.05 s
/home/mt/www/6.7/src/Core/Framework/App/Aggregate/FlowEvent/AppFlowEventDefinition.php
--- consumed 0 B, total 467 MB, took 0.02 s
/home/mt/www/6.7/src/Core/Framework/App/Aggregate/FlowEvent/AppFlowEventCollection.php
--- consumed 0 B, total 467 MB, took 0.01 s
/home/mt/www/6.7/src/Core/Framework/App/Aggregate/AppShippingMethod/AppShippingMethodEntity.php
--- consumed 0 B, total 467 MB, took 0.03 s
/home/mt/www/6.7/src/Core/Framework/App/Aggregate/AppShippingMethod/AppShippingMethodDefinition.php
--- consumed 0 B, total 467 MB, took 0.02 s
/home/mt/www/6.7/src/Core/Framework/App/Aggregate/FlowActionTranslation/AppFlowActionTranslationCollection.php
--- consumed 0 B, total 467 MB, took 0.00 s
/home/mt/www/6.7/src/Core/Framework/App/Aggregate/FlowActionTranslation/AppFlowActionTranslationEntity.php
--- consumed 0 B, total 467 MB, took 0.04 s
/home/mt/www/6.7/src/Core/Framework/App/Aggregate/FlowActionTranslation/AppFlowActionTranslationDefinition.php
--- consumed 0 B, total 467 MB, took 0.01 s
/home/mt/www/6.7/src/Core/Framework/App/AppCollection.php
--- consumed 0 B, total 467 MB, took 0.00 s
/home/mt/www/6.7/src/Core/Framework/App/Hmac/QuerySigner.php
--- consumed 0 B, total 467 MB, took 0.12 s
/home/mt/www/6.7/src/Core/Framework/App/Hmac/Guzzle/AuthMiddleware.php
--- consumed 0 B, total 467 MB, took 0.04 s
/home/mt/www/6.7/src/Core/Framework/App/Hmac/RequestSigner.php
--- consumed 2 MB, total 469 MB, took 0.04 s
/home/mt/www/6.7/src/Core/Framework/App/AppEvents.php
--- consumed 0 B, total 469 MB, took 0.00 s
/home/mt/www/6.7/src/Core/Framework/App/Cms/CmsExtensions.php
--- consumed 0 B, total 469 MB, took 0.01 s
/home/mt/www/6.7/src/Core/Framework/App/Cms/Xml/Config.php
--- consumed 0 B, total 469 MB, took 0.01 s
/home/mt/www/6.7/src/Core/Framework/App/Cms/Xml/Block.php
--- consumed 0 B, total 469 MB, took 0.05 s
/home/mt/www/6.7/src/Core/Framework/App/Cms/Xml/Slot.php
--- consumed 0 B, total 469 MB, took 0.02 s
/home/mt/www/6.7/src/Core/Framework/App/Cms/Xml/Blocks.php
--- consumed 0 B, total 469 MB, took 0.01 s
/home/mt/www/6.7/src/Core/Framework/App/Cms/Xml/DefaultConfig.php
--- consumed 0 B, total 469 MB, took 0.01 s
/home/mt/www/6.7/src/Core/Framework/App/Cms/AbstractBlockTemplateLoader.php
--- consumed 0 B, total 469 MB, took 0.00 s
/home/mt/www/6.7/src/Core/Framework/App/Cms/BlockTemplateLoader.php
--- consumed 0 B, total 469 MB, took 0.01 s
/home/mt/www/6.7/src/Core/Framework/App/Cookie/AppCookieCollectListener.php
--- consumed 2 MB, total 471 MB, took 0.08 s
/home/mt/www/6.7/src/Core/Framework/App/ScheduledTask/UpdateAppsTask.php
--- consumed 0 B, total 471 MB, took 0.01 s
/home/mt/www/6.7/src/Core/Framework/App/ScheduledTask/UpdateAppsHandler.php
--- consumed 0 B, total 471 MB, took 0.01 s
/home/mt/www/6.7/src/Core/Framework/App/ScheduledTask/DeleteCascadeAppsTask.php
--- consumed 0 B, total 471 MB, took 0.00 s
/home/mt/www/6.7/src/Core/Framework/App/ScheduledTask/DeleteCascadeAppsHandler.php
--- consumed 0 B, total 471 MB, took 0.03 s
/home/mt/www/6.7/src/Core/Framework/App/Validation/AbstractManifestValidator.php
--- consumed 0 B, total 471 MB, took 0.00 s
/home/mt/www/6.7/src/Core/Framework/App/Validation/ManifestValidator.php
--- consumed 0 B, total 471 MB, took 0.01 s
/home/mt/www/6.7/src/Core/Framework/App/Validation/AppNameValidator.php
--- consumed 0 B, total 471 MB, took 0.01 s
/home/mt/www/6.7/src/Core/Framework/App/Validation/HookableValidator.php
--- consumed 0 B, total 471 MB, took 0.04 s
/home/mt/www/6.7/src/Core/Framework/App/Validation/TranslationValidator.php
--- consumed 0 B, total 471 MB, took 0.01 s
/home/mt/www/6.7/src/Core/Framework/App/Validation/ConfigValidator.php
--- consumed 0 B, total 471 MB, took 0.03 s
/home/mt/www/6.7/src/Core/Framework/App/Validation/Error/MissingTranslationError.php
--- consumed 0 B, total 471 MB, took 0.02 s
/home/mt/www/6.7/src/Core/Framework/App/Validation/Error/Error.php
--- consumed 0 B, total 471 MB, took 0.00 s
/home/mt/www/6.7/src/Core/Framework/App/Validation/Error/AppNameError.php
--- consumed 0 B, total 471 MB, took 0.01 s
/home/mt/www/6.7/src/Core/Framework/App/Validation/Error/MissingPermissionError.php
--- consumed 0 B, total 471 MB, took 0.01 s
/home/mt/www/6.7/src/Core/Framework/App/Validation/Error/ConfigurationError.php
--- consumed 0 B, total 471 MB, took 0.01 s
/home/mt/www/6.7/src/Core/Framework/App/Validation/Error/ErrorCollection.php
--- consumed 0 B, total 471 MB, took 0.01 s
/home/mt/www/6.7/src/Core/Framework/App/Validation/Error/NotHookableError.php
--- consumed 0 B, total 471 MB, took 0.01 s
/home/mt/www/6.7/src/Core/Framework/App/AppDefinition.php
--- consumed 0 B, total 471 MB, took 0.06 s
/home/mt/www/6.7/src/Core/Framework/ShopwareException.php
--- consumed 0 B, total 471 MB, took 0.00 s
/home/mt/www/6.7/src/Core/Framework/Webhook/Event/PreWebhooksDispatchEvent.php
--- consumed 0 B, total 471 MB, took 0.00 s
/home/mt/www/6.7/src/Core/Framework/Webhook/WebhookCacheClearer.php
--- consumed 0 B, total 471 MB, took 0.02 s
/home/mt/www/6.7/src/Core/Framework/Webhook/WebhookDispatcher.php
--- consumed 0 B, total 471 MB, took 0.03 s
/home/mt/www/6.7/src/Core/Framework/Webhook/Service/WebhookLoader.php
--- consumed 0 B, total 471 MB, took 0.02 s
/home/mt/www/6.7/src/Core/Framework/Webhook/Service/RelatedWebhooks.php
--- consumed 2 MB, total 473 MB, took 0.01 s
/home/mt/www/6.7/src/Core/Framework/Webhook/Service/WebhookCleanup.php
--- consumed 0 B, total 473 MB, took 0.02 s
/home/mt/www/6.7/src/Core/Framework/Webhook/Service/WebhookManager.php
--- consumed 0 B, total 473 MB, took 0.28 s
/home/mt/www/6.7/src/Core/Framework/Webhook/WebhookCollection.php
--- consumed 0 B, total 473 MB, took 0.03 s
/home/mt/www/6.7/src/Core/Framework/Webhook/Hookable/HookableEventCollector.php
--- consumed 0 B, total 473 MB, took 0.15 s
/home/mt/www/6.7/src/Core/Framework/Webhook/Hookable/WriteResultMerger.php
--- consumed 0 B, total 473 MB, took 0.06 s
/home/mt/www/6.7/src/Core/Framework/Webhook/Hookable/HookableEntityInterface.php
--- consumed 0 B, total 473 MB, took 0.00 s
/home/mt/www/6.7/src/Core/Framework/Webhook/Hookable/HookableBusinessEvent.php
--- consumed 0 B, total 473 MB, took 0.04 s
/home/mt/www/6.7/src/Core/Framework/Webhook/Hookable/HookableEventFactory.php
--- consumed 0 B, total 473 MB, took 0.03 s
/home/mt/www/6.7/src/Core/Framework/Webhook/Hookable/HookableEntityWrittenEvent.php
--- consumed 0 B, total 473 MB, took 0.04 s
/home/mt/www/6.7/src/Core/Framework/Webhook/Subscriber/RetryWebhookMessageFailedSubscriber.php
--- consumed 0 B, total 473 MB, took 0.03 s
/home/mt/www/6.7/src/Core/Framework/Webhook/Message/WebhookEventMessage.php
--- consumed 0 B, total 473 MB, took 0.01 s
/home/mt/www/6.7/src/Core/Framework/Webhook/Handler/WebhookEventMessageHandler.php
--- consumed 0 B, total 473 MB, took 0.05 s
/home/mt/www/6.7/src/Core/Framework/Webhook/BusinessEventEncoder.php
--- consumed 2 MB, total 475 MB, took 0.09 s
/home/mt/www/6.7/src/Core/Framework/Webhook/WebhookEntity.php
--- consumed 0 B, total 475 MB, took 0.02 s
/home/mt/www/6.7/src/Core/Framework/Webhook/WebhookException.php
--- consumed 0 B, total 475 MB, took 0.02 s
/home/mt/www/6.7/src/Core/Framework/Webhook/EventLog/WebhookEventLogEntity.php
--- consumed 0 B, total 475 MB, took 0.07 s
/home/mt/www/6.7/src/Core/Framework/Webhook/EventLog/WebhookEventLogDefinition.php
--- consumed 0 B, total 475 MB, took 0.02 s
/home/mt/www/6.7/src/Core/Framework/Webhook/EventLog/WebhookEventLogCollection.php
--- consumed 0 B, total 475 MB, took 0.01 s
/home/mt/www/6.7/src/Core/Framework/Webhook/AclPrivilegeCollection.php
--- consumed 0 B, total 475 MB, took 0.00 s
/home/mt/www/6.7/src/Core/Framework/Webhook/ScheduledTask/CleanupWebhookEventLogTask.php
--- consumed 0 B, total 475 MB, took 0.00 s
/home/mt/www/6.7/src/Core/Framework/Webhook/ScheduledTask/CleanupWebhookEventLogTaskHandler.php
--- consumed 2 MB, total 477 MB, took 0.12 s
/home/mt/www/6.7/src/Core/Framework/Webhook/Webhook.php
--- consumed 0 B, total 477 MB, took 0.00 s
/home/mt/www/6.7/src/Core/Framework/Webhook/Hookable.php
--- consumed 0 B, total 477 MB, took 0.01 s
/home/mt/www/6.7/src/Core/Framework/Webhook/WebhookDefinition.php
--- consumed 0 B, total 477 MB, took 0.02 s
/home/mt/www/6.7/src/Core/Framework/Util/VersionParser.php
--- consumed 0 B, total 477 MB, took 0.02 s
/home/mt/www/6.7/src/Core/Framework/Util/ArrayNormalizer.php
--- consumed 0 B, total 477 MB, took 0.05 s
/home/mt/www/6.7/src/Core/Framework/Util/MemorySizeCalculator.php
--- consumed 2 MB, total 479 MB, took 0.06 s
/home/mt/www/6.7/src/Core/Framework/Util/UrlEncoder.php
--- consumed 0 B, total 479 MB, took 0.02 s
/home/mt/www/6.7/src/Core/Framework/Util/ArrayComparator.php
--- consumed 0 B, total 479 MB, took 0.01 s
/home/mt/www/6.7/src/Core/Framework/Util/HtmlSanitizer.php
--- consumed 8 MB, total 487 MB, took 0.33 s
/home/mt/www/6.7/src/Core/Framework/Util/UtilException.php
--- consumed 0 B, total 487 MB, took 0.02 s
/home/mt/www/6.7/src/Core/Framework/Util/Exception/ComparatorException.php
--- consumed 0 B, total 487 MB, took 0.00 s
/home/mt/www/6.7/src/Core/Framework/Util/Exception/UtilXmlParsingException.php
--- consumed 0 B, total 487 MB, took 0.00 s
/home/mt/www/6.7/src/Core/Framework/Util/IOStreamHelper.php
--- consumed 0 B, total 487 MB, took 0.01 s
/home/mt/www/6.7/src/Core/Framework/Util/FloatComparator.php
--- consumed 0 B, total 487 MB, took 0.01 s
/home/mt/www/6.7/src/Core/Framework/Util/Json.php
--- consumed 2 MB, total 489 MB, took 0.03 s
/home/mt/www/6.7/src/Core/Framework/Util/Hasher.php
--- consumed 0 B, total 489 MB, took 0.01 s
/home/mt/www/6.7/src/Core/Framework/Util/Random.php
--- consumed 0 B, total 489 MB, took 0.04 s
/home/mt/www/6.7/src/Core/Framework/Util/Filesystem.php
--- consumed 0 B, total 489 MB, took 0.02 s
/home/mt/www/6.7/src/Core/Framework/Util/XmlReader.php
--- consumed 0 B, total 489 MB, took 0.04 s
/home/mt/www/6.7/src/Core/Framework/Adapter/Kernel/HttpCacheKernel.php
--- consumed 0 B, total 489 MB, took 0.04 s
/home/mt/www/6.7/src/Core/Framework/Adapter/Kernel/KernelFactory.php
--- consumed 0 B, total 489 MB, took 0.04 s
/home/mt/www/6.7/src/Core/Framework/Adapter/Kernel/EsiDecoration.php
--- consumed 0 B, total 489 MB, took 0.05 s
/home/mt/www/6.7/src/Core/Framework/Adapter/Kernel/HttpKernel.php
--- consumed 0 B, total 489 MB, took 0.03 s
/home/mt/www/6.7/src/Core/Framework/Adapter/Translation/AbstractTranslator.php
--- consumed 0 B, total 489 MB, took 0.02 s
/home/mt/www/6.7/src/Core/Framework/Adapter/Translation/Translator.php
--- consumed 0 B, total 489 MB, took 0.23 s
/home/mt/www/6.7/src/Core/Framework/Adapter/Doctrine/Messenger/DoctrineTransportFactory.php
--- consumed 2 MB, total 491 MB, took 0.03 s
/home/mt/www/6.7/src/Core/Framework/Adapter/Console/ShopwareStyle.php
--- consumed 0 B, total 491 MB, took 0.03 s
/home/mt/www/6.7/src/Core/Framework/Adapter/Twig/SecurityExtension.php
--- consumed 0 B, total 491 MB, took 0.13 s
/home/mt/www/6.7/src/Core/Framework/Adapter/Twig/Filter/LeadingSpacesFilter.php
--- consumed 0 B, total 491 MB, took 0.02 s
/home/mt/www/6.7/src/Core/Framework/Adapter/Twig/Filter/EmailIdnTwigFilter.php
--- consumed 0 B, total 491 MB, took 0.01 s
/home/mt/www/6.7/src/Core/Framework/Adapter/Twig/Filter/CurrencyFilter.php
--- consumed 0 B, total 491 MB, took 0.03 s
/home/mt/www/6.7/src/Core/Framework/Adapter/Twig/Filter/ReplaceRecursiveFilter.php
--- consumed 0 B, total 491 MB, took 0.01 s
/home/mt/www/6.7/src/Core/Framework/Adapter/Twig/Extension/RawUrlFunctionExtension.php
--- consumed 0 B, total 491 MB, took 0.02 s
/home/mt/www/6.7/src/Core/Framework/Adapter/Twig/Extension/SwSanitizeTwigFilter.php
--- consumed 0 B, total 491 MB, took 0.02 s
/home/mt/www/6.7/src/Core/Framework/Adapter/Twig/Extension/TwigFeaturesWithInheritanceExtension.php
--- consumed 0 B, total 491 MB, took 0.20 s
/home/mt/www/6.7/src/Core/Framework/Adapter/Twig/Extension/MediaExtension.php
--- consumed 0 B, total 491 MB, took 0.02 s
/home/mt/www/6.7/src/Core/Framework/Adapter/Twig/Extension/NodeExtension.php
--- consumed 0 B, total 491 MB, took 0.02 s
/home/mt/www/6.7/src/Core/Framework/Adapter/Twig/Extension/CategoryUrlExtension.php
--- consumed 0 B, total 491 MB, took 0.03 s
/home/mt/www/6.7/src/Core/Framework/Adapter/Twig/Extension/ComparisonExtension.php
--- consumed 0 B, total 491 MB, took 0.04 s
/home/mt/www/6.7/src/Core/Framework/Adapter/Twig/Extension/PhpSyntaxExtension.php
--- consumed 0 B, total 491 MB, took 0.11 s
/home/mt/www/6.7/src/Core/Framework/Adapter/Twig/Extension/InstanceOfExtension.php
--- consumed 0 B, total 491 MB, took 0.02 s
/home/mt/www/6.7/src/Core/Framework/Adapter/Twig/Extension/PcreExtension.php
--- consumed 0 B, total 491 MB, took 0.02 s
/home/mt/www/6.7/src/Core/Framework/Adapter/Twig/Extension/InAppPurchaseExtension.php
--- consumed 0 B, total 491 MB, took 0.01 s
/home/mt/www/6.7/src/Core/Framework/Adapter/Twig/Extension/BuildBreadcrumbExtension.php
--- consumed 0 B, total 491 MB, took 0.09 s
/home/mt/www/6.7/src/Core/Framework/Adapter/Twig/Extension/SeoUrlFunctionExtension.php
--- consumed 0 B, total 491 MB, took 0.01 s
/home/mt/www/6.7/src/Core/Framework/Adapter/Twig/Extension/FeatureFlagExtension.php
--- consumed 0 B, total 491 MB, took 0.01 s
/home/mt/www/6.7/src/Core/Framework/Adapter/Twig/TemplateFinder.php
--- consumed 2 MB, total 493 MB, took 0.09 s
/home/mt/www/6.7/src/Core/Framework/Adapter/Twig/Node/SwInclude.php
--- consumed 0 B, total 493 MB, took 0.02 s
/home/mt/www/6.7/src/Core/Framework/Adapter/Twig/Node/MacroOverrideNode.php
--- consumed 0 B, total 493 MB, took 0.05 s
/home/mt/www/6.7/src/Core/Framework/Adapter/Twig/Node/ReturnNode.php
--- consumed 0 B, total 493 MB, took 0.01 s
/home/mt/www/6.7/src/Core/Framework/Adapter/Twig/Node/FeatureCallSilentToken.php
--- consumed 0 B, total 493 MB, took 0.01 s
/home/mt/www/6.7/src/Core/Framework/Adapter/Twig/Node/SwBlockReferenceExpression.php
--- consumed 0 B, total 493 MB, took 0.03 s
/home/mt/www/6.7/src/Core/Framework/Adapter/Twig/TemplateFinderInterface.php
--- consumed 0 B, total 493 MB, took 0.00 s
/home/mt/www/6.7/src/Core/Framework/Adapter/Twig/TemplateScopeDetector.php
--- consumed 0 B, total 493 MB, took 0.01 s
/home/mt/www/6.7/src/Core/Framework/Adapter/Twig/ConfigurableFilesystemCache.php
--- consumed 0 B, total 493 MB, took 0.01 s
/home/mt/www/6.7/src/Core/Framework/Adapter/Twig/NamespaceHierarchy/TemplateNamespaceHierarchyBuilderInterface.php
--- consumed 0 B, total 493 MB, took 0.00 s
/home/mt/www/6.7/src/Core/Framework/Adapter/Twig/NamespaceHierarchy/BundleHierarchyBuilder.php
--- consumed 0 B, total 493 MB, took 0.03 s
/home/mt/www/6.7/src/Core/Framework/Adapter/Twig/NamespaceHierarchy/NamespaceHierarchyBuilder.php
--- consumed 0 B, total 493 MB, took 0.01 s
/home/mt/www/6.7/src/Core/Framework/Adapter/Twig/TokenParser/IncludeTokenParser.php
--- consumed 0 B, total 493 MB, took 0.04 s
/home/mt/www/6.7/src/Core/Framework/Adapter/Twig/TokenParser/FromTokenParser.php
--- consumed 0 B, total 493 MB, took 0.04 s
/home/mt/www/6.7/src/Core/Framework/Adapter/Twig/TokenParser/FeatureFlagCallTokenParser.php
--- consumed 0 B, total 493 MB, took 0.01 s
/home/mt/www/6.7/src/Core/Framework/Adapter/Twig/TokenParser/EmbedTokenParser.php
--- consumed 0 B, total 493 MB, took 0.05 s
/home/mt/www/6.7/src/Core/Framework/Adapter/Twig/TokenParser/UseTokenParser.php
--- consumed 0 B, total 493 MB, took 0.03 s
/home/mt/www/6.7/src/Core/Framework/Adapter/Twig/TokenParser/ReturnNodeTokenParser.php
--- consumed 0 B, total 493 MB, took 0.01 s
/home/mt/www/6.7/src/Core/Framework/Adapter/Twig/TokenParser/ExtendsTokenParser.php
--- consumed 0 B, total 493 MB, took 0.05 s
/home/mt/www/6.7/src/Core/Framework/Adapter/Twig/TokenParser/MacroOverrideTokenParserMacro.php
--- consumed 0 B, total 493 MB, took 0.00 s
/home/mt/www/6.7/src/Core/Framework/Adapter/Twig/TokenParser/ImportTokenParser.php
--- consumed 0 B, total 493 MB, took 0.01 s
/home/mt/www/6.7/src/Core/Framework/Adapter/Twig/SwTwigFunction.php
--- consumed 0 B, total 493 MB, took 0.04 s
/home/mt/www/6.7/src/Core/Framework/Adapter/Twig/TemplateIterator.php
--- consumed 0 B, total 493 MB, took 0.02 s
/home/mt/www/6.7/src/Core/Framework/Adapter/Twig/TwigVariableParserFactory.php
--- consumed 0 B, total 493 MB, took 0.01 s
/home/mt/www/6.7/src/Core/Framework/Adapter/Twig/AppTemplateIterator.php
--- consumed 0 B, total 493 MB, took 0.02 s
/home/mt/www/6.7/src/Core/Framework/Adapter/Twig/EntityTemplateLoader.php
--- consumed 0 B, total 493 MB, took 0.18 s
/home/mt/www/6.7/src/Core/Framework/Adapter/Twig/StringTemplateRenderer.php
--- consumed 0 B, total 493 MB, took 0.06 s
/home/mt/www/6.7/src/Core/Framework/Adapter/Twig/TwigVariableParser.php
--- consumed 0 B, total 493 MB, took 0.07 s
/home/mt/www/6.7/src/Core/Framework/Adapter/Twig/TwigEnvironment.php
--- consumed 0 B, total 493 MB, took 0.02 s
/home/mt/www/6.7/src/Core/Framework/Adapter/Filesystem/MemoryFilesystemAdapter.php
--- consumed 0 B, total 493 MB, took 0.19 s
/home/mt/www/6.7/src/Core/Framework/Adapter/Filesystem/Plugin/WriteBatchInterface.php
--- consumed 0 B, total 493 MB, took 0.00 s
/home/mt/www/6.7/src/Core/Framework/Adapter/Filesystem/Plugin/CopyBatch.php
--- consumed 0 B, total 493 MB, took 0.03 s
/home/mt/www/6.7/src/Core/Framework/Adapter/Filesystem/Plugin/CopyBatchInput.php
--- consumed 0 B, total 493 MB, took 0.01 s
/home/mt/www/6.7/src/Core/Framework/Adapter/Filesystem/Plugin/CopyBatchInputFactory.php
--- consumed 0 B, total 493 MB, took 0.03 s
/home/mt/www/6.7/src/Core/Framework/Adapter/Filesystem/Exception/AdapterFactoryNotFoundException.php
--- consumed 0 B, total 493 MB, took 0.01 s
/home/mt/www/6.7/src/Core/Framework/Adapter/Filesystem/Exception/DuplicateFilesystemFactoryException.php
--- consumed 0 B, total 493 MB, took 0.01 s
/home/mt/www/6.7/src/Core/Framework/Adapter/Filesystem/Adapter/LocalFactory.php
--- consumed 0 B, total 493 MB, took 0.10 s
/home/mt/www/6.7/src/Core/Framework/Adapter/Filesystem/Adapter/AwsS3v3Factory.php
--- consumed 2 MB, total 495 MB, took 0.08 s
/home/mt/www/6.7/src/Core/Framework/Adapter/Filesystem/Adapter/AsyncAwsS3WriteBatchAdapter.php
--- consumed 0 B, total 495 MB, took 0.11 s
/home/mt/www/6.7/src/Core/Framework/Adapter/Filesystem/Adapter/AdapterFactoryInterface.php
--- consumed 0 B, total 495 MB, took 0.00 s
/home/mt/www/6.7/src/Core/Framework/Adapter/Filesystem/Adapter/GoogleStorageFactory.php
--- consumed 0 B, total 495 MB, took 0.06 s
/home/mt/www/6.7/src/Core/Framework/Adapter/Filesystem/PrefixFilesystem.php
--- consumed 2 MB, total 497 MB, took 0.08 s
/home/mt/www/6.7/src/Core/Framework/Adapter/Filesystem/FilesystemFactory.php
--- consumed 0 B, total 497 MB, took 0.07 s
/home/mt/www/6.7/src/Core/Framework/Adapter/Command/S3FilesystemVisibilityCommand.php
--- consumed 0 B, total 497 MB, took 0.14 s
/home/mt/www/6.7/src/Core/Framework/Adapter/Command/CacheInvalidateDelayedCommand.php
--- consumed 0 B, total 497 MB, took 0.02 s
/home/mt/www/6.7/src/Core/Framework/Adapter/Command/CacheClearHttpCommand.php
--- consumed 0 B, total 497 MB, took 0.01 s
/home/mt/www/6.7/src/Core/Framework/Adapter/Command/CacheWatchDelayedCommand.php
--- consumed 0 B, total 497 MB, took 0.07 s
/home/mt/www/6.7/src/Core/Framework/Adapter/Command/CacheClearAllCommand.php
--- consumed 0 B, total 497 MB, took 0.02 s
/home/mt/www/6.7/src/Core/Framework/Adapter/Database/MySQLFactory.php
--- consumed 0 B, total 497 MB, took 0.12 s
/home/mt/www/6.7/src/Core/Framework/Adapter/Database/ReplicaConnection.php
--- consumed 0 B, total 497 MB, took 0.00 s
/home/mt/www/6.7/src/Core/Framework/Adapter/Storage/AbstractKeyValueStorage.php
--- consumed 0 B, total 497 MB, took 0.00 s
/home/mt/www/6.7/src/Core/Framework/Adapter/Storage/MySQLKeyValueStorage.php
--- consumed 0 B, total 497 MB, took 0.05 s
/home/mt/www/6.7/src/Core/Framework/Adapter/Messenger/Stamp/SentAtStamp.php
--- consumed 0 B, total 497 MB, took 0.01 s
/home/mt/www/6.7/src/Core/Framework/Adapter/Messenger/Middleware/QueuedTimeMiddleware.php
--- consumed 0 B, total 497 MB, took 0.01 s
/home/mt/www/6.7/src/Core/Framework/Adapter/Composer/ComposerPackage.php
--- consumed 0 B, total 497 MB, took 0.00 s
/home/mt/www/6.7/src/Core/Framework/Adapter/Composer/ComposerInfoProvider.php
--- consumed 0 B, total 497 MB, took 0.08 s
/home/mt/www/6.7/src/Core/Framework/Adapter/Redis/RedisConnectionProvider.php
--- consumed 0 B, total 497 MB, took 0.01 s
/home/mt/www/6.7/src/Core/Framework/Adapter/Redis/RedisConnectionsCompilerPass.php
--- consumed 0 B, total 497 MB, took 0.06 s
/home/mt/www/6.7/src/Core/Framework/Adapter/AdapterException.php
--- consumed 0 B, total 497 MB, took 0.07 s
/home/mt/www/6.7/src/Core/Framework/Adapter/Asset/AssetInstallCommand.php
--- consumed 0 B, total 497 MB, took 0.04 s
/home/mt/www/6.7/src/Core/Framework/Adapter/Asset/FallbackUrlPackage.php
--- consumed 0 B, total 497 MB, took 0.04 s
/home/mt/www/6.7/src/Core/Framework/Adapter/Asset/AssetPackageService.php
--- consumed 0 B, total 497 MB, took 0.03 s
/home/mt/www/6.7/src/Core/Framework/Adapter/Asset/PrefixVersionStrategy.php
--- consumed 0 B, total 497 MB, took 0.01 s
/home/mt/www/6.7/src/Core/Framework/Adapter/Asset/FlysystemLastModifiedVersionStrategy.php
--- consumed 0 B, total 497 MB, took 0.02 s
/home/mt/www/6.7/src/Core/Framework/Adapter/Cache/CacheTagCollector.php
--- consumed 0 B, total 497 MB, took 0.13 s
/home/mt/www/6.7/src/Core/Framework/Adapter/Cache/InvalidateCacheTaskHandler.php
--- consumed 0 B, total 497 MB, took 0.01 s
/home/mt/www/6.7/src/Core/Framework/Adapter/Cache/CacheCompilerPass.php
--- consumed 0 B, total 497 MB, took 0.01 s
/home/mt/www/6.7/src/Core/Framework/Adapter/Cache/InvalidatorStorage/MySQLInvalidatorStorage.php
--- consumed 0 B, total 497 MB, took 0.06 s
/home/mt/www/6.7/src/Core/Framework/Adapter/Cache/InvalidatorStorage/RedisInvalidatorStorage.php
--- consumed 0 B, total 497 MB, took 0.02 s
/home/mt/www/6.7/src/Core/Framework/Adapter/Cache/InvalidatorStorage/AbstractInvalidatorStorage.php
--- consumed 0 B, total 497 MB, took 0.00 s
/home/mt/www/6.7/src/Core/Framework/Adapter/Cache/CacheInvalidator.php
--- consumed 0 B, total 497 MB, took 0.05 s
/home/mt/www/6.7/src/Core/Framework/Adapter/Cache/Event/HttpCacheHitEvent.php
--- consumed 0 B, total 497 MB, took 0.00 s
/home/mt/www/6.7/src/Core/Framework/Adapter/Cache/Event/HttpCacheStoreEvent.php
--- consumed 0 B, total 497 MB, took 0.00 s
/home/mt/www/6.7/src/Core/Framework/Adapter/Cache/Event/AddCacheTagEvent.php
--- consumed 0 B, total 497 MB, took 0.00 s
/home/mt/www/6.7/src/Core/Framework/Adapter/Cache/Event/HttpCacheKeyEvent.php
--- consumed 0 B, total 497 MB, took 0.01 s
/home/mt/www/6.7/src/Core/Framework/Adapter/Cache/Event/HttpCacheCookieEvent.php
--- consumed 0 B, total 497 MB, took 0.01 s
/home/mt/www/6.7/src/Core/Framework/Adapter/Cache/Telemetry/CacheTelemetrySubscriber.php
--- consumed 0 B, total 497 MB, took 0.01 s
/home/mt/www/6.7/src/Core/Framework/Adapter/Cache/StoreApiRouteCacheTagsEvent.php
--- consumed 0 B, total 497 MB, took 0.03 s
/home/mt/www/6.7/src/Core/Framework/Adapter/Cache/StoreApiRouteCacheKeyEvent.php
--- consumed 0 B, total 497 MB, took 0.03 s
/home/mt/www/6.7/src/Core/Framework/Adapter/Cache/CacheStateSubscriber.php
--- consumed 0 B, total 497 MB, took 0.03 s
/home/mt/www/6.7/src/Core/Framework/Adapter/Cache/Message/RefreshHttpCacheMessageHandler.php
--- consumed 0 B, total 497 MB, took 0.02 s
/home/mt/www/6.7/src/Core/Framework/Adapter/Cache/Message/CleanupOldCacheFoldersHandler.php
--- consumed 0 B, total 497 MB, took 0.00 s
/home/mt/www/6.7/src/Core/Framework/Adapter/Cache/Message/CleanupOldCacheFolders.php
--- consumed 0 B, total 497 MB, took 0.00 s
/home/mt/www/6.7/src/Core/Framework/Adapter/Cache/Message/RefreshHttpCacheMessage.php
--- consumed 0 B, total 497 MB, took 0.00 s
/home/mt/www/6.7/src/Core/Framework/Adapter/Cache/RedisConnectionFactory.php
--- consumed 6 MB, total 503 MB, took 0.22 s
/home/mt/www/6.7/src/Core/Framework/Adapter/Cache/ReverseProxy/ReverseProxyCompilerPass.php
--- consumed 2 MB, total 505 MB, took 0.05 s
/home/mt/www/6.7/src/Core/Framework/Adapter/Cache/ReverseProxy/FastlyReverseProxyGateway.php
--- consumed 0 B, total 505 MB, took 0.07 s
/home/mt/www/6.7/src/Core/Framework/Adapter/Cache/ReverseProxy/ReverseProxyException.php
--- consumed 0 B, total 505 MB, took 0.01 s
/home/mt/www/6.7/src/Core/Framework/Adapter/Cache/ReverseProxy/ReverseProxyCache.php
--- consumed 0 B, total 505 MB, took 0.03 s
/home/mt/www/6.7/src/Core/Framework/Adapter/Cache/ReverseProxy/VarnishReverseProxyGateway.php
--- consumed 0 B, total 505 MB, took 0.08 s
/home/mt/www/6.7/src/Core/Framework/Adapter/Cache/ReverseProxy/AbstractReverseProxyGateway.php
--- consumed 0 B, total 505 MB, took 0.00 s
/home/mt/www/6.7/src/Core/Framework/Adapter/Cache/Script/CacheInvalidationHook.php
--- consumed 0 B, total 505 MB, took 0.01 s
/home/mt/www/6.7/src/Core/Framework/Adapter/Cache/Script/ScriptCacheInvalidationSubscriber.php
--- consumed 0 B, total 505 MB, took 0.01 s
/home/mt/www/6.7/src/Core/Framework/Adapter/Cache/Script/Facade/CacheInvalidatorFacadeHookFactory.php
--- consumed 0 B, total 505 MB, took 0.00 s
/home/mt/www/6.7/src/Core/Framework/Adapter/Cache/Script/Facade/WrittenEventScriptFacade.php
--- consumed 0 B, total 505 MB, took 0.01 s
/home/mt/www/6.7/src/Core/Framework/Adapter/Cache/Script/Facade/WrittenEventIdCollection.php
--- consumed 0 B, total 505 MB, took 0.03 s
/home/mt/www/6.7/src/Core/Framework/Adapter/Cache/Script/Facade/CacheInvalidatorFacade.php
--- consumed 0 B, total 505 MB, took 0.00 s
/home/mt/www/6.7/src/Core/Framework/Adapter/Cache/InvalidateCacheTask.php
--- consumed 0 B, total 505 MB, took 0.01 s
/home/mt/www/6.7/src/Core/Framework/Adapter/Cache/CacheClearer.php
--- consumed 0 B, total 505 MB, took 0.08 s
/home/mt/www/6.7/src/Core/Framework/Adapter/Cache/CacheValueCompressor.php
--- consumed 0 B, total 505 MB, took 0.03 s
/home/mt/www/6.7/src/Core/Framework/Adapter/Cache/CacheInvalidationSubscriber.php
--- consumed 6 MB, total 511 MB, took 0.51 s
/home/mt/www/6.7/src/Core/Framework/Adapter/Cache/Http/CacheStore.php
--- consumed 2 MB, total 513 MB, took 0.16 s
/home/mt/www/6.7/src/Core/Framework/Adapter/Cache/Http/CacheResponseSubscriber.php
--- consumed 2 MB, total 515 MB, took 0.16 s
/home/mt/www/6.7/src/Core/Framework/Adapter/Cache/Http/Extension/ResolveCacheRelevantRuleIdsExtension.php
--- consumed 0 B, total 515 MB, took 0.01 s
/home/mt/www/6.7/src/Core/Framework/Adapter/Cache/Http/CacheControlListener.php
--- consumed 0 B, total 515 MB, took 0.01 s
/home/mt/www/6.7/src/Core/Framework/Adapter/Cache/Http/CacheStateValidator.php
--- consumed 0 B, total 515 MB, took 0.03 s
/home/mt/www/6.7/src/Core/Framework/Adapter/Cache/Http/HttpCacheKeyGenerator.php
--- consumed 0 B, total 515 MB, took 0.05 s
/home/mt/www/6.7/src/Core/Framework/Adapter/Cache/Http/CacheRelevantRulesResolver.php
--- consumed 0 B, total 515 MB, took 0.01 s
/home/mt/www/6.7/src/Core/Framework/Adapter/Cache/CacheCompressor.php
--- consumed 0 B, total 515 MB, took 0.01 s
/home/mt/www/6.7/src/Core/Framework/Adapter/Cache/InvalidateCacheEvent.php
--- consumed 0 B, total 515 MB, took 0.00 s
/home/mt/www/6.7/src/Core/Framework/Adapter/Cache/CacheTagCollection.php
--- consumed 0 B, total 515 MB, took 0.03 s
/home/mt/www/6.7/src/Core/Framework/Migration/MigrationSource.php
--- consumed 0 B, total 515 MB, took 0.03 s
/home/mt/www/6.7/src/Core/Framework/Migration/Trigger.php
--- consumed 0 B, total 515 MB, took 0.02 s
/home/mt/www/6.7/src/Core/Framework/Migration/IndexerQueuer.php
--- consumed 0 B, total 515 MB, took 0.06 s
/home/mt/www/6.7/src/Core/Framework/Migration/InheritanceUpdaterTrait.php
--- consumed 0 B, total 515 MB, took 0.00 s
/home/mt/www/6.7/src/Core/Framework/Migration/MigrationCollectionLoader.php
--- consumed 0 B, total 515 MB, took 0.16 s
/home/mt/www/6.7/src/Core/Framework/Migration/Exception/UnknownMigrationSourceException.php
--- consumed 0 B, total 515 MB, took 0.01 s
/home/mt/www/6.7/src/Core/Framework/Migration/ColumnExistsTrait.php
--- consumed 0 B, total 515 MB, took 0.00 s
/home/mt/www/6.7/src/Core/Framework/Migration/MigrationCollection.php
--- consumed 2 MB, total 517 MB, took 0.14 s
/home/mt/www/6.7/src/Core/Framework/Migration/MigrationRuntime.php
--- consumed 0 B, total 517 MB, took 0.10 s
/home/mt/www/6.7/src/Core/Framework/Migration/Command/RefreshMigrationCommand.php
--- consumed 0 B, total 517 MB, took 0.05 s
/home/mt/www/6.7/src/Core/Framework/Migration/Command/MigrationDestructiveCommand.php
--- consumed 0 B, total 517 MB, took 0.03 s
/home/mt/www/6.7/src/Core/Framework/Migration/Command/MigrationCommand.php
--- consumed 0 B, total 517 MB, took 0.08 s
/home/mt/www/6.7/src/Core/Framework/Migration/Command/CreateMigrationCommand.php
--- consumed 2 MB, total 519 MB, took 0.10 s
/home/mt/www/6.7/src/Core/Framework/Migration/AddColumnTrait.php
--- consumed 0 B, total 519 MB, took 0.00 s
/home/mt/www/6.7/src/Core/Framework/Migration/MakeVersionableMigrationHelper.php
--- consumed 4 MB, total 523 MB, took 0.55 s
/home/mt/www/6.7/src/Core/Framework/Migration/MigrationException.php
--- consumed 0 B, total 523 MB, took 0.03 s
/home/mt/www/6.7/src/Core/Framework/Migration/MigrationStep.php
--- consumed 0 B, total 523 MB, took 0.07 s
/home/mt/www/6.7/src/Core/Framework/Sso/SsoUser/SsoUserInvitationMailService.php
--- consumed 2 MB, total 525 MB, took 0.13 s
/home/mt/www/6.7/src/Core/Framework/Sso/SsoUser/SsoUserService.php
--- consumed 0 B, total 525 MB, took 0.02 s
/home/mt/www/6.7/src/Core/Framework/Sso/ShopwarePasswordGrantType.php
--- consumed 0 B, total 525 MB, took 0.03 s
/home/mt/www/6.7/src/Core/Framework/Sso/TokenTimeToLive.php
--- consumed 0 B, total 525 MB, took 0.01 s
/home/mt/www/6.7/src/Core/Framework/Sso/ShopwareRefreshTokenGrantType.php
--- consumed 0 B, total 525 MB, took 0.14 s
/home/mt/www/6.7/src/Core/Framework/Sso/TokenService/TokenResult.php
--- consumed 0 B, total 525 MB, took 0.04 s
/home/mt/www/6.7/src/Core/Framework/Sso/TokenService/ExternalTokenService.php
--- consumed 0 B, total 525 MB, took 0.01 s
/home/mt/www/6.7/src/Core/Framework/Sso/TokenService/PublicKeyLoader.php
--- consumed 0 B, total 525 MB, took 0.06 s
/home/mt/www/6.7/src/Core/Framework/Sso/TokenService/IdTokenParser.php
--- consumed 0 B, total 525 MB, took 0.04 s
/home/mt/www/6.7/src/Core/Framework/Sso/TokenService/ParsedIdToken.php
--- consumed 0 B, total 525 MB, took 0.03 s
/home/mt/www/6.7/src/Core/Framework/Sso/Config/LoginConfigService.php
--- consumed 0 B, total 525 MB, took 0.07 s
/home/mt/www/6.7/src/Core/Framework/Sso/Config/TemplateData.php
--- consumed 0 B, total 525 MB, took 0.01 s
/home/mt/www/6.7/src/Core/Framework/Sso/Config/LoginConfig.php
--- consumed 0 B, total 525 MB, took 0.00 s
/home/mt/www/6.7/src/Core/Framework/Sso/ShopwareGrantType.php
--- consumed 0 B, total 525 MB, took 0.05 s
/home/mt/www/6.7/src/Core/Framework/Sso/Controller/SsoController.php
--- consumed 0 B, total 525 MB, took 0.05 s
/home/mt/www/6.7/src/Core/Framework/Sso/SsoException.php
--- consumed 0 B, total 525 MB, took 0.04 s
/home/mt/www/6.7/src/Core/Framework/Sso/Exceptions/SsoUserNotFoundException.php
--- consumed 0 B, total 525 MB, took 0.01 s
/home/mt/www/6.7/src/Core/Framework/Sso/SsoService.php
--- consumed 2 MB, total 527 MB, took 0.00 s
/home/mt/www/6.7/src/Core/Framework/Sso/StateValidator.php
--- consumed 0 B, total 527 MB, took 0.04 s
/home/mt/www/6.7/src/Core/Framework/Sso/UserService/UserService.php
--- consumed 0 B, total 527 MB, took 0.10 s
/home/mt/www/6.7/src/Core/Framework/Sso/UserService/Token.php
--- consumed 0 B, total 527 MB, took 0.02 s
/home/mt/www/6.7/src/Core/Framework/Sso/UserService/ExternalAuthUser.php
--- consumed 2 MB, total 529 MB, took 0.05 s
/home/mt/www/6.7/src/Core/Framework/Sso/LoginResponseService.php
--- consumed 0 B, total 529 MB, took 0.04 s
/home/mt/www/6.7/src/Core/Framework/JWT/Struct/JWKStruct.php
--- consumed 0 B, total 529 MB, took 0.01 s
/home/mt/www/6.7/src/Core/Framework/JWT/Struct/JWKCollection.php
--- consumed 0 B, total 529 MB, took 0.03 s
/home/mt/www/6.7/src/Core/Framework/JWT/Constraints/HasValidRSAJWKSignature.php
--- consumed 0 B, total 529 MB, took 0.19 s
/home/mt/www/6.7/src/Core/Framework/JWT/Constraints/MatchesLicenceDomain.php
--- consumed 0 B, total 529 MB, took 0.02 s
/home/mt/www/6.7/src/Core/Framework/JWT/JWTDecoder.php
--- consumed 0 B, total 529 MB, took 0.01 s
/home/mt/www/6.7/src/Core/Framework/JWT/JWTException.php
--- consumed 2 MB, total 531 MB, took 0.02 s
/home/mt/www/6.7/src/Core/Framework/Context.php
--- consumed 0 B, total 531 MB, took 0.09 s
/home/mt/www/6.7/src/Core/Framework/Framework.php
--- consumed 0 B, total 531 MB, took 0.11 s
/home/mt/www/6.7/src/Core/Framework/Changelog/ChangelogDefinition.php
--- consumed 0 B, total 531 MB, took 0.16 s
/home/mt/www/6.7/src/Core/Framework/Changelog/ChangelogKeyword.php
--- consumed 0 B, total 531 MB, took 0.00 s
/home/mt/www/6.7/src/Core/Framework/Changelog/Processor/ChangelogReleaseCreator.php
--- consumed 0 B, total 531 MB, took 0.24 s
/home/mt/www/6.7/src/Core/Framework/Changelog/Processor/ChangelogGenerator.php
--- consumed 0 B, total 531 MB, took 0.02 s
/home/mt/www/6.7/src/Core/Framework/Changelog/Processor/ChangelogProcessor.php
--- consumed 0 B, total 531 MB, took 0.49 s
/home/mt/www/6.7/src/Core/Framework/Changelog/Processor/ChangelogValidator.php
--- consumed 0 B, total 531 MB, took 0.05 s
/home/mt/www/6.7/src/Core/Framework/Changelog/Processor/ChangelogReleaseExporter.php
--- consumed 0 B, total 531 MB, took 0.08 s
/home/mt/www/6.7/src/Core/Framework/Changelog/ChangelogParser.php
--- consumed 0 B, total 531 MB, took 0.13 s
/home/mt/www/6.7/src/Core/Framework/Changelog/ChangelogFile.php
--- consumed 0 B, total 531 MB, took 0.01 s
/home/mt/www/6.7/src/Core/Framework/Changelog/Command/ChangelogChangeCommand.php
--- consumed 0 B, total 531 MB, took 0.08 s
/home/mt/www/6.7/src/Core/Framework/Changelog/Command/ChangelogCheckCommand.php
--- consumed 0 B, total 531 MB, took 0.03 s
/home/mt/www/6.7/src/Core/Framework/Changelog/Command/ChangelogReleaseCommand.php
--- consumed 0 B, total 531 MB, took 0.04 s
/home/mt/www/6.7/src/Core/Framework/Changelog/Command/ChangelogCreateCommand.php
--- consumed 2 MB, total 533 MB, took 0.11 s
/home/mt/www/6.7/src/Core/Framework/Changelog/ChangelogFileCollection.php
--- consumed 0 B, total 533 MB, took 0.00 s
/home/mt/www/6.7/src/Core/Framework/Changelog/ChangelogSection.php
--- consumed 0 B, total 533 MB, took 0.00 s
/home/mt/www/6.7/src/Core/Framework/HttpException.php
--- consumed 0 B, total 533 MB, took 0.01 s
/home/mt/www/6.7/src/Core/Framework/DataAbstractionLayer/TaxFreeConfig.php
--- consumed 0 B, total 533 MB, took 0.01 s
/home/mt/www/6.7/src/Core/Framework/DataAbstractionLayer/Read/EntityReaderInterface.php
--- consumed 0 B, total 533 MB, took 0.00 s
/home/mt/www/6.7/src/Core/Framework/DataAbstractionLayer/FieldCollection.php
--- consumed 0 B, total 533 MB, took 0.02 s
/home/mt/www/6.7/src/Core/Framework/DataAbstractionLayer/MigrationQueryGenerator.php
--- consumed 0 B, total 533 MB, took 0.06 s
/home/mt/www/6.7/src/Core/Framework/DataAbstractionLayer/TechnicalNameExceptionHandler.php
--- consumed 0 B, total 533 MB, took 0.15 s
/home/mt/www/6.7/src/Core/Framework/DataAbstractionLayer/DataAbstractionLayerException.php
--- consumed 2 MB, total 535 MB, took 0.52 s
/home/mt/www/6.7/src/Core/Framework/DataAbstractionLayer/Event/PartialEntityLoadedEvent.php
--- consumed 0 B, total 535 MB, took 0.01 s
/home/mt/www/6.7/src/Core/Framework/DataAbstractionLayer/Event/EntitySearchedEvent.php
--- consumed 0 B, total 535 MB, took 0.01 s
/home/mt/www/6.7/src/Core/Framework/DataAbstractionLayer/Event/EntityAggregationResultLoadedEvent.php
--- consumed 0 B, total 535 MB, took 0.01 s
/home/mt/www/6.7/src/Core/Framework/DataAbstractionLayer/Event/EntityWrittenEvent.php
--- consumed 0 B, total 535 MB, took 0.04 s
/home/mt/www/6.7/src/Core/Framework/DataAbstractionLayer/Event/EntityLoadedContainerEvent.php
--- consumed 0 B, total 535 MB, took 0.01 s
/home/mt/www/6.7/src/Core/Framework/DataAbstractionLayer/Event/EntityDeletedEvent.php
--- consumed 0 B, total 535 MB, took 0.00 s
/home/mt/www/6.7/src/Core/Framework/DataAbstractionLayer/Event/EntityIdSearchResultLoadedEvent.php
--- consumed 0 B, total 535 MB, took 0.01 s
/home/mt/www/6.7/src/Core/Framework/DataAbstractionLayer/Event/EntityDeleteEvent.php
--- consumed 0 B, total 535 MB, took 0.05 s
/home/mt/www/6.7/src/Core/Framework/DataAbstractionLayer/Event/EntityWrittenContainerEvent.php
--- consumed 2 MB, total 537 MB, took 0.08 s
/home/mt/www/6.7/src/Core/Framework/DataAbstractionLayer/Event/EntityWriteEvent.php
--- consumed 0 B, total 537 MB, took 0.04 s
/home/mt/www/6.7/src/Core/Framework/DataAbstractionLayer/Event/BeforeVersionMergeEvent.php
--- consumed 0 B, total 537 MB, took 0.01 s
/home/mt/www/6.7/src/Core/Framework/DataAbstractionLayer/Event/EntityLoadedEvent.php
--- consumed 0 B, total 537 MB, took 0.02 s
/home/mt/www/6.7/src/Core/Framework/DataAbstractionLayer/Event/RefreshIndexEvent.php
--- consumed 0 B, total 537 MB, took 0.01 s
/home/mt/www/6.7/src/Core/Framework/DataAbstractionLayer/Event/EntitySearchResultLoadedEvent.php
--- consumed 0 B, total 537 MB, took 0.02 s
/home/mt/www/6.7/src/Core/Framework/DataAbstractionLayer/Event/EntityLoadedEventFactory.php
--- consumed 0 B, total 537 MB, took 0.09 s
/home/mt/www/6.7/src/Core/Framework/DataAbstractionLayer/VersionManager.php
--- consumed 2 MB, total 539 MB, took 0.86 s
/home/mt/www/6.7/src/Core/Framework/DataAbstractionLayer/FieldSerializer/PasswordFieldSerializer.php
--- consumed 2 MB, total 541 MB, took 0.04 s
/home/mt/www/6.7/src/Core/Framework/DataAbstractionLayer/FieldSerializer/BoolFieldSerializer.php
--- consumed 0 B, total 541 MB, took 0.01 s
/home/mt/www/6.7/src/Core/Framework/DataAbstractionLayer/FieldSerializer/CreatedByFieldSerializer.php
--- consumed 0 B, total 541 MB, took 0.02 s
/home/mt/www/6.7/src/Core/Framework/DataAbstractionLayer/FieldSerializer/CustomFieldsSerializer.php
--- consumed 0 B, total 541 MB, took 0.10 s
/home/mt/www/6.7/src/Core/Framework/DataAbstractionLayer/FieldSerializer/RemoteAddressFieldSerializer.php
--- consumed 0 B, total 541 MB, took 0.02 s
/home/mt/www/6.7/src/Core/Framework/DataAbstractionLayer/FieldSerializer/ManyToManyAssociationFieldSerializer.php
--- consumed 0 B, total 541 MB, took 0.22 s
/home/mt/www/6.7/src/Core/Framework/DataAbstractionLayer/FieldSerializer/ListFieldSerializer.php
--- consumed 2 MB, total 543 MB, took 0.05 s
/home/mt/www/6.7/src/Core/Framework/DataAbstractionLayer/FieldSerializer/UpdatedByFieldSerializer.php
--- consumed 0 B, total 543 MB, took 0.02 s
/home/mt/www/6.7/src/Core/Framework/DataAbstractionLayer/FieldSerializer/DateFieldSerializer.php
--- consumed 0 B, total 543 MB, took 0.02 s
/home/mt/www/6.7/src/Core/Framework/DataAbstractionLayer/FieldSerializer/IntFieldSerializer.php
--- consumed 0 B, total 543 MB, took 0.02 s
/home/mt/www/6.7/src/Core/Framework/DataAbstractionLayer/FieldSerializer/DateIntervalFieldSerializer.php
--- consumed 0 B, total 543 MB, took 0.03 s
/home/mt/www/6.7/src/Core/Framework/DataAbstractionLayer/FieldSerializer/LongTextFieldSerializer.php
--- consumed 0 B, total 543 MB, took 0.03 s
/home/mt/www/6.7/src/Core/Framework/DataAbstractionLayer/FieldSerializer/DateTimeFieldSerializer.php
--- consumed 0 B, total 543 MB, took 0.02 s
/home/mt/www/6.7/src/Core/Framework/DataAbstractionLayer/FieldSerializer/CreatedAtFieldSerializer.php
--- consumed 0 B, total 543 MB, took 0.01 s
/home/mt/www/6.7/src/Core/Framework/DataAbstractionLayer/FieldSerializer/CalculatedPriceFieldSerializer.php
--- consumed 0 B, total 543 MB, took 0.04 s
/home/mt/www/6.7/src/Core/Framework/DataAbstractionLayer/FieldSerializer/PHPUnserializeFieldSerializer.php
--- consumed 0 B, total 543 MB, took 0.01 s
/home/mt/www/6.7/src/Core/Framework/DataAbstractionLayer/FieldSerializer/FieldSerializerInterface.php
--- consumed 0 B, total 543 MB, took 0.00 s
/home/mt/www/6.7/src/Core/Framework/DataAbstractionLayer/FieldSerializer/AbstractFieldSerializer.php
--- consumed 2 MB, total 545 MB, took 0.10 s
/home/mt/www/6.7/src/Core/Framework/DataAbstractionLayer/FieldSerializer/VersionFieldSerializer.php
--- consumed 0 B, total 545 MB, took 0.02 s
/home/mt/www/6.7/src/Core/Framework/DataAbstractionLayer/FieldSerializer/TimeZoneFieldSerializer.php
--- consumed 0 B, total 545 MB, took 0.01 s
/home/mt/www/6.7/src/Core/Framework/DataAbstractionLayer/FieldSerializer/EmailFieldSerializer.php
--- consumed 0 B, total 545 MB, took 0.01 s
/home/mt/www/6.7/src/Core/Framework/DataAbstractionLayer/FieldSerializer/PriceFieldSerializer.php
--- consumed 2 MB, total 547 MB, took 0.12 s
/home/mt/www/6.7/src/Core/Framework/DataAbstractionLayer/FieldSerializer/OneToManyAssociationFieldSerializer.php
--- consumed 0 B, total 547 MB, took 0.05 s
/home/mt/www/6.7/src/Core/Framework/DataAbstractionLayer/FieldSerializer/StringFieldSerializer.php
--- consumed 0 B, total 547 MB, took 0.03 s
/home/mt/www/6.7/src/Core/Framework/DataAbstractionLayer/FieldSerializer/OneToOneAssociationFieldSerializer.php
--- consumed 0 B, total 547 MB, took 0.04 s
/home/mt/www/6.7/src/Core/Framework/DataAbstractionLayer/FieldSerializer/BlobFieldSerializer.php
--- consumed 0 B, total 547 MB, took 0.01 s
/home/mt/www/6.7/src/Core/Framework/DataAbstractionLayer/FieldSerializer/StateMachineStateFieldSerializer.php
--- consumed 0 B, total 547 MB, took 0.14 s
/home/mt/www/6.7/src/Core/Framework/DataAbstractionLayer/FieldSerializer/FloatFieldSerializer.php
--- consumed 0 B, total 547 MB, took 0.01 s
/home/mt/www/6.7/src/Core/Framework/DataAbstractionLayer/FieldSerializer/TranslatedFieldSerializer.php
--- consumed 0 B, total 547 MB, took 0.02 s
/home/mt/www/6.7/src/Core/Framework/DataAbstractionLayer/FieldSerializer/CronIntervalFieldSerializer.php
--- consumed 0 B, total 547 MB, took 0.03 s
/home/mt/www/6.7/src/Core/Framework/DataAbstractionLayer/FieldSerializer/JsonFieldSerializer.php
--- consumed 0 B, total 547 MB, took 0.09 s
/home/mt/www/6.7/src/Core/Framework/DataAbstractionLayer/FieldSerializer/TaxFreeConfigFieldSerializer.php
--- consumed 0 B, total 547 MB, took 0.01 s
/home/mt/www/6.7/src/Core/Framework/DataAbstractionLayer/FieldSerializer/UpdatedAtFieldSerializer.php
--- consumed 0 B, total 547 MB, took 0.01 s
/home/mt/www/6.7/src/Core/Framework/DataAbstractionLayer/FieldSerializer/CartPriceFieldSerializer.php
--- consumed 2 MB, total 549 MB, took 0.03 s
/home/mt/www/6.7/src/Core/Framework/DataAbstractionLayer/FieldSerializer/IdFieldSerializer.php
--- consumed 0 B, total 549 MB, took 0.03 s
/home/mt/www/6.7/src/Core/Framework/DataAbstractionLayer/FieldSerializer/CashRoundingConfigFieldSerializer.php
--- consumed 0 B, total 549 MB, took 0.01 s
/home/mt/www/6.7/src/Core/Framework/DataAbstractionLayer/FieldSerializer/VariantListingConfigFieldSerializer.php
--- consumed 0 B, total 549 MB, took 0.03 s
/home/mt/www/6.7/src/Core/Framework/DataAbstractionLayer/FieldSerializer/ReferenceVersionFieldSerializer.php
--- consumed 0 B, total 549 MB, took 0.04 s
/home/mt/www/6.7/src/Core/Framework/DataAbstractionLayer/FieldSerializer/PriceDefinitionFieldSerializer.php
--- consumed 0 B, total 549 MB, took 0.31 s
/home/mt/www/6.7/src/Core/Framework/DataAbstractionLayer/FieldSerializer/ConfigJsonFieldSerializer.php
--- consumed 2 MB, total 551 MB, took 0.01 s
/home/mt/www/6.7/src/Core/Framework/DataAbstractionLayer/FieldSerializer/TranslationsAssociationFieldSerializer.php
--- consumed 0 B, total 551 MB, took 0.12 s
/home/mt/www/6.7/src/Core/Framework/DataAbstractionLayer/FieldSerializer/ManyToOneAssociationFieldSerializer.php
--- consumed 0 B, total 551 MB, took 0.05 s
/home/mt/www/6.7/src/Core/Framework/DataAbstractionLayer/FieldSerializer/VersionDataPayloadFieldSerializer.php
--- consumed 0 B, total 551 MB, took 0.01 s
/home/mt/www/6.7/src/Core/Framework/DataAbstractionLayer/FieldSerializer/EnumFieldSerializer.php
--- consumed 0 B, total 551 MB, took 0.05 s
/home/mt/www/6.7/src/Core/Framework/DataAbstractionLayer/FieldSerializer/FkFieldSerializer.php
--- consumed 0 B, total 551 MB, took 0.03 s
/home/mt/www/6.7/src/Core/Framework/DataAbstractionLayer/TranslationEntity.php
--- consumed 0 B, total 551 MB, took 0.01 s
/home/mt/www/6.7/src/Core/Framework/DataAbstractionLayer/Telemetry/EntityTelemetrySubscriber.php
--- consumed 0 B, total 551 MB, took 0.02 s
/home/mt/www/6.7/src/Core/Framework/DataAbstractionLayer/Search/AggregationResult/Bucket/Bucket.php
--- consumed 0 B, total 551 MB, took 0.01 s
/home/mt/www/6.7/src/Core/Framework/DataAbstractionLayer/Search/AggregationResult/Bucket/DateHistogramResult.php
--- consumed 0 B, total 551 MB, took 0.00 s
/home/mt/www/6.7/src/Core/Framework/DataAbstractionLayer/Search/AggregationResult/Bucket/BucketResult.php
--- consumed 0 B, total 551 MB, took 0.03 s
/home/mt/www/6.7/src/Core/Framework/DataAbstractionLayer/Search/AggregationResult/Bucket/TermsResult.php
--- consumed 0 B, total 551 MB, took 0.00 s
/home/mt/www/6.7/src/Core/Framework/DataAbstractionLayer/Search/AggregationResult/Metric/MinResult.php
--- consumed 0 B, total 551 MB, took 0.01 s
/home/mt/www/6.7/src/Core/Framework/DataAbstractionLayer/Search/AggregationResult/Metric/CountResult.php
--- consumed 0 B, total 551 MB, took 0.00 s
/home/mt/www/6.7/src/Core/Framework/DataAbstractionLayer/Search/AggregationResult/Metric/StatsResult.php
--- consumed 0 B, total 551 MB, took 0.01 s
/home/mt/www/6.7/src/Core/Framework/DataAbstractionLayer/Search/AggregationResult/Metric/MaxResult.php
--- consumed 0 B, total 551 MB, took 0.01 s
/home/mt/www/6.7/src/Core/Framework/DataAbstractionLayer/Search/AggregationResult/Metric/SumResult.php
--- consumed 0 B, total 551 MB, took 0.00 s
/home/mt/www/6.7/src/Core/Framework/DataAbstractionLayer/Search/AggregationResult/Metric/AvgResult.php
--- consumed 0 B, total 551 MB, took 0.00 s
/home/mt/www/6.7/src/Core/Framework/DataAbstractionLayer/Search/AggregationResult/Metric/RangeResult.php
--- consumed 0 B, total 551 MB, took 0.01 s
/home/mt/www/6.7/src/Core/Framework/DataAbstractionLayer/Search/AggregationResult/Metric/EntityResult.php
--- consumed 0 B, total 551 MB, took 0.01 s
/home/mt/www/6.7/src/Core/Framework/DataAbstractionLayer/Search/AggregationResult/AggregationResultCollection.php
--- consumed 0 B, total 551 MB, took 0.03 s
/home/mt/www/6.7/src/Core/Framework/DataAbstractionLayer/Search/AggregationResult/AggregationResult.php
--- consumed 0 B, total 551 MB, took 0.00 s
/home/mt/www/6.7/src/Core/Framework/DataAbstractionLayer/Search/Filter/EqualsAnyFilter.php
--- consumed 0 B, total 551 MB, took 0.13 s
/home/mt/www/6.7/src/Core/Framework/DataAbstractionLayer/Search/Filter/PrefixFilter.php
--- consumed 0 B, total 551 MB, took 0.01 s
/home/mt/www/6.7/src/Core/Framework/DataAbstractionLayer/Search/Filter/NotEqualsAnyFilter.php
--- consumed 0 B, total 551 MB, took 0.01 s
/home/mt/www/6.7/src/Core/Framework/DataAbstractionLayer/Search/Filter/NotFilter.php
--- consumed 0 B, total 551 MB, took 0.00 s
/home/mt/www/6.7/src/Core/Framework/DataAbstractionLayer/Search/Filter/SingleFieldFilter.php
--- consumed 0 B, total 551 MB, took 0.01 s
/home/mt/www/6.7/src/Core/Framework/DataAbstractionLayer/Search/Filter/XOrFilter.php
--- consumed 0 B, total 551 MB, took 0.01 s
/home/mt/www/6.7/src/Core/Framework/DataAbstractionLayer/Search/Filter/RangeFilter.php
--- consumed 0 B, total 551 MB, took 0.05 s
/home/mt/www/6.7/src/Core/Framework/DataAbstractionLayer/Search/Filter/Filter.php
--- consumed 0 B, total 551 MB, took 0.01 s
/home/mt/www/6.7/src/Core/Framework/DataAbstractionLayer/Search/Filter/NorFilter.php
--- consumed 0 B, total 551 MB, took 0.01 s
/home/mt/www/6.7/src/Core/Framework/DataAbstractionLayer/Search/Filter/AndFilter.php
--- consumed 0 B, total 551 MB, took 0.00 s
/home/mt/www/6.7/src/Core/Framework/DataAbstractionLayer/Search/Filter/MultiFilter.php
--- consumed 0 B, total 551 MB, took 0.02 s
/home/mt/www/6.7/src/Core/Framework/DataAbstractionLayer/Search/Filter/SuffixFilter.php
--- consumed 0 B, total 551 MB, took 0.01 s
/home/mt/www/6.7/src/Core/Framework/DataAbstractionLayer/Search/Filter/ContainsFilter.php
--- consumed 0 B, total 551 MB, took 0.01 s
/home/mt/www/6.7/src/Core/Framework/DataAbstractionLayer/Search/Filter/NotEqualsFilter.php
--- consumed 0 B, total 551 MB, took 0.01 s
/home/mt/www/6.7/src/Core/Framework/DataAbstractionLayer/Search/Filter/NandFilter.php
--- consumed 0 B, total 551 MB, took 0.01 s
/home/mt/www/6.7/src/Core/Framework/DataAbstractionLayer/Search/Filter/OrFilter.php
--- consumed 0 B, total 551 MB, took 0.00 s
/home/mt/www/6.7/src/Core/Framework/DataAbstractionLayer/Search/Filter/EqualsFilter.php
--- consumed 0 B, total 551 MB, took 0.01 s
/home/mt/www/6.7/src/Core/Framework/DataAbstractionLayer/Search/Parser/ParseResult.php
--- consumed 0 B, total 551 MB, took 0.03 s
/home/mt/www/6.7/src/Core/Framework/DataAbstractionLayer/Search/Parser/QueryStringParser.php
--- consumed 0 B, total 551 MB, took 0.38 s
/home/mt/www/6.7/src/Core/Framework/DataAbstractionLayer/Search/Parser/SqlQueryParser.php
--- consumed 2 MB, total 553 MB, took 0.22 s
/home/mt/www/6.7/src/Core/Framework/DataAbstractionLayer/Search/Parser/AggregationParser.php
--- consumed 0 B, total 553 MB, took 0.33 s
/home/mt/www/6.7/src/Core/Framework/DataAbstractionLayer/Search/ApiCriteriaValidator.php
--- consumed 0 B, total 553 MB, took 0.03 s
/home/mt/www/6.7/src/Core/Framework/DataAbstractionLayer/Search/CriteriaPartInterface.php
--- consumed 0 B, total 553 MB, took 0.00 s
/home/mt/www/6.7/src/Core/Framework/DataAbstractionLayer/Search/Term/Filter/AbstractTokenFilter.php
--- consumed 0 B, total 553 MB, took 0.01 s
/home/mt/www/6.7/src/Core/Framework/DataAbstractionLayer/Search/Term/Filter/TokenFilter.php
--- consumed 0 B, total 553 MB, took 0.07 s
/home/mt/www/6.7/src/Core/Framework/DataAbstractionLayer/Search/Term/TokenizerInterface.php
--- consumed 0 B, total 553 MB, took 0.00 s
/home/mt/www/6.7/src/Core/Framework/DataAbstractionLayer/Search/Term/SearchTerm.php
--- consumed 0 B, total 553 MB, took 0.00 s
/home/mt/www/6.7/src/Core/Framework/DataAbstractionLayer/Search/Term/EntityScoreQueryBuilder.php
--- consumed 0 B, total 553 MB, took 0.08 s
/home/mt/www/6.7/src/Core/Framework/DataAbstractionLayer/Search/Term/SearchTermInterpreter.php
--- consumed 0 B, total 553 MB, took 0.02 s
/home/mt/www/6.7/src/Core/Framework/DataAbstractionLayer/Search/Term/SearchPattern.php
--- consumed 0 B, total 553 MB, took 0.02 s
/home/mt/www/6.7/src/Core/Framework/DataAbstractionLayer/Search/Term/Tokenizer.php
--- consumed 0 B, total 553 MB, took 0.05 s
/home/mt/www/6.7/src/Core/Framework/DataAbstractionLayer/Search/RequestCriteriaBuilder.php
--- consumed 0 B, total 553 MB, took 0.53 s
/home/mt/www/6.7/src/Core/Framework/DataAbstractionLayer/Search/EntitySearcherInterface.php
--- consumed 0 B, total 553 MB, took 0.00 s
/home/mt/www/6.7/src/Core/Framework/DataAbstractionLayer/Search/SearchConfigLoader.php
--- consumed 0 B, total 553 MB, took 0.02 s
/home/mt/www/6.7/src/Core/Framework/DataAbstractionLayer/Search/AggregatorResult.php
--- consumed 0 B, total 553 MB, took 0.01 s
/home/mt/www/6.7/src/Core/Framework/DataAbstractionLayer/Search/EntitySearchResult.php
--- consumed 0 B, total 553 MB, took 0.14 s
/home/mt/www/6.7/src/Core/Framework/DataAbstractionLayer/Search/EntityAggregatorInterface.php
--- consumed 0 B, total 553 MB, took 0.00 s
/home/mt/www/6.7/src/Core/Framework/DataAbstractionLayer/Search/Sorting/CountSorting.php
--- consumed 0 B, total 553 MB, took 0.00 s
/home/mt/www/6.7/src/Core/Framework/DataAbstractionLayer/Search/Sorting/FieldSorting.php
--- consumed 0 B, total 553 MB, took 0.01 s
/home/mt/www/6.7/src/Core/Framework/DataAbstractionLayer/Search/IdSearchResult.php
--- consumed 0 B, total 553 MB, took 0.06 s
/home/mt/www/6.7/src/Core/Framework/DataAbstractionLayer/Search/Query/ScoreQuery.php
--- consumed 0 B, total 553 MB, took 0.01 s
/home/mt/www/6.7/src/Core/Framework/DataAbstractionLayer/Search/CachedSearchConfigLoader.php
--- consumed 0 B, total 553 MB, took 0.01 s
/home/mt/www/6.7/src/Core/Framework/DataAbstractionLayer/Search/Aggregation/Bucket/BucketAggregation.php
--- consumed 0 B, total 553 MB, took 0.01 s
/home/mt/www/6.7/src/Core/Framework/DataAbstractionLayer/Search/Aggregation/Bucket/FilterAggregation.php
--- consumed 0 B, total 553 MB, took 0.02 s
/home/mt/www/6.7/src/Core/Framework/DataAbstractionLayer/Search/Aggregation/Bucket/DateHistogramAggregation.php
--- consumed 0 B, total 553 MB, took 0.03 s
/home/mt/www/6.7/src/Core/Framework/DataAbstractionLayer/Search/Aggregation/Bucket/TermsAggregation.php
--- consumed 0 B, total 553 MB, took 0.01 s
/home/mt/www/6.7/src/Core/Framework/DataAbstractionLayer/Search/Aggregation/Metric/StatsAggregation.php
--- consumed 0 B, total 553 MB, took 0.01 s
/home/mt/www/6.7/src/Core/Framework/DataAbstractionLayer/Search/Aggregation/Metric/EntityAggregation.php
--- consumed 0 B, total 553 MB, took 0.00 s
/home/mt/www/6.7/src/Core/Framework/DataAbstractionLayer/Search/Aggregation/Metric/MaxAggregation.php
--- consumed 0 B, total 553 MB, took 0.00 s
/home/mt/www/6.7/src/Core/Framework/DataAbstractionLayer/Search/Aggregation/Metric/RangeAggregation.php
--- consumed 0 B, total 553 MB, took 0.04 s
/home/mt/www/6.7/src/Core/Framework/DataAbstractionLayer/Search/Aggregation/Metric/SumAggregation.php
--- consumed 0 B, total 553 MB, took 0.00 s
/home/mt/www/6.7/src/Core/Framework/DataAbstractionLayer/Search/Aggregation/Metric/MinAggregation.php
--- consumed 0 B, total 553 MB, took 0.00 s
/home/mt/www/6.7/src/Core/Framework/DataAbstractionLayer/Search/Aggregation/Metric/AvgAggregation.php
--- consumed 0 B, total 553 MB, took 0.00 s
/home/mt/www/6.7/src/Core/Framework/DataAbstractionLayer/Search/Aggregation/Metric/CountAggregation.php
--- consumed 0 B, total 553 MB, took 0.00 s
/home/mt/www/6.7/src/Core/Framework/DataAbstractionLayer/Search/Aggregation/Aggregation.php
--- consumed 0 B, total 553 MB, took 0.01 s
/home/mt/www/6.7/src/Core/Framework/DataAbstractionLayer/Search/Grouping/FieldGrouping.php
--- consumed 0 B, total 553 MB, took 0.00 s
/home/mt/www/6.7/src/Core/Framework/DataAbstractionLayer/Search/CriteriaArrayConverter.php
--- consumed 0 B, total 553 MB, took 0.08 s
/home/mt/www/6.7/src/Core/Framework/DataAbstractionLayer/Search/Criteria.php
--- consumed 2 MB, total 555 MB, took 0.21 s
/home/mt/www/6.7/src/Core/Framework/DataAbstractionLayer/EntityGenerator.php
--- consumed 0 B, total 555 MB, took 0.22 s
/home/mt/www/6.7/src/Core/Framework/DataAbstractionLayer/AttributeTranslationDefinition.php
--- consumed 0 B, total 555 MB, took 0.03 s
/home/mt/www/6.7/src/Core/Framework/DataAbstractionLayer/AttributeMappingDefinition.php
--- consumed 0 B, total 555 MB, took 0.03 s
/home/mt/www/6.7/src/Core/Framework/DataAbstractionLayer/Entity.php
--- consumed 2 MB, total 557 MB, took 0.21 s
/home/mt/www/6.7/src/Core/Framework/DataAbstractionLayer/FilteredBulkEntityExtension.php
--- consumed 0 B, total 557 MB, took 0.01 s
/home/mt/www/6.7/src/Core/Framework/DataAbstractionLayer/FieldVisibility.php
--- consumed 0 B, total 557 MB, took 0.01 s
/home/mt/www/6.7/src/Core/Framework/DataAbstractionLayer/EntityTranslationDefinition.php
--- consumed 0 B, total 557 MB, took 0.03 s
/home/mt/www/6.7/src/Core/Framework/DataAbstractionLayer/Doctrine/RetryableQuery.php
--- consumed 0 B, total 557 MB, took 0.02 s
/home/mt/www/6.7/src/Core/Framework/DataAbstractionLayer/Doctrine/RetryableTransaction.php
--- consumed 0 B, total 557 MB, took 0.03 s
/home/mt/www/6.7/src/Core/Framework/DataAbstractionLayer/Doctrine/FetchModeHelper.php
--- consumed 0 B, total 557 MB, took 0.04 s
/home/mt/www/6.7/src/Core/Framework/DataAbstractionLayer/Doctrine/MultiInsertQueryQueue.php
--- consumed 0 B, total 557 MB, took 0.23 s
/home/mt/www/6.7/src/Core/Framework/DataAbstractionLayer/EntityExtension.php
--- consumed 0 B, total 557 MB, took 0.00 s
/home/mt/www/6.7/src/Core/Framework/DataAbstractionLayer/BulkEntityExtension.php
--- consumed 0 B, total 557 MB, took 0.00 s
/home/mt/www/6.7/src/Core/Framework/DataAbstractionLayer/Contract/IdAware.php
--- consumed 0 B, total 557 MB, took 0.00 s
/home/mt/www/6.7/src/Core/Framework/DataAbstractionLayer/Contract/RuleIdAware.php
--- consumed 0 B, total 557 MB, took 0.00 s
/home/mt/www/6.7/src/Core/Framework/DataAbstractionLayer/Write/WriteParameterBag.php
--- consumed 0 B, total 557 MB, took 0.02 s
/home/mt/www/6.7/src/Core/Framework/DataAbstractionLayer/Write/EntityWriter.php
--- consumed 2 MB, total 559 MB, took 0.52 s
/home/mt/www/6.7/src/Core/Framework/DataAbstractionLayer/Write/WriteResult.php
--- consumed 0 B, total 559 MB, took 0.01 s
/home/mt/www/6.7/src/Core/Framework/DataAbstractionLayer/Write/EntityWriteResultFactory.php
--- consumed 2 MB, total 561 MB, took 0.46 s
/home/mt/www/6.7/src/Core/Framework/DataAbstractionLayer/Write/EntityWriteGatewayInterface.php
--- consumed 0 B, total 561 MB, took 0.00 s
/home/mt/www/6.7/src/Core/Framework/DataAbstractionLayer/Write/DataStack/KeyValuePair.php
--- consumed 0 B, total 561 MB, took 0.01 s
/home/mt/www/6.7/src/Core/Framework/DataAbstractionLayer/Write/DataStack/DataStack.php
--- consumed 0 B, total 561 MB, took 0.03 s
/home/mt/www/6.7/src/Core/Framework/DataAbstractionLayer/Write/FieldException/UnexpectedFieldException.php
--- consumed 0 B, total 561 MB, took 0.01 s
/home/mt/www/6.7/src/Core/Framework/DataAbstractionLayer/Write/FieldException/ExpectedArrayException.php
--- consumed 0 B, total 561 MB, took 0.01 s
/home/mt/www/6.7/src/Core/Framework/DataAbstractionLayer/Write/FieldException/WriteFieldException.php
--- consumed 0 B, total 561 MB, took 0.00 s
/home/mt/www/6.7/src/Core/Framework/DataAbstractionLayer/Write/CloneBehavior.php
--- consumed 0 B, total 561 MB, took 0.00 s
/home/mt/www/6.7/src/Core/Framework/DataAbstractionLayer/Write/EntityExistence.php
--- consumed 0 B, total 561 MB, took 0.01 s
/home/mt/www/6.7/src/Core/Framework/DataAbstractionLayer/Write/Command/JsonUpdateCommand.php
--- consumed 0 B, total 561 MB, took 0.01 s
/home/mt/www/6.7/src/Core/Framework/DataAbstractionLayer/Write/Command/ChangeSetAwareTrait.php
--- consumed 0 B, total 561 MB, took 0.00 s
/home/mt/www/6.7/src/Core/Framework/DataAbstractionLayer/Write/Command/InsertCommand.php
--- consumed 0 B, total 561 MB, took 0.00 s
/home/mt/www/6.7/src/Core/Framework/DataAbstractionLayer/Write/Command/ChangeSet.php
--- consumed 0 B, total 561 MB, took 0.03 s
/home/mt/www/6.7/src/Core/Framework/DataAbstractionLayer/Write/Command/DeleteCommand.php
--- consumed 0 B, total 561 MB, took 0.02 s
/home/mt/www/6.7/src/Core/Framework/DataAbstractionLayer/Write/Command/CascadeDeleteCommand.php
--- consumed 0 B, total 561 MB, took 0.00 s
/home/mt/www/6.7/src/Core/Framework/DataAbstractionLayer/Write/Command/UpdateCommand.php
--- consumed 0 B, total 561 MB, took 0.01 s
/home/mt/www/6.7/src/Core/Framework/DataAbstractionLayer/Write/Command/WriteTypeIntendException.php
--- consumed 0 B, total 561 MB, took 0.01 s
/home/mt/www/6.7/src/Core/Framework/DataAbstractionLayer/Write/Command/WriteCommandQueue.php
--- consumed 0 B, total 561 MB, took 0.29 s
/home/mt/www/6.7/src/Core/Framework/DataAbstractionLayer/Write/Command/WriteCommand.php
--- consumed 0 B, total 561 MB, took 0.04 s
/home/mt/www/6.7/src/Core/Framework/DataAbstractionLayer/Write/Command/SetNullOnDeleteCommand.php
--- consumed 0 B, total 561 MB, took 0.01 s
/home/mt/www/6.7/src/Core/Framework/DataAbstractionLayer/Write/Command/ChangeSetAware.php
--- consumed 0 B, total 561 MB, took 0.00 s
/home/mt/www/6.7/src/Core/Framework/DataAbstractionLayer/Write/PrimaryKeyBag.php
--- consumed 0 B, total 561 MB, took 0.02 s
/home/mt/www/6.7/src/Core/Framework/DataAbstractionLayer/Write/WriteInputValidator.php
--- consumed 0 B, total 561 MB, took 0.02 s
/home/mt/www/6.7/src/Core/Framework/DataAbstractionLayer/Write/WriteException.php
--- consumed 0 B, total 561 MB, took 0.06 s
/home/mt/www/6.7/src/Core/Framework/DataAbstractionLayer/Write/EntityWriterInterface.php
--- consumed 0 B, total 561 MB, took 0.01 s
/home/mt/www/6.7/src/Core/Framework/DataAbstractionLayer/Write/WriteCommandExtractor.php
--- consumed 0 B, total 561 MB, took 0.30 s
/home/mt/www/6.7/src/Core/Framework/DataAbstractionLayer/Write/Validation/PostWriteValidationEvent.php
--- consumed 0 B, total 561 MB, took 0.01 s
/home/mt/www/6.7/src/Core/Framework/DataAbstractionLayer/Write/Validation/RestrictDeleteViolationException.php
--- consumed 2 MB, total 563 MB, took 0.02 s
/home/mt/www/6.7/src/Core/Framework/DataAbstractionLayer/Write/Validation/PreWriteValidationEvent.php
--- consumed 0 B, total 563 MB, took 0.03 s
/home/mt/www/6.7/src/Core/Framework/DataAbstractionLayer/Write/Validation/Validator.php
--- consumed 0 B, total 563 MB, took 0.03 s
/home/mt/www/6.7/src/Core/Framework/DataAbstractionLayer/Write/Validation/LockValidator.php
--- consumed 0 B, total 563 MB, took 0.06 s
/home/mt/www/6.7/src/Core/Framework/DataAbstractionLayer/Write/Validation/ConstraintBuilder.php
--- consumed 0 B, total 563 MB, took 0.04 s
/home/mt/www/6.7/src/Core/Framework/DataAbstractionLayer/Write/Validation/ParentRelationValidator.php
--- consumed 0 B, total 563 MB, took 0.06 s
/home/mt/www/6.7/src/Core/Framework/DataAbstractionLayer/Write/Validation/RestrictDeleteViolation.php
--- consumed 0 B, total 563 MB, took 0.00 s
/home/mt/www/6.7/src/Core/Framework/DataAbstractionLayer/Write/Validation/WriteCommandExceptionEvent.php
--- consumed 0 B, total 563 MB, took 0.01 s
/home/mt/www/6.7/src/Core/Framework/DataAbstractionLayer/Write/WriteContext.php
--- consumed 0 B, total 563 MB, took 0.20 s
/home/mt/www/6.7/src/Core/Framework/DataAbstractionLayer/Exception/EntityNotFoundException.php
--- consumed 0 B, total 563 MB, took 0.01 s
/home/mt/www/6.7/src/Core/Framework/DataAbstractionLayer/Exception/ReadProtectedException.php
--- consumed 0 B, total 563 MB, took 0.01 s
/home/mt/www/6.7/src/Core/Framework/DataAbstractionLayer/Exception/EntityRepositoryNotFoundException.php
--- consumed 0 B, total 563 MB, took 0.01 s
/home/mt/www/6.7/src/Core/Framework/DataAbstractionLayer/Exception/SearchRequestExceptionInterface.php
--- consumed 0 B, total 563 MB, took 0.00 s
/home/mt/www/6.7/src/Core/Framework/DataAbstractionLayer/Exception/ApiProtectionException.php
--- consumed 0 B, total 563 MB, took 0.00 s
/home/mt/www/6.7/src/Core/Framework/DataAbstractionLayer/Exception/PropertyNotFoundException.php
--- consumed 0 B, total 563 MB, took 0.01 s
/home/mt/www/6.7/src/Core/Framework/DataAbstractionLayer/Exception/SearchRequestException.php
--- consumed 0 B, total 563 MB, took 0.03 s
/home/mt/www/6.7/src/Core/Framework/DataAbstractionLayer/Exception/UnsupportedCommandTypeException.php
--- consumed 0 B, total 563 MB, took 0.01 s
/home/mt/www/6.7/src/Core/Framework/DataAbstractionLayer/Exception/ImpossibleWriteOrderException.php
--- consumed 0 B, total 563 MB, took 0.01 s
/home/mt/www/6.7/src/Core/Framework/DataAbstractionLayer/Exception/InvalidRangeFilterParamException.php
--- consumed 0 B, total 563 MB, took 0.00 s
/home/mt/www/6.7/src/Core/Framework/DataAbstractionLayer/Exception/InvalidPageQueryException.php
--- consumed 0 B, total 563 MB, took 0.00 s
/home/mt/www/6.7/src/Core/Framework/DataAbstractionLayer/Exception/WriteNotSupportedException.php
--- consumed 0 B, total 563 MB, took 0.01 s
/home/mt/www/6.7/src/Core/Framework/DataAbstractionLayer/Exception/MissingReverseAssociation.php
--- consumed 0 B, total 563 MB, took 0.01 s
/home/mt/www/6.7/src/Core/Framework/DataAbstractionLayer/Exception/DefinitionNotFoundException.php
--- consumed 0 B, total 563 MB, took 0.00 s
/home/mt/www/6.7/src/Core/Framework/DataAbstractionLayer/Exception/MappingEntityClassesException.php
--- consumed 0 B, total 563 MB, took 0.00 s
/home/mt/www/6.7/src/Core/Framework/DataAbstractionLayer/Exception/InvalidAggregationQueryException.php
--- consumed 0 B, total 563 MB, took 0.01 s
/home/mt/www/6.7/src/Core/Framework/DataAbstractionLayer/Exception/InvalidFilterQueryException.php
--- consumed 0 B, total 563 MB, took 0.00 s
/home/mt/www/6.7/src/Core/Framework/DataAbstractionLayer/Exception/RuntimeFieldInCriteriaException.php
--- consumed 0 B, total 563 MB, took 0.00 s
/home/mt/www/6.7/src/Core/Framework/DataAbstractionLayer/Exception/MissingTranslationLanguageException.php
--- consumed 0 B, total 563 MB, took 0.01 s
/home/mt/www/6.7/src/Core/Framework/DataAbstractionLayer/Exception/QueryLimitExceededException.php
--- consumed 0 B, total 563 MB, took 0.01 s
/home/mt/www/6.7/src/Core/Framework/DataAbstractionLayer/Exception/InvalidSortQueryException.php
--- consumed 0 B, total 563 MB, took 0.01 s
/home/mt/www/6.7/src/Core/Framework/DataAbstractionLayer/Exception/InvalidPriceFieldTypeException.php
--- consumed 0 B, total 563 MB, took 0.00 s
/home/mt/www/6.7/src/Core/Framework/DataAbstractionLayer/Exception/RepositoryNotFoundException.php
--- consumed 0 B, total 563 MB, took 0.01 s
/home/mt/www/6.7/src/Core/Framework/DataAbstractionLayer/Exception/AssociationNotFoundException.php
--- consumed 0 B, total 563 MB, took 0.00 s
/home/mt/www/6.7/src/Core/Framework/DataAbstractionLayer/Exception/InvalidLimitQueryException.php
--- consumed 0 B, total 563 MB, took 0.00 s
/home/mt/www/6.7/src/Core/Framework/DataAbstractionLayer/Exception/InconsistentCriteriaIdsException.php
--- consumed 0 B, total 563 MB, took 0.00 s
/home/mt/www/6.7/src/Core/Framework/DataAbstractionLayer/Exception/MissingFieldSerializerException.php
--- consumed 0 B, total 563 MB, took 0.01 s
/home/mt/www/6.7/src/Core/Framework/DataAbstractionLayer/Exception/MissingSystemTranslationException.php
--- consumed 0 B, total 563 MB, took 0.01 s
/home/mt/www/6.7/src/Core/Framework/DataAbstractionLayer/EntityDefinition.php
--- consumed 0 B, total 563 MB, took 0.14 s
/home/mt/www/6.7/src/Core/Framework/DataAbstractionLayer/Attribute/CustomFields.php
--- consumed 0 B, total 563 MB, took 0.01 s
/home/mt/www/6.7/src/Core/Framework/DataAbstractionLayer/Attribute/AutoIncrement.php
--- consumed 0 B, total 563 MB, took 0.01 s
/home/mt/www/6.7/src/Core/Framework/DataAbstractionLayer/Attribute/Protection.php
--- consumed 0 B, total 563 MB, took 0.00 s
/home/mt/www/6.7/src/Core/Framework/DataAbstractionLayer/Attribute/OneToOne.php
--- consumed 0 B, total 563 MB, took 0.01 s
/home/mt/www/6.7/src/Core/Framework/DataAbstractionLayer/Attribute/ReferenceVersion.php
--- consumed 0 B, total 563 MB, took 0.01 s
/home/mt/www/6.7/src/Core/Framework/DataAbstractionLayer/Attribute/Entity.php
--- consumed 0 B, total 563 MB, took 0.01 s
/home/mt/www/6.7/src/Core/Framework/DataAbstractionLayer/Attribute/Serialized.php
--- consumed 0 B, total 563 MB, took 0.01 s
/home/mt/www/6.7/src/Core/Framework/DataAbstractionLayer/Attribute/Translations.php
--- consumed 0 B, total 563 MB, took 0.00 s
/home/mt/www/6.7/src/Core/Framework/DataAbstractionLayer/Attribute/Version.php
--- consumed 0 B, total 563 MB, took 0.00 s
/home/mt/www/6.7/src/Core/Framework/DataAbstractionLayer/Attribute/Inherited.php
--- consumed 0 B, total 563 MB, took 0.00 s
/home/mt/www/6.7/src/Core/Framework/DataAbstractionLayer/Attribute/AllowHtml.php
--- consumed 0 B, total 563 MB, took 0.00 s
/home/mt/www/6.7/src/Core/Framework/DataAbstractionLayer/Attribute/FieldType.php
--- consumed 0 B, total 563 MB, took 0.12 s
/home/mt/www/6.7/src/Core/Framework/DataAbstractionLayer/Attribute/PrimaryKey.php
--- consumed 0 B, total 563 MB, took 0.00 s
/home/mt/www/6.7/src/Core/Framework/DataAbstractionLayer/Attribute/Field.php
--- consumed 0 B, total 563 MB, took 0.00 s
/home/mt/www/6.7/src/Core/Framework/DataAbstractionLayer/Attribute/ForeignKey.php
--- consumed 0 B, total 563 MB, took 0.01 s
/home/mt/www/6.7/src/Core/Framework/DataAbstractionLayer/Attribute/ManyToOne.php
--- consumed 0 B, total 563 MB, took 0.01 s
/home/mt/www/6.7/src/Core/Framework/DataAbstractionLayer/Attribute/Required.php
--- consumed 0 B, total 563 MB, took 0.00 s
/home/mt/www/6.7/src/Core/Framework/DataAbstractionLayer/Attribute/OneToMany.php
--- consumed 0 B, total 563 MB, took 0.01 s
/home/mt/www/6.7/src/Core/Framework/DataAbstractionLayer/Attribute/ManyToMany.php
--- consumed 0 B, total 563 MB, took 0.01 s
/home/mt/www/6.7/src/Core/Framework/DataAbstractionLayer/Attribute/State.php
--- consumed 0 B, total 563 MB, took 0.01 s
/home/mt/www/6.7/src/Core/Framework/DataAbstractionLayer/Attribute/OnDelete.php
--- consumed 0 B, total 563 MB, took 0.00 s
/home/mt/www/6.7/src/Core/Framework/DataAbstractionLayer/Attribute/AllowEmptyString.php
--- consumed 0 B, total 563 MB, took 0.00 s
/home/mt/www/6.7/src/Core/Framework/DataAbstractionLayer/EntityIdTrait.php
--- consumed 0 B, total 563 MB, took 0.00 s
/home/mt/www/6.7/src/Core/Framework/DataAbstractionLayer/CompiledFieldCollection.php
--- consumed 0 B, total 563 MB, took 0.06 s
/home/mt/www/6.7/src/Core/Framework/DataAbstractionLayer/EntityCustomFieldsTrait.php
--- consumed 0 B, total 563 MB, took 0.00 s
/home/mt/www/6.7/src/Core/Framework/DataAbstractionLayer/Indexing/EntityIndexingMessage.php
--- consumed 0 B, total 563 MB, took 0.04 s
/home/mt/www/6.7/src/Core/Framework/DataAbstractionLayer/Indexing/ManyToManyIdFieldUpdater.php
--- consumed 0 B, total 563 MB, took 0.07 s
/home/mt/www/6.7/src/Core/Framework/DataAbstractionLayer/Indexing/EntityIndexer.php
--- consumed 0 B, total 563 MB, took 0.01 s
/home/mt/www/6.7/src/Core/Framework/DataAbstractionLayer/Indexing/PostUpdateIndexer.php
--- consumed 0 B, total 563 MB, took 0.00 s
/home/mt/www/6.7/src/Core/Framework/DataAbstractionLayer/Indexing/EntityIndexerRegistry.php
--- consumed 0 B, total 563 MB, took 0.30 s
/home/mt/www/6.7/src/Core/Framework/DataAbstractionLayer/Indexing/TreeUpdater.php
--- consumed 0 B, total 563 MB, took 0.28 s
/home/mt/www/6.7/src/Core/Framework/DataAbstractionLayer/Indexing/Subscriber/RegisteredIndexerSubscriber.php
--- consumed 0 B, total 563 MB, took 0.03 s
/home/mt/www/6.7/src/Core/Framework/DataAbstractionLayer/Indexing/Subscriber/EntityIndexingSubscriber.php
--- consumed 0 B, total 563 MB, took 0.01 s
/home/mt/www/6.7/src/Core/Framework/DataAbstractionLayer/Indexing/MessageQueue/IterateEntityIndexerMessage.php
--- consumed 0 B, total 563 MB, took 0.02 s
/home/mt/www/6.7/src/Core/Framework/DataAbstractionLayer/Indexing/MessageQueue/FullEntityIndexerMessage.php
--- consumed 0 B, total 563 MB, took 0.01 s
/home/mt/www/6.7/src/Core/Framework/DataAbstractionLayer/Indexing/ChildCountUpdater.php
--- consumed 0 B, total 563 MB, took 0.03 s
/home/mt/www/6.7/src/Core/Framework/DataAbstractionLayer/Indexing/InheritanceUpdater.php
--- consumed 0 B, total 563 MB, took 0.12 s
/home/mt/www/6.7/src/Core/Framework/DataAbstractionLayer/Indexing/TreeUpdaterBag.php
--- consumed 0 B, total 563 MB, took 0.01 s
/home/mt/www/6.7/src/Core/Framework/DataAbstractionLayer/Indexing/SynchronousPostUpdateIndexer.php
--- consumed 0 B, total 563 MB, took 0.00 s
/home/mt/www/6.7/src/Core/Framework/DataAbstractionLayer/Facade/RepositoryWriterFacade.php
--- consumed 0 B, total 563 MB, took 0.02 s
/home/mt/www/6.7/src/Core/Framework/DataAbstractionLayer/Facade/RepositoryFacadeHookFactory.php
--- consumed 0 B, total 563 MB, took 0.01 s
/home/mt/www/6.7/src/Core/Framework/DataAbstractionLayer/Facade/RepositoryFacade.php
--- consumed 0 B, total 563 MB, took 0.15 s
/home/mt/www/6.7/src/Core/Framework/DataAbstractionLayer/Facade/SalesChannelRepositoryFacadeHookFactory.php
--- consumed 0 B, total 563 MB, took 0.01 s
/home/mt/www/6.7/src/Core/Framework/DataAbstractionLayer/Facade/RepositoryWriterFacadeHookFactory.php
--- consumed 0 B, total 563 MB, took 0.01 s
/home/mt/www/6.7/src/Core/Framework/DataAbstractionLayer/Facade/SalesChannelRepositoryFacade.php
--- consumed 2 MB, total 565 MB, took 0.03 s
/home/mt/www/6.7/src/Core/Framework/DataAbstractionLayer/AttributeEntityDefinition.php
--- consumed 0 B, total 565 MB, took 0.03 s
/home/mt/www/6.7/src/Core/Framework/DataAbstractionLayer/MappingEntityDefinition.php
--- consumed 0 B, total 565 MB, took 0.01 s
/home/mt/www/6.7/src/Core/Framework/DataAbstractionLayer/EntityProtection/EntityProtection.php
--- consumed 0 B, total 565 MB, took 0.00 s
/home/mt/www/6.7/src/Core/Framework/DataAbstractionLayer/EntityProtection/WriteProtection.php
--- consumed 0 B, total 565 MB, took 0.01 s
/home/mt/www/6.7/src/Core/Framework/DataAbstractionLayer/EntityProtection/EntityProtectionCollection.php
--- consumed 0 B, total 565 MB, took 0.01 s
/home/mt/www/6.7/src/Core/Framework/DataAbstractionLayer/EntityProtection/ReadProtection.php
--- consumed 0 B, total 565 MB, took 0.01 s
/home/mt/www/6.7/src/Core/Framework/DataAbstractionLayer/EntityProtection/EntityProtectionValidator.php
--- consumed 0 B, total 565 MB, took 0.08 s
/home/mt/www/6.7/src/Core/Framework/DataAbstractionLayer/AttributeEntityCompiler.php
--- consumed 0 B, total 565 MB, took 0.25 s
/home/mt/www/6.7/src/Core/Framework/DataAbstractionLayer/Command/CreateEntitiesCommand.php
--- consumed 0 B, total 565 MB, took 0.04 s
/home/mt/www/6.7/src/Core/Framework/DataAbstractionLayer/Command/RefreshIndexCommand.php
--- consumed 0 B, total 565 MB, took 0.22 s
/home/mt/www/6.7/src/Core/Framework/DataAbstractionLayer/Command/ConsoleProgressTrait.php
--- consumed 0 B, total 565 MB, took 0.00 s
/home/mt/www/6.7/src/Core/Framework/DataAbstractionLayer/Command/CreateHydratorCommand.php
--- consumed 0 B, total 565 MB, took 0.23 s
/home/mt/www/6.7/src/Core/Framework/DataAbstractionLayer/Command/CreateMigrationCommand.php
--- consumed 0 B, total 565 MB, took 0.07 s
/home/mt/www/6.7/src/Core/Framework/DataAbstractionLayer/Command/DataAbstractionLayerValidateCommand.php
--- consumed 2 MB, total 567 MB, took 0.21 s
/home/mt/www/6.7/src/Core/Framework/DataAbstractionLayer/PartialEntity.php
--- consumed 0 B, total 567 MB, took 0.01 s
/home/mt/www/6.7/src/Core/Framework/DataAbstractionLayer/EntityWriteResult.php
--- consumed 0 B, total 567 MB, took 0.02 s
/home/mt/www/6.7/src/Core/Framework/DataAbstractionLayer/EntityCollection.php
--- consumed 0 B, total 567 MB, took 0.12 s
/home/mt/www/6.7/src/Core/Framework/DataAbstractionLayer/Version/VersionEntity.php
--- consumed 0 B, total 567 MB, took 0.01 s
/home/mt/www/6.7/src/Core/Framework/DataAbstractionLayer/Version/VersionDefinition.php
--- consumed 0 B, total 567 MB, took 0.02 s
/home/mt/www/6.7/src/Core/Framework/DataAbstractionLayer/Version/VersionEvents.php
--- consumed 0 B, total 567 MB, took 0.00 s
/home/mt/www/6.7/src/Core/Framework/DataAbstractionLayer/Version/VersionCollection.php
--- consumed 0 B, total 567 MB, took 0.01 s
/home/mt/www/6.7/src/Core/Framework/DataAbstractionLayer/Version/Cleanup/CleanupVersionTaskHandler.php
--- consumed 0 B, total 567 MB, took 0.02 s
/home/mt/www/6.7/src/Core/Framework/DataAbstractionLayer/Version/Cleanup/CleanupVersionTask.php
--- consumed 0 B, total 567 MB, took 0.00 s
/home/mt/www/6.7/src/Core/Framework/DataAbstractionLayer/Version/Aggregate/VersionCommit/VersionCommitEntity.php
--- consumed 0 B, total 567 MB, took 0.02 s
/home/mt/www/6.7/src/Core/Framework/DataAbstractionLayer/Version/Aggregate/VersionCommit/VersionCommitCollection.php
--- consumed 0 B, total 567 MB, took 0.01 s
/home/mt/www/6.7/src/Core/Framework/DataAbstractionLayer/Version/Aggregate/VersionCommit/VersionCommitDefinition.php
--- consumed 2 MB, total 569 MB, took 0.02 s
/home/mt/www/6.7/src/Core/Framework/DataAbstractionLayer/Version/Aggregate/VersionCommitData/VersionCommitDataCollection.php
--- consumed 0 B, total 569 MB, took 0.02 s
/home/mt/www/6.7/src/Core/Framework/DataAbstractionLayer/Version/Aggregate/VersionCommitData/VersionCommitDataDefinition.php
--- consumed 0 B, total 569 MB, took 0.02 s
/home/mt/www/6.7/src/Core/Framework/DataAbstractionLayer/Version/Aggregate/VersionCommitData/VersionCommitDataEntity.php
--- consumed 0 B, total 569 MB, took 0.03 s
/home/mt/www/6.7/src/Core/Framework/DataAbstractionLayer/Util/StatementHelper.php
--- consumed 0 B, total 569 MB, took 0.01 s
/home/mt/www/6.7/src/Core/Framework/DataAbstractionLayer/Util/AfterSort.php
--- consumed 0 B, total 569 MB, took 0.17 s
/home/mt/www/6.7/src/Core/Framework/DataAbstractionLayer/FieldType/CronInterval.php
--- consumed 0 B, total 569 MB, took 0.01 s
/home/mt/www/6.7/src/Core/Framework/DataAbstractionLayer/FieldType/DateInterval.php
--- consumed 0 B, total 569 MB, took 0.03 s
/home/mt/www/6.7/src/Core/Framework/DataAbstractionLayer/EntityRepository.php
--- consumed 2 MB, total 571 MB, took 0.17 s
/home/mt/www/6.7/src/Core/Framework/DataAbstractionLayer/DefinitionValidator.php
--- consumed 6 MB, total 577 MB, took 1.27 s
/home/mt/www/6.7/src/Core/Framework/DataAbstractionLayer/RepositorySearchDetector.php
--- consumed 0 B, total 577 MB, took 0.02 s
/home/mt/www/6.7/src/Core/Framework/DataAbstractionLayer/Dbal/EntityReader.php
--- consumed 4 MB, total 581 MB, took 0.83 s
/home/mt/www/6.7/src/Core/Framework/DataAbstractionLayer/Dbal/FieldAccessorBuilder/FieldAccessorBuilderInterface.php
--- consumed 0 B, total 581 MB, took 0.00 s
/home/mt/www/6.7/src/Core/Framework/DataAbstractionLayer/Dbal/FieldAccessorBuilder/PriceFieldAccessorBuilder.php
--- consumed 0 B, total 581 MB, took 0.06 s
/home/mt/www/6.7/src/Core/Framework/DataAbstractionLayer/Dbal/FieldAccessorBuilder/CustomFieldsAccessorBuilder.php
--- consumed 0 B, total 581 MB, took 0.02 s
/home/mt/www/6.7/src/Core/Framework/DataAbstractionLayer/Dbal/FieldAccessorBuilder/ConfigJsonFieldAccessorBuilder.php
--- consumed 0 B, total 581 MB, took 0.01 s
/home/mt/www/6.7/src/Core/Framework/DataAbstractionLayer/Dbal/FieldAccessorBuilder/JsonFieldAccessorBuilder.php
--- consumed 0 B, total 581 MB, took 0.06 s
/home/mt/www/6.7/src/Core/Framework/DataAbstractionLayer/Dbal/FieldAccessorBuilder/DefaultFieldAccessorBuilder.php
--- consumed 0 B, total 581 MB, took 0.01 s
/home/mt/www/6.7/src/Core/Framework/DataAbstractionLayer/Dbal/JoinGroupBuilder.php
--- consumed 0 B, total 581 MB, took 0.13 s
/home/mt/www/6.7/src/Core/Framework/DataAbstractionLayer/Dbal/FieldResolver/FieldResolverContext.php
--- consumed 0 B, total 581 MB, took 0.01 s
/home/mt/www/6.7/src/Core/Framework/DataAbstractionLayer/Dbal/FieldResolver/CriteriaPartResolver.php
--- consumed 0 B, total 581 MB, took 0.34 s
/home/mt/www/6.7/src/Core/Framework/DataAbstractionLayer/Dbal/FieldResolver/OneToManyAssociationFieldResolver.php
--- consumed 0 B, total 581 MB, took 0.05 s
/home/mt/www/6.7/src/Core/Framework/DataAbstractionLayer/Dbal/FieldResolver/TranslationFieldResolver.php
--- consumed 0 B, total 581 MB, took 0.11 s
/home/mt/www/6.7/src/Core/Framework/DataAbstractionLayer/Dbal/FieldResolver/AbstractFieldResolver.php
--- consumed 0 B, total 581 MB, took 0.00 s
/home/mt/www/6.7/src/Core/Framework/DataAbstractionLayer/Dbal/FieldResolver/ManyToOneAssociationFieldResolver.php
--- consumed 0 B, total 581 MB, took 0.14 s
/home/mt/www/6.7/src/Core/Framework/DataAbstractionLayer/Dbal/FieldResolver/ManyToManyAssociationFieldResolver.php
--- consumed 0 B, total 581 MB, took 0.05 s
/home/mt/www/6.7/src/Core/Framework/DataAbstractionLayer/Dbal/EntityAggregator.php
--- consumed 4 MB, total 585 MB, took 0.56 s
/home/mt/www/6.7/src/Core/Framework/DataAbstractionLayer/Dbal/EntitySearcher.php
--- consumed 0 B, total 585 MB, took 0.13 s
/home/mt/www/6.7/src/Core/Framework/DataAbstractionLayer/Dbal/ExceptionHandlerRegistry.php
--- consumed 0 B, total 585 MB, took 0.02 s
/home/mt/www/6.7/src/Core/Framework/DataAbstractionLayer/Dbal/Common/IterableQuery.php
--- consumed 0 B, total 585 MB, took 0.00 s
/home/mt/www/6.7/src/Core/Framework/DataAbstractionLayer/Dbal/Common/LastIdQuery.php
--- consumed 0 B, total 585 MB, took 0.02 s
/home/mt/www/6.7/src/Core/Framework/DataAbstractionLayer/Dbal/Common/IteratorFactory.php
--- consumed 0 B, total 585 MB, took 0.02 s
/home/mt/www/6.7/src/Core/Framework/DataAbstractionLayer/Dbal/Common/OffsetQuery.php
--- consumed 0 B, total 585 MB, took 0.01 s
/home/mt/www/6.7/src/Core/Framework/DataAbstractionLayer/Dbal/Common/SalesChannelRepositoryIterator.php
--- consumed 0 B, total 585 MB, took 0.04 s
/home/mt/www/6.7/src/Core/Framework/DataAbstractionLayer/Dbal/Common/RepositoryIterator.php
--- consumed 0 B, total 585 MB, took 0.06 s
/home/mt/www/6.7/src/Core/Framework/DataAbstractionLayer/Dbal/EntityWriteGateway.php
--- consumed 2 MB, total 587 MB, took 0.66 s
/home/mt/www/6.7/src/Core/Framework/DataAbstractionLayer/Dbal/CriteriaQueryBuilder.php
--- consumed 2 MB, total 589 MB, took 0.19 s
/home/mt/www/6.7/src/Core/Framework/DataAbstractionLayer/Dbal/SqlHelper.php
--- consumed 0 B, total 589 MB, took 0.02 s
/home/mt/www/6.7/src/Core/Framework/DataAbstractionLayer/Dbal/EntityDefinitionQueryHelper.php
--- consumed 16 MB, total 605 MB, took 0.40 s
/home/mt/www/6.7/src/Core/Framework/DataAbstractionLayer/Dbal/Exception/InvalidSortingDirectionException.php
--- consumed 0 B, total 605 MB, took 0.01 s
/home/mt/www/6.7/src/Core/Framework/DataAbstractionLayer/Dbal/Exception/ParentAssociationCanNotBeFetched.php
--- consumed 0 B, total 605 MB, took 0.01 s
/home/mt/www/6.7/src/Core/Framework/DataAbstractionLayer/Dbal/Exception/FieldAccessorBuilderNotFoundException.php
--- consumed 0 B, total 605 MB, took 0.00 s
/home/mt/www/6.7/src/Core/Framework/DataAbstractionLayer/Dbal/Exception/FieldNotStorageAwareException.php
--- consumed 0 B, total 605 MB, took 0.00 s
/home/mt/www/6.7/src/Core/Framework/DataAbstractionLayer/Dbal/Exception/UnmappedFieldException.php
--- consumed 0 B, total 605 MB, took 0.01 s
/home/mt/www/6.7/src/Core/Framework/DataAbstractionLayer/Dbal/EntityHydrator.php
--- consumed 0 B, total 605 MB, took 0.28 s
/home/mt/www/6.7/src/Core/Framework/DataAbstractionLayer/Dbal/JoinGroup.php
--- consumed 0 B, total 605 MB, took 0.02 s
/home/mt/www/6.7/src/Core/Framework/DataAbstractionLayer/Dbal/CriteriaFieldsResolver.php
--- consumed 0 B, total 605 MB, took 0.07 s
/home/mt/www/6.7/src/Core/Framework/DataAbstractionLayer/Dbal/EntityForeignKeyResolver.php
--- consumed 0 B, total 605 MB, took 0.10 s
/home/mt/www/6.7/src/Core/Framework/DataAbstractionLayer/Dbal/ExceptionHandlerInterface.php
--- consumed 0 B, total 605 MB, took 0.00 s
/home/mt/www/6.7/src/Core/Framework/DataAbstractionLayer/Dbal/SchemaBuilder.php
--- consumed 0 B, total 605 MB, took 0.14 s
/home/mt/www/6.7/src/Core/Framework/DataAbstractionLayer/Dbal/QueryBuilder.php
--- consumed 0 B, total 605 MB, took 0.04 s
/home/mt/www/6.7/src/Core/Framework/DataAbstractionLayer/Pricing/CashRoundingConfig.php
--- consumed 0 B, total 605 MB, took 0.01 s
/home/mt/www/6.7/src/Core/Framework/DataAbstractionLayer/Pricing/PriceCollection.php
--- consumed 0 B, total 605 MB, took 0.02 s
/home/mt/www/6.7/src/Core/Framework/DataAbstractionLayer/Pricing/Price.php
--- consumed 0 B, total 605 MB, took 0.02 s
/home/mt/www/6.7/src/Core/Framework/DataAbstractionLayer/Pricing/PriceRuleEntity.php
--- consumed 0 B, total 605 MB, took 0.01 s
/home/mt/www/6.7/src/Core/Framework/DataAbstractionLayer/Pricing/PriceRuleCollection.php
--- consumed 0 B, total 605 MB, took 0.01 s
/home/mt/www/6.7/src/Core/Framework/DataAbstractionLayer/InvalidCriteriaIdsException.php
--- consumed 0 B, total 605 MB, took 0.00 s
/home/mt/www/6.7/src/Core/Framework/DataAbstractionLayer/MigrationFileRenderer.php
--- consumed 0 B, total 605 MB, took 0.01 s
/home/mt/www/6.7/src/Core/Framework/DataAbstractionLayer/Field/CustomFields.php
--- consumed 0 B, total 605 MB, took 0.01 s
/home/mt/www/6.7/src/Core/Framework/DataAbstractionLayer/Field/ParentAssociationField.php
--- consumed 0 B, total 605 MB, took 0.00 s
/home/mt/www/6.7/src/Core/Framework/DataAbstractionLayer/Field/ReferenceVersionField.php
--- consumed 0 B, total 605 MB, took 0.03 s
/home/mt/www/6.7/src/Core/Framework/DataAbstractionLayer/Field/CreatedByField.php
--- consumed 0 B, total 605 MB, took 0.01 s
/home/mt/www/6.7/src/Core/Framework/DataAbstractionLayer/Field/AutoIncrementField.php
--- consumed 0 B, total 605 MB, took 0.00 s
/home/mt/www/6.7/src/Core/Framework/DataAbstractionLayer/Field/PriceDefinitionField.php
--- consumed 0 B, total 605 MB, took 0.01 s
/home/mt/www/6.7/src/Core/Framework/DataAbstractionLayer/Field/SerializedField.php
--- consumed 0 B, total 605 MB, took 0.01 s
/home/mt/www/6.7/src/Core/Framework/DataAbstractionLayer/Field/JsonField.php
--- consumed 0 B, total 605 MB, took 0.01 s
/home/mt/www/6.7/src/Core/Framework/DataAbstractionLayer/Field/CashRoundingConfigField.php
--- consumed 0 B, total 605 MB, took 0.01 s
/home/mt/www/6.7/src/Core/Framework/DataAbstractionLayer/Field/RemoteAddressField.php
--- consumed 0 B, total 605 MB, took 0.01 s
/home/mt/www/6.7/src/Core/Framework/DataAbstractionLayer/Field/ParentFkField.php
--- consumed 0 B, total 605 MB, took 0.00 s
/home/mt/www/6.7/src/Core/Framework/DataAbstractionLayer/Field/ManyToOneAssociationField.php
--- consumed 0 B, total 605 MB, took 0.14 s
/home/mt/www/6.7/src/Core/Framework/DataAbstractionLayer/Field/UpdatedByField.php
--- consumed 0 B, total 605 MB, took 0.01 s
/home/mt/www/6.7/src/Core/Framework/DataAbstractionLayer/Field/TimeZoneField.php
--- consumed 0 B, total 605 MB, took 0.00 s
/home/mt/www/6.7/src/Core/Framework/DataAbstractionLayer/Field/DateField.php
--- consumed 0 B, total 605 MB, took 0.00 s
/home/mt/www/6.7/src/Core/Framework/DataAbstractionLayer/Field/FkField.php
--- consumed 0 B, total 605 MB, took 0.02 s
/home/mt/www/6.7/src/Core/Framework/DataAbstractionLayer/Field/VersionField.php
--- consumed 0 B, total 605 MB, took 0.01 s
/home/mt/www/6.7/src/Core/Framework/DataAbstractionLayer/Field/CartPriceField.php
--- consumed 0 B, total 605 MB, took 0.02 s
/home/mt/www/6.7/src/Core/Framework/DataAbstractionLayer/Field/ConfigJsonField.php
--- consumed 0 B, total 605 MB, took 0.01 s
/home/mt/www/6.7/src/Core/Framework/DataAbstractionLayer/Field/Flag/NoConstraint.php
--- consumed 0 B, total 605 MB, took 0.00 s
/home/mt/www/6.7/src/Core/Framework/DataAbstractionLayer/Field/Flag/Flag.php
--- consumed 0 B, total 605 MB, took 0.00 s
/home/mt/www/6.7/src/Core/Framework/DataAbstractionLayer/Field/Flag/Deprecated.php
--- consumed 0 B, total 605 MB, took 0.01 s
/home/mt/www/6.7/src/Core/Framework/DataAbstractionLayer/Field/Flag/ApiAware.php
--- consumed 0 B, total 605 MB, took 0.02 s
/home/mt/www/6.7/src/Core/Framework/DataAbstractionLayer/Field/Flag/WriteProtected.php
--- consumed 0 B, total 605 MB, took 0.01 s
/home/mt/www/6.7/src/Core/Framework/DataAbstractionLayer/Field/Flag/Since.php
--- consumed 0 B, total 605 MB, took 0.00 s
/home/mt/www/6.7/src/Core/Framework/DataAbstractionLayer/Field/Flag/SetNullOnDelete.php
--- consumed 0 B, total 605 MB, took 0.00 s
/home/mt/www/6.7/src/Core/Framework/DataAbstractionLayer/Field/Flag/RuleAreas.php
--- consumed 0 B, total 605 MB, took 0.01 s
/home/mt/www/6.7/src/Core/Framework/DataAbstractionLayer/Field/Flag/SearchRanking.php
--- consumed 0 B, total 605 MB, took 0.01 s
/home/mt/www/6.7/src/Core/Framework/DataAbstractionLayer/Field/Flag/Computed.php
--- consumed 0 B, total 605 MB, took 0.00 s
/home/mt/www/6.7/src/Core/Framework/DataAbstractionLayer/Field/Flag/Extension.php
--- consumed 0 B, total 605 MB, took 0.00 s
/home/mt/www/6.7/src/Core/Framework/DataAbstractionLayer/Field/Flag/Inherited.php
--- consumed 0 B, total 605 MB, took 0.00 s
/home/mt/www/6.7/src/Core/Framework/DataAbstractionLayer/Field/Flag/AllowHtml.php
--- consumed 0 B, total 605 MB, took 0.00 s
/home/mt/www/6.7/src/Core/Framework/DataAbstractionLayer/Field/Flag/Runtime.php
--- consumed 0 B, total 605 MB, took 0.00 s
/home/mt/www/6.7/src/Core/Framework/DataAbstractionLayer/Field/Flag/PrimaryKey.php
--- consumed 0 B, total 605 MB, took 0.00 s
/home/mt/www/6.7/src/Core/Framework/DataAbstractionLayer/Field/Flag/IgnoreInOpenapiSchema.php
--- consumed 0 B, total 605 MB, took 0.00 s
/home/mt/www/6.7/src/Core/Framework/DataAbstractionLayer/Field/Flag/Required.php
--- consumed 0 B, total 605 MB, took 0.00 s
/home/mt/www/6.7/src/Core/Framework/DataAbstractionLayer/Field/Flag/RestrictDelete.php
--- consumed 0 B, total 605 MB, took 0.00 s
/home/mt/www/6.7/src/Core/Framework/DataAbstractionLayer/Field/Flag/CascadeDelete.php
--- consumed 0 B, total 605 MB, took 0.00 s
/home/mt/www/6.7/src/Core/Framework/DataAbstractionLayer/Field/Flag/AsArray.php
--- consumed 0 B, total 605 MB, took 0.00 s
/home/mt/www/6.7/src/Core/Framework/DataAbstractionLayer/Field/Flag/ReverseInherited.php
--- consumed 0 B, total 605 MB, took 0.00 s
/home/mt/www/6.7/src/Core/Framework/DataAbstractionLayer/Field/Flag/AllowEmptyString.php
--- consumed 0 B, total 605 MB, took 0.00 s
/home/mt/www/6.7/src/Core/Framework/DataAbstractionLayer/Field/Flag/ApiCriteriaAware.php
--- consumed 0 B, total 605 MB, took 0.00 s
/home/mt/www/6.7/src/Core/Framework/DataAbstractionLayer/Field/FloatField.php
--- consumed 0 B, total 605 MB, took 0.00 s
/home/mt/www/6.7/src/Core/Framework/DataAbstractionLayer/Field/StringField.php
--- consumed 0 B, total 605 MB, took 0.01 s
/home/mt/www/6.7/src/Core/Framework/DataAbstractionLayer/Field/OneToOneAssociationField.php
--- consumed 0 B, total 605 MB, took 0.01 s
/home/mt/www/6.7/src/Core/Framework/DataAbstractionLayer/Field/ManyToManyAssociationField.php
--- consumed 0 B, total 605 MB, took 0.03 s
/home/mt/www/6.7/src/Core/Framework/DataAbstractionLayer/Field/DateTimeField.php
--- consumed 0 B, total 605 MB, took 0.01 s
/home/mt/www/6.7/src/Core/Framework/DataAbstractionLayer/Field/VariantListingConfigField.php
--- consumed 0 B, total 605 MB, took 0.01 s
/home/mt/www/6.7/src/Core/Framework/DataAbstractionLayer/Field/TranslatedField.php
--- consumed 0 B, total 605 MB, took 0.01 s
/home/mt/www/6.7/src/Core/Framework/DataAbstractionLayer/Field/TaxFreeConfigField.php
--- consumed 0 B, total 605 MB, took 0.01 s
/home/mt/www/6.7/src/Core/Framework/DataAbstractionLayer/Field/DateIntervalField.php
--- consumed 0 B, total 605 MB, took 0.01 s
/home/mt/www/6.7/src/Core/Framework/DataAbstractionLayer/Field/ObjectField.php
--- consumed 0 B, total 605 MB, took 0.00 s
/home/mt/www/6.7/src/Core/Framework/DataAbstractionLayer/Field/BreadcrumbField.php
--- consumed 0 B, total 605 MB, took 0.01 s
/home/mt/www/6.7/src/Core/Framework/DataAbstractionLayer/Field/CalculatedPriceField.php
--- consumed 0 B, total 605 MB, took 0.02 s
/home/mt/www/6.7/src/Core/Framework/DataAbstractionLayer/Field/Field.php
--- consumed 0 B, total 605 MB, took 0.06 s
/home/mt/www/6.7/src/Core/Framework/DataAbstractionLayer/Field/ManyToManyIdField.php
--- consumed 0 B, total 605 MB, took 0.01 s
/home/mt/www/6.7/src/Core/Framework/DataAbstractionLayer/Field/EnumField.php
--- consumed 0 B, total 605 MB, took 0.02 s
/home/mt/www/6.7/src/Core/Framework/DataAbstractionLayer/Field/LongTextField.php
--- consumed 0 B, total 605 MB, took 0.00 s
/home/mt/www/6.7/src/Core/Framework/DataAbstractionLayer/Field/LockedField.php
--- consumed 0 B, total 605 MB, took 0.00 s
/home/mt/www/6.7/src/Core/Framework/DataAbstractionLayer/Field/IdField.php
--- consumed 0 B, total 605 MB, took 0.01 s
/home/mt/www/6.7/src/Core/Framework/DataAbstractionLayer/Field/StorageAware.php
--- consumed 0 B, total 605 MB, took 0.00 s
/home/mt/www/6.7/src/Core/Framework/DataAbstractionLayer/Field/CreatedAtField.php
--- consumed 0 B, total 605 MB, took 0.00 s
/home/mt/www/6.7/src/Core/Framework/DataAbstractionLayer/Field/PasswordField.php
--- consumed 0 B, total 605 MB, took 0.01 s
/home/mt/www/6.7/src/Core/Framework/DataAbstractionLayer/Field/TreeLevelField.php
--- consumed 0 B, total 605 MB, took 0.01 s
/home/mt/www/6.7/src/Core/Framework/DataAbstractionLayer/Field/ChildrenAssociationField.php
--- consumed 0 B, total 605 MB, took 0.01 s
/home/mt/www/6.7/src/Core/Framework/DataAbstractionLayer/Field/TreePathField.php
--- consumed 0 B, total 605 MB, took 0.01 s
/home/mt/www/6.7/src/Core/Framework/DataAbstractionLayer/Field/ChildCountField.php
--- consumed 0 B, total 605 MB, took 0.01 s
/home/mt/www/6.7/src/Core/Framework/DataAbstractionLayer/Field/EmailField.php
--- consumed 0 B, total 605 MB, took 0.00 s
/home/mt/www/6.7/src/Core/Framework/DataAbstractionLayer/Field/CronIntervalField.php
--- consumed 0 B, total 605 MB, took 0.01 s
/home/mt/www/6.7/src/Core/Framework/DataAbstractionLayer/Field/TreeBreadcrumbField.php
--- consumed 0 B, total 605 MB, took 0.01 s
/home/mt/www/6.7/src/Core/Framework/DataAbstractionLayer/Field/AssociationField.php
--- consumed 0 B, total 605 MB, took 0.02 s
/home/mt/www/6.7/src/Core/Framework/DataAbstractionLayer/Field/OneToManyAssociationField.php
--- consumed 0 B, total 605 MB, took 0.01 s
/home/mt/www/6.7/src/Core/Framework/DataAbstractionLayer/Field/PriceField.php
--- consumed 0 B, total 605 MB, took 0.01 s
/home/mt/www/6.7/src/Core/Framework/DataAbstractionLayer/Field/StateMachineStateField.php
--- consumed 0 B, total 605 MB, took 0.01 s
/home/mt/www/6.7/src/Core/Framework/DataAbstractionLayer/Field/ListField.php
--- consumed 0 B, total 605 MB, took 0.01 s
/home/mt/www/6.7/src/Core/Framework/DataAbstractionLayer/Field/IntField.php
--- consumed 0 B, total 605 MB, took 0.01 s
/home/mt/www/6.7/src/Core/Framework/DataAbstractionLayer/Field/BlobField.php
--- consumed 0 B, total 605 MB, took 0.01 s
/home/mt/www/6.7/src/Core/Framework/DataAbstractionLayer/Field/BoolField.php
--- consumed 0 B, total 605 MB, took 0.00 s
/home/mt/www/6.7/src/Core/Framework/DataAbstractionLayer/Field/UpdatedAtField.php
--- consumed 0 B, total 605 MB, took 0.00 s
/home/mt/www/6.7/src/Core/Framework/DataAbstractionLayer/Field/TranslationsAssociationField.php
--- consumed 0 B, total 605 MB, took 0.01 s
/home/mt/www/6.7/src/Core/Framework/DataAbstractionLayer/Field/VersionDataPayloadField.php
--- consumed 0 B, total 605 MB, took 0.00 s
/home/mt/www/6.7/src/Core/Framework/DataAbstractionLayer/DefinitionInstanceRegistry.php
--- consumed 0 B, total 605 MB, took 0.08 s
/home/mt/www/6.7/src/Core/Framework/DataAbstractionLayer/Validation/EntityNotExists.php
--- consumed 0 B, total 605 MB, took 0.06 s
/home/mt/www/6.7/src/Core/Framework/DataAbstractionLayer/Validation/EntityExists.php
--- consumed 0 B, total 605 MB, took 0.05 s
/home/mt/www/6.7/src/Core/Framework/DataAbstractionLayer/Validation/EntityNotExistsValidator.php
--- consumed 0 B, total 605 MB, took 0.02 s
/home/mt/www/6.7/src/Core/Framework/DataAbstractionLayer/Validation/EntityExistsValidator.php
--- consumed 0 B, total 605 MB, took 0.02 s
/home/mt/www/6.7/src/Core/Framework/DataAbstractionLayer/Cache/EntityCacheKeyGenerator.php
--- consumed 0 B, total 605 MB, took 0.03 s
/home/mt/www/6.7/src/Core/Framework/Store/Api/FirstRunWizardController.php
--- consumed 0 B, total 605 MB, took 0.23 s
/home/mt/www/6.7/src/Core/Framework/Store/Api/StoreController.php
--- consumed 0 B, total 605 MB, took 0.07 s
/home/mt/www/6.7/src/Core/Framework/Store/Api/ExtensionStoreDataController.php
--- consumed 0 B, total 605 MB, took 0.03 s
/home/mt/www/6.7/src/Core/Framework/Store/Api/ExtensionStoreLicensesController.php
--- consumed 0 B, total 605 MB, took 0.02 s
/home/mt/www/6.7/src/Core/Framework/Store/Api/ExtensionStoreActionsController.php
--- consumed 0 B, total 605 MB, took 0.06 s
/home/mt/www/6.7/src/Core/Framework/Store/Event/FirstRunWizardStartedEvent.php
--- consumed 0 B, total 605 MB, took 0.01 s
/home/mt/www/6.7/src/Core/Framework/Store/Event/InstalledExtensionsListingLoadedEvent.php
--- consumed 0 B, total 605 MB, took 0.00 s
/home/mt/www/6.7/src/Core/Framework/Store/Event/FirstRunWizardFinishedEvent.php
--- consumed 0 B, total 605 MB, took 0.00 s
/home/mt/www/6.7/src/Core/Framework/Store/InAppPurchase.php
--- consumed 0 B, total 605 MB, took 0.03 s
/home/mt/www/6.7/src/Core/Framework/Store/Search/FilterStruct.php
--- consumed 0 B, total 605 MB, took 0.01 s
/home/mt/www/6.7/src/Core/Framework/Store/Search/MultiFilterStruct.php
--- consumed 0 B, total 605 MB, took 0.02 s
/home/mt/www/6.7/src/Core/Framework/Store/Search/EqualsFilterStruct.php
--- consumed 0 B, total 605 MB, took 0.01 s
/home/mt/www/6.7/src/Core/Framework/Store/Search/ExtensionCriteria.php
--- consumed 0 B, total 605 MB, took 0.04 s
/home/mt/www/6.7/src/Core/Framework/Store/StoreException.php
--- consumed 0 B, total 605 MB, took 0.05 s
/home/mt/www/6.7/src/Core/Framework/Store/Helper/PermissionCategorization.php
--- consumed 0 B, total 605 MB, took 0.76 s
/home/mt/www/6.7/src/Core/Framework/Store/Subscriber/ExtensionChangedSubscriber.php
--- consumed 0 B, total 605 MB, took 0.02 s
/home/mt/www/6.7/src/Core/Framework/Store/Subscriber/LicenseHostChangedSubscriber.php
--- consumed 0 B, total 605 MB, took 0.02 s
/home/mt/www/6.7/src/Core/Framework/Store/Authentication/StoreRequestOptionsProvider.php
--- consumed 2 MB, total 607 MB, took 0.05 s
/home/mt/www/6.7/src/Core/Framework/Store/Authentication/FrwRequestOptionsProvider.php
--- consumed 0 B, total 607 MB, took 0.03 s
/home/mt/www/6.7/src/Core/Framework/Store/Authentication/AbstractStoreRequestOptionsProvider.php
--- consumed 0 B, total 607 MB, took 0.01 s
/home/mt/www/6.7/src/Core/Framework/Store/Authentication/LocaleProvider.php
--- consumed 0 B, total 607 MB, took 0.02 s
/home/mt/www/6.7/src/Core/Framework/Store/Exception/StoreTokenMissingException.php
--- consumed 0 B, total 607 MB, took 0.01 s
/home/mt/www/6.7/src/Core/Framework/Store/Exception/StoreLicenseDomainMissingException.php
--- consumed 0 B, total 607 MB, took 0.00 s
/home/mt/www/6.7/src/Core/Framework/Store/Exception/ExtensionUpdateRequiresConsentAffirmationException.php
--- consumed 0 B, total 607 MB, took 0.00 s
/home/mt/www/6.7/src/Core/Framework/Store/Exception/LicenseDomainVerificationException.php
--- consumed 0 B, total 607 MB, took 0.01 s
/home/mt/www/6.7/src/Core/Framework/Store/Exception/StoreSessionExpiredException.php
--- consumed 0 B, total 607 MB, took 0.01 s
/home/mt/www/6.7/src/Core/Framework/Store/Exception/StoreApiException.php
--- consumed 0 B, total 607 MB, took 0.03 s
/home/mt/www/6.7/src/Core/Framework/Store/Exception/StoreInvalidCredentialsException.php
--- consumed 0 B, total 607 MB, took 0.00 s
/home/mt/www/6.7/src/Core/Framework/Store/Exception/LicenseNotFoundException.php
--- consumed 0 B, total 607 MB, took 0.01 s
/home/mt/www/6.7/src/Core/Framework/Store/Exception/VariantTypesNotAllowedException.php
--- consumed 0 B, total 607 MB, took 0.01 s
/home/mt/www/6.7/src/Core/Framework/Store/Exception/InvalidVariantIdException.php
--- consumed 0 B, total 607 MB, took 0.01 s
/home/mt/www/6.7/src/Core/Framework/Store/Exception/ExtensionNotFoundException.php
--- consumed 0 B, total 607 MB, took 0.00 s
/home/mt/www/6.7/src/Core/Framework/Store/Exception/InvalidExtensionRatingValueException.php
--- consumed 0 B, total 607 MB, took 0.01 s
/home/mt/www/6.7/src/Core/Framework/Store/Exception/InvalidExtensionIdException.php
--- consumed 0 B, total 607 MB, took 0.01 s
/home/mt/www/6.7/src/Core/Framework/Store/Exception/StoreNotAvailableException.php
--- consumed 0 B, total 607 MB, took 0.01 s
/home/mt/www/6.7/src/Core/Framework/Store/Exception/ShopSecretInvalidException.php
--- consumed 0 B, total 607 MB, took 0.01 s
/home/mt/www/6.7/src/Core/Framework/Store/Struct/StoreLicenseSubscriptionStruct.php
--- consumed 0 B, total 607 MB, took 0.00 s
/home/mt/www/6.7/src/Core/Framework/Store/Struct/ShopUserTokenStruct.php
--- consumed 0 B, total 607 MB, took 0.01 s
/home/mt/www/6.7/src/Core/Framework/Store/Struct/StoreLicenseViolationTypeStruct.php
--- consumed 0 B, total 607 MB, took 0.01 s
/home/mt/www/6.7/src/Core/Framework/Store/Struct/PluginCategoryStruct.php
--- consumed 0 B, total 607 MB, took 0.01 s
/home/mt/www/6.7/src/Core/Framework/Store/Struct/PermissionCollection.php
--- consumed 0 B, total 607 MB, took 0.09 s
/home/mt/www/6.7/src/Core/Framework/Store/Struct/StoreLicenseStruct.php
--- consumed 0 B, total 607 MB, took 0.01 s
/home/mt/www/6.7/src/Core/Framework/Store/Struct/ImageCollection.php
--- consumed 0 B, total 607 MB, took 0.01 s
/home/mt/www/6.7/src/Core/Framework/Store/Struct/FaqStruct.php
--- consumed 0 B, total 607 MB, took 0.01 s
/home/mt/www/6.7/src/Core/Framework/Store/Struct/PluginCategoryCollection.php
--- consumed 0 B, total 607 MB, took 0.01 s
/home/mt/www/6.7/src/Core/Framework/Store/Struct/ImageStruct.php
--- consumed 0 B, total 607 MB, took 0.01 s
/home/mt/www/6.7/src/Core/Framework/Store/Struct/ExtensionStruct.php
--- consumed 0 B, total 607 MB, took 0.15 s
/home/mt/www/6.7/src/Core/Framework/Store/Struct/ReviewStruct.php
--- consumed 0 B, total 607 MB, took 0.06 s
/home/mt/www/6.7/src/Core/Framework/Store/Struct/DomainVerificationRequestStruct.php
--- consumed 0 B, total 607 MB, took 0.01 s
/home/mt/www/6.7/src/Core/Framework/Store/Struct/StoreStruct.php
--- consumed 0 B, total 607 MB, took 0.00 s
/home/mt/www/6.7/src/Core/Framework/Store/Struct/StorePluginStruct.php
--- consumed 0 B, total 607 MB, took 0.02 s
/home/mt/www/6.7/src/Core/Framework/Store/Struct/StoreCategoryCollection.php
--- consumed 0 B, total 607 MB, took 0.01 s
/home/mt/www/6.7/src/Core/Framework/Store/Struct/StoreLicenseTypeStruct.php
--- consumed 0 B, total 607 MB, took 0.00 s
/home/mt/www/6.7/src/Core/Framework/Store/Struct/StoreCollection.php
--- consumed 0 B, total 607 MB, took 0.02 s
/home/mt/www/6.7/src/Core/Framework/Store/Struct/LicenseDomainCollection.php
--- consumed 0 B, total 607 MB, took 0.01 s
/home/mt/www/6.7/src/Core/Framework/Store/Struct/StoreCategoryStruct.php
--- consumed 0 B, total 607 MB, took 0.01 s
/home/mt/www/6.7/src/Core/Framework/Store/Struct/CartPositionStruct.php
--- consumed 0 B, total 607 MB, took 0.03 s
/home/mt/www/6.7/src/Core/Framework/Store/Struct/StoreLicenseViolationStruct.php
--- consumed 0 B, total 607 MB, took 0.01 s
/home/mt/www/6.7/src/Core/Framework/Store/Struct/ReviewCollection.php
--- consumed 0 B, total 607 MB, took 0.01 s
/home/mt/www/6.7/src/Core/Framework/Store/Struct/VariantCollection.php
--- consumed 0 B, total 607 MB, took 0.01 s
/home/mt/www/6.7/src/Core/Framework/Store/Struct/ExtensionCollection.php
--- consumed 0 B, total 607 MB, took 0.02 s
/home/mt/www/6.7/src/Core/Framework/Store/Struct/ReviewSummaryStruct.php
--- consumed 0 B, total 607 MB, took 0.02 s
/home/mt/www/6.7/src/Core/Framework/Store/Struct/CartStruct.php
--- consumed 0 B, total 607 MB, took 0.16 s
/home/mt/www/6.7/src/Core/Framework/Store/Struct/StoreActionStruct.php
--- consumed 0 B, total 607 MB, took 0.00 s
/home/mt/www/6.7/src/Core/Framework/Store/Struct/CartPositionCollection.php
--- consumed 0 B, total 607 MB, took 0.01 s
/home/mt/www/6.7/src/Core/Framework/Store/Struct/PluginRegionStruct.php
--- consumed 0 B, total 607 MB, took 0.01 s
/home/mt/www/6.7/src/Core/Framework/Store/Struct/FaqCollection.php
--- consumed 0 B, total 607 MB, took 0.01 s
/home/mt/www/6.7/src/Core/Framework/Store/Struct/PermissionStruct.php
--- consumed 0 B, total 607 MB, took 0.01 s
/home/mt/www/6.7/src/Core/Framework/Store/Struct/VariantStruct.php
--- consumed 0 B, total 607 MB, took 0.02 s
/home/mt/www/6.7/src/Core/Framework/Store/Struct/PluginRecommendationCollection.php
--- consumed 0 B, total 607 MB, took 0.02 s
/home/mt/www/6.7/src/Core/Framework/Store/Struct/LicenseDomainStruct.php
--- consumed 0 B, total 607 MB, took 0.01 s
/home/mt/www/6.7/src/Core/Framework/Store/Struct/PluginDownloadDataStruct.php
--- consumed 0 B, total 607 MB, took 0.02 s
/home/mt/www/6.7/src/Core/Framework/Store/Struct/LicenseStruct.php
--- consumed 0 B, total 607 MB, took 0.04 s
/home/mt/www/6.7/src/Core/Framework/Store/Struct/DiscountCampaignStruct.php
--- consumed 0 B, total 607 MB, took 0.03 s
/home/mt/www/6.7/src/Core/Framework/Store/Struct/StoreUpdateStruct.php
--- consumed 0 B, total 607 MB, took 0.01 s
/home/mt/www/6.7/src/Core/Framework/Store/Struct/BinaryStruct.php
--- consumed 0 B, total 607 MB, took 0.01 s
/home/mt/www/6.7/src/Core/Framework/Store/Struct/PluginRegionCollection.php
--- consumed 0 B, total 607 MB, took 0.00 s
/home/mt/www/6.7/src/Core/Framework/Store/Struct/LicenseCollection.php
--- consumed 0 B, total 607 MB, took 0.01 s
/home/mt/www/6.7/src/Core/Framework/Store/Struct/BinaryCollection.php
--- consumed 0 B, total 607 MB, took 0.01 s
/home/mt/www/6.7/src/Core/Framework/Store/Struct/FrwState.php
--- consumed 0 B, total 607 MB, took 0.02 s
/home/mt/www/6.7/src/Core/Framework/Store/Struct/AccessTokenStruct.php
--- consumed 0 B, total 607 MB, took 0.01 s
/home/mt/www/6.7/src/Core/Framework/Store/Command/StoreDownloadCommand.php
--- consumed 0 B, total 607 MB, took 0.07 s
/home/mt/www/6.7/src/Core/Framework/Store/Command/StoreLoginCommand.php
--- consumed 0 B, total 607 MB, took 0.06 s
/home/mt/www/6.7/src/Core/Framework/Store/Services/ExtensionListingLoader.php
--- consumed 0 B, total 607 MB, took 0.10 s
/home/mt/www/6.7/src/Core/Framework/Store/Services/AbstractExtensionLifecycle.php
--- consumed 0 B, total 607 MB, took 0.00 s
/home/mt/www/6.7/src/Core/Framework/Store/Services/FirstRunWizardService.php
--- consumed 8 MB, total 615 MB, took 0.49 s
/home/mt/www/6.7/src/Core/Framework/Store/Services/ExtensionStoreLicensesService.php
--- consumed 0 B, total 615 MB, took 0.01 s
/home/mt/www/6.7/src/Core/Framework/Store/Services/AbstractStoreAppLifecycleService.php
--- consumed 0 B, total 615 MB, took 0.01 s
/home/mt/www/6.7/src/Core/Framework/Store/Services/ExtensionLoader.php
--- consumed 2 MB, total 617 MB, took 0.47 s
/home/mt/www/6.7/src/Core/Framework/Store/Services/StoreClient.php
--- consumed 0 B, total 617 MB, took 0.22 s
/home/mt/www/6.7/src/Core/Framework/Store/Services/ExtensionDataProvider.php
--- consumed 0 B, total 617 MB, took 0.05 s
/home/mt/www/6.7/src/Core/Framework/Store/Services/InstanceService.php
--- consumed 0 B, total 617 MB, took 0.01 s
/home/mt/www/6.7/src/Core/Framework/Store/Services/StoreService.php
--- consumed 0 B, total 617 MB, took 0.01 s
/home/mt/www/6.7/src/Core/Framework/Store/Services/ShopSecretInvalidMiddleware.php
--- consumed 0 B, total 617 MB, took 0.01 s
/home/mt/www/6.7/src/Core/Framework/Store/Services/ExtensionLifecycleService.php
--- consumed 0 B, total 617 MB, took 0.03 s
/home/mt/www/6.7/src/Core/Framework/Store/Services/MiddlewareInterface.php
--- consumed 0 B, total 617 MB, took 0.00 s
/home/mt/www/6.7/src/Core/Framework/Store/Services/TrackingEventClient.php
--- consumed 0 B, total 617 MB, took 0.01 s
/home/mt/www/6.7/src/Core/Framework/Store/Services/AbstractExtensionStoreLicensesService.php
--- consumed 0 B, total 617 MB, took 0.00 s
/home/mt/www/6.7/src/Core/Framework/Store/Services/AbstractExtensionDataProvider.php
--- consumed 0 B, total 617 MB, took 0.00 s
/home/mt/www/6.7/src/Core/Framework/Store/Services/FirstRunWizardClient.php
--- consumed 0 B, total 617 MB, took 0.06 s
/home/mt/www/6.7/src/Core/Framework/Store/Services/StoreSessionExpiredMiddleware.php
--- consumed 0 B, total 617 MB, took 0.03 s
/home/mt/www/6.7/src/Core/Framework/Store/Services/StoreClientFactory.php
--- consumed 0 B, total 617 MB, took 0.04 s
/home/mt/www/6.7/src/Core/Framework/Store/Services/ExtensionDownloader.php
--- consumed 0 B, total 617 MB, took 0.02 s
/home/mt/www/6.7/src/Core/Framework/Store/Services/StoreAppLifecycleService.php
--- consumed 0 B, total 617 MB, took 0.10 s
/home/mt/www/6.7/src/Core/Framework/Store/InAppPurchase/Api/InAppPurchasesController.php
--- consumed 2 MB, total 619 MB, took 0.03 s
/home/mt/www/6.7/src/Core/Framework/Store/InAppPurchase/Event/InAppPurchaseChangedEvent.php
--- consumed 0 B, total 619 MB, took 0.01 s
/home/mt/www/6.7/src/Core/Framework/Store/InAppPurchase/InAppPurchaseUpdateTask.php
--- consumed 0 B, total 619 MB, took 0.01 s
/home/mt/www/6.7/src/Core/Framework/Store/InAppPurchase/Subscriber/InAppPurchaseConfigSubscriber.php
--- consumed 0 B, total 619 MB, took 0.03 s
/home/mt/www/6.7/src/Core/Framework/Store/InAppPurchase/Handler/InAppPurchaseUpdateHandler.php
--- consumed 0 B, total 619 MB, took 0.01 s
/home/mt/www/6.7/src/Core/Framework/Store/InAppPurchase/Services/DecodedPurchasesCollectionStruct.php
--- consumed 0 B, total 619 MB, took 0.02 s
/home/mt/www/6.7/src/Core/Framework/Store/InAppPurchase/Services/InAppPurchaseUpdater.php
--- consumed 0 B, total 619 MB, took 0.06 s
/home/mt/www/6.7/src/Core/Framework/Store/InAppPurchase/Services/KeyFetcher.php
--- consumed 0 B, total 619 MB, took 0.06 s
/home/mt/www/6.7/src/Core/Framework/Store/InAppPurchase/Services/InAppPurchaseProvider.php
--- consumed 0 B, total 619 MB, took 0.10 s
/home/mt/www/6.7/src/Core/Framework/Store/InAppPurchase/Services/DecodedPurchaseStruct.php
--- consumed 0 B, total 619 MB, took 0.01 s
/home/mt/www/6.7/src/Core/Framework/Gateway/GatewayException.php
--- consumed 0 B, total 619 MB, took 0.03 s
/home/mt/www/6.7/src/Core/Framework/Gateway/Context/SalesChannel/ContextGatewayRoute.php
--- consumed 0 B, total 619 MB, took 0.01 s
/home/mt/www/6.7/src/Core/Framework/Gateway/Context/SalesChannel/AbstractContextGatewayRoute.php
--- consumed 0 B, total 619 MB, took 0.00 s
/home/mt/www/6.7/src/Core/Framework/Gateway/Context/Command/Event/ContextGatewayCommandsCollectedEvent.php
--- consumed 0 B, total 619 MB, took 0.01 s
/home/mt/www/6.7/src/Core/Framework/Gateway/Context/Command/ChangeShippingAddressCommand.php
--- consumed 0 B, total 619 MB, took 0.00 s
/home/mt/www/6.7/src/Core/Framework/Gateway/Context/Command/ChangeBillingAddressCommand.php
--- consumed 0 B, total 619 MB, took 0.00 s
/home/mt/www/6.7/src/Core/Framework/Gateway/Context/Command/Executor/ContextGatewayCommandExecutor.php
--- consumed 0 B, total 619 MB, took 0.04 s
/home/mt/www/6.7/src/Core/Framework/Gateway/Context/Command/Executor/ContextGatewayCommandValidator.php
--- consumed 0 B, total 619 MB, took 0.01 s
/home/mt/www/6.7/src/Core/Framework/Gateway/Context/Command/Handler/AddCustomerMessageCommandHandler.php
--- consumed 0 B, total 619 MB, took 0.01 s
/home/mt/www/6.7/src/Core/Framework/Gateway/Context/Command/Handler/ChangeCheckoutOptionsCommandHandler.php
--- consumed 0 B, total 619 MB, took 0.03 s
/home/mt/www/6.7/src/Core/Framework/Gateway/Context/Command/Handler/RegisterCustomerCommandHandler.php
--- consumed 0 B, total 619 MB, took 0.01 s
/home/mt/www/6.7/src/Core/Framework/Gateway/Context/Command/Handler/ChangeShippingLocationCommandHandler.php
--- consumed 0 B, total 619 MB, took 0.04 s
/home/mt/www/6.7/src/Core/Framework/Gateway/Context/Command/Handler/ChangeLanguageCommandHandler.php
--- consumed 0 B, total 619 MB, took 0.02 s
/home/mt/www/6.7/src/Core/Framework/Gateway/Context/Command/Handler/LoginCustomerCommandHandler.php
--- consumed 0 B, total 619 MB, took 0.18 s
/home/mt/www/6.7/src/Core/Framework/Gateway/Context/Command/Handler/ChangeAddressCommandHandler.php
--- consumed 0 B, total 619 MB, took 0.01 s
/home/mt/www/6.7/src/Core/Framework/Gateway/Context/Command/Handler/ChangeCurrencyCommandHandler.php
--- consumed 0 B, total 619 MB, took 0.02 s
/home/mt/www/6.7/src/Core/Framework/Gateway/Context/Command/Handler/AbstractContextGatewayCommandHandler.php
--- consumed 0 B, total 619 MB, took 0.00 s
/home/mt/www/6.7/src/Core/Framework/Gateway/Context/Command/Struct/ContextGatewayPayloadStruct.php
--- consumed 0 B, total 619 MB, took 0.01 s
/home/mt/www/6.7/src/Core/Framework/Gateway/Context/Command/ContextGatewayCommandCollection.php
--- consumed 0 B, total 619 MB, took 0.02 s
/home/mt/www/6.7/src/Core/Framework/Gateway/Context/Command/AbstractContextGatewayCommand.php
--- consumed 0 B, total 619 MB, took 0.00 s
/home/mt/www/6.7/src/Core/Framework/Gateway/Context/Command/TokenCommandInterface.php
--- consumed 0 B, total 619 MB, took 0.00 s
/home/mt/www/6.7/src/Core/Framework/Gateway/Context/Command/ChangeShippingMethodCommand.php
--- consumed 0 B, total 619 MB, took 0.00 s
/home/mt/www/6.7/src/Core/Framework/Gateway/Context/Command/AddCustomerMessageCommand.php
--- consumed 0 B, total 619 MB, took 0.00 s
/home/mt/www/6.7/src/Core/Framework/Gateway/Context/Command/Registry/ContextGatewayCommandRegistry.php
--- consumed 0 B, total 619 MB, took 0.03 s
/home/mt/www/6.7/src/Core/Framework/Gateway/Context/Command/LoginCustomerCommand.php
--- consumed 0 B, total 619 MB, took 0.00 s
/home/mt/www/6.7/src/Core/Framework/Gateway/Context/Command/ChangeLanguageCommand.php
--- consumed 0 B, total 619 MB, took 0.00 s
/home/mt/www/6.7/src/Core/Framework/Gateway/Context/Command/ChangePaymentMethodCommand.php
--- consumed 0 B, total 619 MB, took 0.00 s
/home/mt/www/6.7/src/Core/Framework/Gateway/Context/Command/ChangeShippingLocationCommand.php
--- consumed 0 B, total 619 MB, took 0.00 s
/home/mt/www/6.7/src/Core/Framework/Gateway/Context/Command/ChangeCurrencyCommand.php
--- consumed 0 B, total 619 MB, took 0.00 s
/home/mt/www/6.7/src/Core/Framework/Gateway/Context/Command/RegisterCustomerCommand.php
--- consumed 0 B, total 619 MB, took 0.00 s
/home/mt/www/6.7/src/Core/Framework/Validation/ConstraintViolationExceptionInterface.php
--- consumed 0 B, total 619 MB, took 0.00 s
/home/mt/www/6.7/src/Core/Framework/Validation/DataValidationFactoryInterface.php
--- consumed 0 B, total 619 MB, took 0.00 s
/home/mt/www/6.7/src/Core/Framework/Validation/DataValidationDefinition.php
--- consumed 0 B, total 619 MB, took 0.07 s
/home/mt/www/6.7/src/Core/Framework/Validation/Exception/ConstraintViolationException.php
--- consumed 0 B, total 619 MB, took 0.06 s
/home/mt/www/6.7/src/Core/Framework/Validation/HappyPathValidator.php
--- consumed 2 MB, total 621 MB, took 0.15 s
/home/mt/www/6.7/src/Core/Framework/Validation/DataBag/DataBag.php
--- consumed 0 B, total 621 MB, took 0.06 s
/home/mt/www/6.7/src/Core/Framework/Validation/DataBag/QueryDataBag.php
--- consumed 0 B, total 621 MB, took 0.00 s
/home/mt/www/6.7/src/Core/Framework/Validation/DataBag/RequestDataBag.php
--- consumed 0 B, total 621 MB, took 0.00 s
/home/mt/www/6.7/src/Core/Framework/Validation/Constraint/ArrayOfUuidValidator.php
--- consumed 0 B, total 621 MB, took 0.02 s
/home/mt/www/6.7/src/Core/Framework/Validation/Constraint/UuidValidator.php
--- consumed 0 B, total 621 MB, took 0.01 s
/home/mt/www/6.7/src/Core/Framework/Validation/Constraint/ArrayOfUuid.php
--- consumed 0 B, total 621 MB, took 0.00 s
/home/mt/www/6.7/src/Core/Framework/Validation/Constraint/ArrayOfType.php
--- consumed 0 B, total 621 MB, took 0.00 s
/home/mt/www/6.7/src/Core/Framework/Validation/Constraint/ArrayOfTypeValidator.php
--- consumed 0 B, total 621 MB, took 0.04 s
/home/mt/www/6.7/src/Core/Framework/Validation/Constraint/Uuid.php
--- consumed 0 B, total 621 MB, took 0.00 s
/home/mt/www/6.7/src/Core/Framework/Validation/ValidatorFactory.php
--- consumed 0 B, total 621 MB, took 0.04 s
/home/mt/www/6.7/src/Core/Framework/Validation/DataValidator.php
--- consumed 0 B, total 621 MB, took 0.08 s
/home/mt/www/6.7/src/Core/Framework/Validation/BuildValidationEvent.php
--- consumed 0 B, total 621 MB, took 0.01 s
/home/mt/www/6.7/src/Core/Framework/Validation/WriteConstraintViolationException.php
--- consumed 0 B, total 621 MB, took 0.04 s
/home/mt/www/6.7/src/Core/Framework/Log/LogEntryDefinition.php
--- consumed 0 B, total 621 MB, took 0.02 s
/home/mt/www/6.7/src/Core/Framework/Log/LogEntryCollection.php
--- consumed 0 B, total 621 MB, took 0.01 s
/home/mt/www/6.7/src/Core/Framework/Log/Monolog/ErrorCodeLogLevelHandler.php
--- consumed 0 B, total 621 MB, took 0.05 s
/home/mt/www/6.7/src/Core/Framework/Log/Monolog/DoctrineSQLHandler.php
--- consumed 0 B, total 621 MB, took 0.03 s
/home/mt/www/6.7/src/Core/Framework/Log/Monolog/ExcludeFlowEventHandler.php
--- consumed 0 B, total 621 MB, took 0.02 s
/home/mt/www/6.7/src/Core/Framework/Log/Monolog/AnnotatePackageProcessor.php
--- consumed 0 B, total 621 MB, took 0.02 s
/home/mt/www/6.7/src/Core/Framework/Log/Monolog/ExcludeExceptionHandler.php
--- consumed 0 B, total 621 MB, took 0.02 s
/home/mt/www/6.7/src/Core/Framework/Log/LogEntryEntity.php
--- consumed 0 B, total 621 MB, took 0.02 s
/home/mt/www/6.7/src/Core/Framework/Log/Package.php
--- consumed 0 B, total 621 MB, took 0.02 s
/home/mt/www/6.7/src/Core/Framework/Log/ExceptionLogger.php
--- consumed 0 B, total 621 MB, took 0.01 s
/home/mt/www/6.7/src/Core/Framework/Log/PackageService.php
--- consumed 0 B, total 621 MB, took 0.28 s
/home/mt/www/6.7/src/Core/Framework/Log/LogAware.php
--- consumed 0 B, total 621 MB, took 0.00 s
/home/mt/www/6.7/src/Core/Framework/Log/ScheduledTask/LogCleanupTaskHandler.php
--- consumed 0 B, total 621 MB, took 0.02 s
/home/mt/www/6.7/src/Core/Framework/Log/ScheduledTask/LogCleanupTask.php
--- consumed 0 B, total 621 MB, took 0.00 s
/home/mt/www/6.7/src/Core/Framework/Log/LoggingService.php
--- consumed 0 B, total 621 MB, took 0.02 s
/home/mt/www/6.7/src/Core/Framework/DependencyInjection/DependencyInjectionException.php
--- consumed 0 B, total 621 MB, took 0.02 s
/home/mt/www/6.7/src/Core/Framework/DependencyInjection/Configuration.php
--- consumed 12 MB, total 633 MB, took 1.01 s
/home/mt/www/6.7/src/Core/Framework/DependencyInjection/FrameworkExtension.php
--- consumed 0 B, total 633 MB, took 0.03 s
/home/mt/www/6.7/src/Core/Framework/DependencyInjection/TaggedServiceLocator.php
--- consumed 0 B, total 633 MB, took 0.01 s
/home/mt/www/6.7/src/Core/Framework/DependencyInjection/CompilerPass/TwigEnvironmentCompilerPass.php
--- consumed 0 B, total 633 MB, took 0.02 s
/home/mt/www/6.7/src/Core/Framework/DependencyInjection/CompilerPass/DefaultTransportCompilerPass.php
--- consumed 2 MB, total 635 MB, took 0.21 s
/home/mt/www/6.7/src/Core/Framework/DependencyInjection/CompilerPass/AttributeEntityCompilerPass.php
--- consumed 0 B, total 635 MB, took 0.10 s
/home/mt/www/6.7/src/Core/Framework/DependencyInjection/CompilerPass/BusinessEventRegisterCompilerPass.php
--- consumed 0 B, total 635 MB, took 0.01 s
/home/mt/www/6.7/src/Core/Framework/DependencyInjection/CompilerPass/HttpCacheConfigCompilerPass.php
--- consumed 0 B, total 635 MB, took 0.01 s
/home/mt/www/6.7/src/Core/Framework/DependencyInjection/CompilerPass/FilesystemConfigMigrationCompilerPass.php
--- consumed 0 B, total 635 MB, took 0.02 s
/home/mt/www/6.7/src/Core/Framework/DependencyInjection/CompilerPass/FrameworkMigrationReplacementCompilerPass.php
--- consumed 0 B, total 635 MB, took 0.00 s
/home/mt/www/6.7/src/Core/Framework/DependencyInjection/CompilerPass/FeatureFlagCompilerPass.php
--- consumed 0 B, total 635 MB, took 0.02 s
/home/mt/www/6.7/src/Core/Framework/DependencyInjection/CompilerPass/RedisPrefixCompilerPass.php
--- consumed 0 B, total 635 MB, took 0.04 s
/home/mt/www/6.7/src/Core/Framework/DependencyInjection/CompilerPass/TwigLoaderConfigCompilerPass.php
--- consumed 0 B, total 635 MB, took 0.06 s
/home/mt/www/6.7/src/Core/Framework/DependencyInjection/CompilerPass/RouteScopeCompilerPass.php
--- consumed 0 B, total 635 MB, took 0.01 s
/home/mt/www/6.7/src/Core/Framework/DependencyInjection/CompilerPass/CompilerPassConfigTrait.php
--- consumed 0 B, total 635 MB, took 0.00 s
/home/mt/www/6.7/src/Core/Framework/DependencyInjection/CompilerPass/DemodataCompilerPass.php
--- consumed 0 B, total 635 MB, took 0.02 s
/home/mt/www/6.7/src/Core/Framework/DependencyInjection/CompilerPass/AutoconfigureCompilerPass.php
--- consumed 0 B, total 635 MB, took 0.06 s
/home/mt/www/6.7/src/Core/Framework/DependencyInjection/CompilerPass/DisableTwigCacheWarmerCompilerPass.php
--- consumed 0 B, total 635 MB, took 0.00 s
/home/mt/www/6.7/src/Core/Framework/DependencyInjection/CompilerPass/CreateGeneratorScaffoldingCommandPass.php
--- consumed 0 B, total 635 MB, took 0.04 s
/home/mt/www/6.7/src/Core/Framework/DependencyInjection/CompilerPass/AbstractMigrationReplacementCompilerPass.php
--- consumed 0 B, total 635 MB, took 0.01 s
/home/mt/www/6.7/src/Core/Framework/DependencyInjection/CompilerPass/EntityCompilerPass.php
--- consumed 0 B, total 635 MB, took 0.06 s
/home/mt/www/6.7/src/Core/Framework/DependencyInjection/CompilerPass/RemoveEventListener.php
--- consumed 0 B, total 635 MB, took 0.01 s
/home/mt/www/6.7/src/Core/Framework/DependencyInjection/CompilerPass/MessengerMiddlewareCompilerPass.php
--- consumed 0 B, total 635 MB, took 0.02 s
/home/mt/www/6.7/src/Core/Framework/DependencyInjection/CompilerPass/AssetRegistrationCompilerPass.php
--- consumed 0 B, total 635 MB, took 0.02 s
/home/mt/www/6.7/src/Core/Framework/DependencyInjection/CompilerPass/RateLimiterCompilerPass.php
--- consumed 0 B, total 635 MB, took 0.04 s
/home/mt/www/6.7/src/Core/Framework/DependencyInjection/CompilerPass/AssetBundleRegistrationCompilerPass.php
--- consumed 0 B, total 635 MB, took 0.02 s
/home/mt/www/6.7/src/Core/Maintenance/User/Service/UserProvisioner.php
--- consumed 0 B, total 635 MB, took 0.06 s
/home/mt/www/6.7/src/Core/Maintenance/User/Command/UserListCommand.php
--- consumed 0 B, total 635 MB, took 0.09 s
/home/mt/www/6.7/src/Core/Maintenance/User/Command/UserChangePasswordCommand.php
--- consumed 0 B, total 635 MB, took 0.04 s
/home/mt/www/6.7/src/Core/Maintenance/User/Command/UserCreateCommand.php
--- consumed 0 B, total 635 MB, took 0.05 s
/home/mt/www/6.7/src/Core/Maintenance/System/Service/AppUrlVerifier.php
--- consumed 0 B, total 635 MB, took 0.03 s
/home/mt/www/6.7/src/Core/Maintenance/System/Service/SystemLanguageChangeEvent.php
--- consumed 0 B, total 635 MB, took 0.00 s
/home/mt/www/6.7/src/Core/Maintenance/System/Service/ShopConfigurator.php
--- consumed 0 B, total 635 MB, took 0.22 s
/home/mt/www/6.7/src/Core/Maintenance/System/Service/SetupDatabaseAdapter.php
--- consumed 0 B, total 635 MB, took 0.04 s
/home/mt/www/6.7/src/Core/Maintenance/System/Service/DatabaseConnectionFactory.php
--- consumed 0 B, total 635 MB, took 0.04 s
/home/mt/www/6.7/src/Core/Maintenance/System/Exception/DatabaseSetupException.php
--- consumed 0 B, total 635 MB, took 0.00 s
/home/mt/www/6.7/src/Core/Maintenance/System/Struct/DatabaseConnectionInformation.php
--- consumed 0 B, total 635 MB, took 0.10 s
/home/mt/www/6.7/src/Core/Maintenance/System/Command/SystemSetupCommand.php
--- consumed 0 B, total 635 MB, took 0.47 s
/home/mt/www/6.7/src/Core/Maintenance/System/Command/SystemGenerateAppSecretCommand.php
--- consumed 0 B, total 635 MB, took 0.00 s
/home/mt/www/6.7/src/Core/Maintenance/System/Command/SystemUpdateFinishCommand.php
--- consumed 0 B, total 635 MB, took 0.10 s
/home/mt/www/6.7/src/Core/Maintenance/System/Command/SystemConfigureShopCommand.php
--- consumed 0 B, total 635 MB, took 0.06 s
/home/mt/www/6.7/src/Core/Maintenance/System/Command/SystemInstallCommand.php
--- consumed 0 B, total 635 MB, took 0.19 s
/home/mt/www/6.7/src/Core/Maintenance/System/Command/SystemIsInstalledCommand.php
--- consumed 0 B, total 635 MB, took 0.01 s
/home/mt/www/6.7/src/Core/Maintenance/System/Command/SystemUpdatePrepareCommand.php
--- consumed 0 B, total 635 MB, took 0.02 s
/home/mt/www/6.7/src/Core/Maintenance/Staging/Event/SetupStagingEvent.php
--- consumed 0 B, total 635 MB, took 0.01 s
/home/mt/www/6.7/src/Core/Maintenance/Staging/Handler/StagingSalesChannelHandler.php
--- consumed 0 B, total 635 MB, took 0.07 s
/home/mt/www/6.7/src/Core/Maintenance/Staging/Handler/StagingAppHandler.php
--- consumed 0 B, total 635 MB, took 0.02 s
/home/mt/www/6.7/src/Core/Maintenance/Staging/Handler/StagingMailHandler.php
--- consumed 0 B, total 635 MB, took 0.01 s
/home/mt/www/6.7/src/Core/Maintenance/Staging/Command/SystemSetupStagingCommand.php
--- consumed 0 B, total 635 MB, took 0.03 s
/home/mt/www/6.7/src/Core/Maintenance/SalesChannel/Service/SalesChannelCreator.php
--- consumed 0 B, total 635 MB, took 0.12 s
/home/mt/www/6.7/src/Core/Maintenance/SalesChannel/Command/SalesChannelMaintenanceEnableCommand.php
--- consumed 0 B, total 635 MB, took 0.04 s
/home/mt/www/6.7/src/Core/Maintenance/SalesChannel/Command/SalesChannelUpdateDomainCommand.php
--- consumed 0 B, total 635 MB, took 0.08 s
/home/mt/www/6.7/src/Core/Maintenance/SalesChannel/Command/SalesChannelCreateCommand.php
--- consumed 0 B, total 635 MB, took 0.10 s
/home/mt/www/6.7/src/Core/Maintenance/SalesChannel/Command/SalesChannelMaintenanceDisableCommand.php
--- consumed 0 B, total 635 MB, took 0.00 s
/home/mt/www/6.7/src/Core/Maintenance/SalesChannel/Command/SalesChannelListCommand.php
--- consumed 2 MB, total 637 MB, took 0.19 s
/home/mt/www/6.7/src/Core/Maintenance/Maintenance.php
--- consumed 0 B, total 637 MB, took 0.19 s
/home/mt/www/6.7/src/Core/Maintenance/MaintenanceException.php
--- consumed 0 B, total 637 MB, took 0.04 s
/home/mt/www/6.7/src/Core/TestBootstrapper.php
--- consumed 0 B, total 637 MB, took 0.40 s
/home/mt/www/6.7/src/Core/Kernel.php
--- consumed 0 B, total 637 MB, took 0.21 s
/home/mt/www/6.7/src/Core/Content/Media/MediaCollection.php
--- consumed 0 B, total 637 MB, took 0.02 s
/home/mt/www/6.7/src/Core/Content/Media/Api/MediaUploadController.php
--- consumed 0 B, total 637 MB, took 0.08 s
/home/mt/www/6.7/src/Core/Content/Media/Api/MediaUploadV2Controller.php
--- consumed 0 B, total 637 MB, took 0.03 s
/home/mt/www/6.7/src/Core/Content/Media/Api/MediaFolderController.php
--- consumed 0 B, total 637 MB, took 0.01 s
/home/mt/www/6.7/src/Core/Content/Media/Thumbnail/ThumbnailSizeCalculator.php
--- consumed 2 MB, total 639 MB, took 0.04 s
/home/mt/www/6.7/src/Core/Content/Media/Thumbnail/ThumbnailService.php
--- consumed 6 MB, total 645 MB, took 0.57 s
/home/mt/www/6.7/src/Core/Content/Media/Event/UnusedMediaSearchEvent.php
--- consumed 0 B, total 645 MB, took 0.01 s
/home/mt/www/6.7/src/Core/Content/Media/Event/UnusedMediaSearchStartEvent.php
--- consumed 0 B, total 645 MB, took 0.00 s
/home/mt/www/6.7/src/Core/Content/Media/Event/MediaUploadedEvent.php
--- consumed 0 B, total 645 MB, took 0.02 s
/home/mt/www/6.7/src/Core/Content/Media/Event/MediaFileExtensionWhitelistEvent.php
--- consumed 0 B, total 645 MB, took 0.01 s
/home/mt/www/6.7/src/Core/Content/Media/Event/MediaFolderIndexerEvent.php
--- consumed 0 B, total 645 MB, took 0.01 s
/home/mt/www/6.7/src/Core/Content/Media/Event/MediaThumbnailDeletedEvent.php
--- consumed 0 B, total 645 MB, took 0.01 s
/home/mt/www/6.7/src/Core/Content/Media/Event/MediaFolderConfigurationIndexerEvent.php
--- consumed 0 B, total 645 MB, took 0.01 s
/home/mt/www/6.7/src/Core/Content/Media/Event/MediaIndexerEvent.php
--- consumed 0 B, total 645 MB, took 0.01 s
/home/mt/www/6.7/src/Core/Content/Media/Event/MediaPathChangedEvent.php
--- consumed 0 B, total 645 MB, took 0.02 s
/home/mt/www/6.7/src/Core/Content/Media/MediaHydrator.php
--- consumed 0 B, total 645 MB, took 0.08 s
/home/mt/www/6.7/src/Core/Content/Media/Commands/DeleteThumbnailsCommand.php
--- consumed 0 B, total 645 MB, took 0.02 s
/home/mt/www/6.7/src/Core/Content/Media/Commands/GenerateThumbnailsCommand.php
--- consumed 0 B, total 645 MB, took 0.20 s
/home/mt/www/6.7/src/Core/Content/Media/Commands/GenerateMediaTypesCommand.php
--- consumed 0 B, total 645 MB, took 0.08 s
/home/mt/www/6.7/src/Core/Content/Media/Commands/DeleteNotUsedMediaCommand.php
--- consumed 2 MB, total 647 MB, took 0.31 s
/home/mt/www/6.7/src/Core/Content/Media/Extension/ResolveRemoteThumbnailUrlExtension.php
--- consumed 0 B, total 647 MB, took 0.01 s
/home/mt/www/6.7/src/Core/Content/Media/SalesChannel/MediaRoute.php
--- consumed 0 B, total 647 MB, took 0.02 s
/home/mt/www/6.7/src/Core/Content/Media/SalesChannel/AbstractMediaRoute.php
--- consumed 0 B, total 647 MB, took 0.00 s
/home/mt/www/6.7/src/Core/Content/Media/SalesChannel/MediaRouteResponse.php
--- consumed 0 B, total 647 MB, took 0.01 s
/home/mt/www/6.7/src/Core/Content/Media/Upload/MediaUploadService.php
--- consumed 0 B, total 647 MB, took 0.11 s
/home/mt/www/6.7/src/Core/Content/Media/Upload/MediaUploadParameters.php
--- consumed 0 B, total 647 MB, took 0.01 s
/home/mt/www/6.7/src/Core/Content/Media/MediaDefinition.php
--- consumed 2 MB, total 649 MB, took 0.10 s
/home/mt/www/6.7/src/Core/Content/Media/MediaUrlPlaceholderHandler.php
--- consumed 0 B, total 649 MB, took 0.14 s
/home/mt/www/6.7/src/Core/Content/Media/Subscriber/MediaLoadedSubscriber.php
--- consumed 0 B, total 649 MB, took 0.03 s
/home/mt/www/6.7/src/Core/Content/Media/Subscriber/MediaDeletionSubscriber.php
--- consumed 0 B, total 649 MB, took 0.15 s
/home/mt/www/6.7/src/Core/Content/Media/Subscriber/CustomFieldsUnusedMediaSubscriber.php
--- consumed 0 B, total 649 MB, took 0.15 s
/home/mt/www/6.7/src/Core/Content/Media/Subscriber/MediaFolderConfigLoadedSubscriber.php
--- consumed 0 B, total 649 MB, took 0.01 s
/home/mt/www/6.7/src/Core/Content/Media/Subscriber/MediaVisibilityRestrictionSubscriber.php
--- consumed 0 B, total 649 MB, took 0.01 s
/home/mt/www/6.7/src/Core/Content/Media/Subscriber/MediaCreationSubscriber.php
--- consumed 0 B, total 649 MB, took 0.05 s
/home/mt/www/6.7/src/Core/Content/Media/Message/GenerateThumbnailsMessage.php
--- consumed 0 B, total 649 MB, took 0.01 s
/home/mt/www/6.7/src/Core/Content/Media/Message/DeleteFileHandler.php
--- consumed 0 B, total 649 MB, took 0.01 s
/home/mt/www/6.7/src/Core/Content/Media/Message/GenerateThumbnailsHandler.php
--- consumed 0 B, total 649 MB, took 0.02 s
/home/mt/www/6.7/src/Core/Content/Media/Message/UpdateThumbnailsMessage.php
--- consumed 0 B, total 649 MB, took 0.00 s
/home/mt/www/6.7/src/Core/Content/Media/Message/DeleteFileMessage.php
--- consumed 0 B, total 649 MB, took 0.00 s
/home/mt/www/6.7/src/Core/Content/Media/TypeDetector/AudioTypeDetector.php
--- consumed 0 B, total 649 MB, took 0.01 s
/home/mt/www/6.7/src/Core/Content/Media/TypeDetector/SpatialObjectTypeDetector.php
--- consumed 0 B, total 649 MB, took 0.01 s
/home/mt/www/6.7/src/Core/Content/Media/TypeDetector/VideoTypeDetector.php
--- consumed 0 B, total 649 MB, took 0.01 s
/home/mt/www/6.7/src/Core/Content/Media/TypeDetector/ImageTypeDetector.php
--- consumed 2 MB, total 651 MB, took 0.10 s
/home/mt/www/6.7/src/Core/Content/Media/TypeDetector/DefaultTypeDetector.php
--- consumed 0 B, total 651 MB, took 0.01 s
/home/mt/www/6.7/src/Core/Content/Media/TypeDetector/DocumentTypeDetector.php
--- consumed 0 B, total 651 MB, took 0.01 s
/home/mt/www/6.7/src/Core/Content/Media/TypeDetector/TypeDetector.php
--- consumed 0 B, total 651 MB, took 0.01 s
/home/mt/www/6.7/src/Core/Content/Media/TypeDetector/TypeDetectorInterface.php
--- consumed 0 B, total 651 MB, took 0.00 s
/home/mt/www/6.7/src/Core/Content/Media/MediaException.php
--- consumed 0 B, total 651 MB, took 0.10 s
/home/mt/www/6.7/src/Core/Content/Media/Core/Event/MediaLocationEvent.php
--- consumed 0 B, total 651 MB, took 0.01 s
/home/mt/www/6.7/src/Core/Content/Media/Core/Event/UpdateMediaPathEvent.php
--- consumed 0 B, total 651 MB, took 0.01 s
/home/mt/www/6.7/src/Core/Content/Media/Core/Event/UpdateThumbnailPathEvent.php
--- consumed 0 B, total 651 MB, took 0.00 s
/home/mt/www/6.7/src/Core/Content/Media/Core/Event/ThumbnailLocationEvent.php
--- consumed 0 B, total 651 MB, took 0.01 s
/home/mt/www/6.7/src/Core/Content/Media/Core/Params/MediaLocationStruct.php
--- consumed 0 B, total 651 MB, took 0.00 s
/home/mt/www/6.7/src/Core/Content/Media/Core/Params/ThumbnailLocationStruct.php
--- consumed 0 B, total 651 MB, took 0.28 s
/home/mt/www/6.7/src/Core/Content/Media/Core/Params/UrlParams.php
--- consumed 0 B, total 651 MB, took 0.01 s
/home/mt/www/6.7/src/Core/Content/Media/Core/Params/UrlParamsSource.php
--- consumed 0 B, total 651 MB, took 0.00 s
/home/mt/www/6.7/src/Core/Content/Media/Core/Application/AbstractMediaUrlGenerator.php
--- consumed 0 B, total 651 MB, took 0.00 s
/home/mt/www/6.7/src/Core/Content/Media/Core/Application/MediaLocationBuilder.php
--- consumed 0 B, total 651 MB, took 0.00 s
/home/mt/www/6.7/src/Core/Content/Media/Core/Application/MediaReverseProxy.php
--- consumed 0 B, total 651 MB, took 0.00 s
/home/mt/www/6.7/src/Core/Content/Media/Core/Application/MediaUrlLoader.php
--- consumed 0 B, total 651 MB, took 0.11 s
/home/mt/www/6.7/src/Core/Content/Media/Core/Application/MediaPathUpdater.php
--- consumed 0 B, total 651 MB, took 0.03 s
/home/mt/www/6.7/src/Core/Content/Media/Core/Application/AbstractMediaPathStrategy.php
--- consumed 0 B, total 651 MB, took 0.08 s
/home/mt/www/6.7/src/Core/Content/Media/Core/Application/RemoteThumbnailLoader.php
--- consumed 0 B, total 651 MB, took 0.19 s
/home/mt/www/6.7/src/Core/Content/Media/Core/Application/MediaPathStorage.php
--- consumed 0 B, total 651 MB, took 0.00 s
/home/mt/www/6.7/src/Core/Content/Media/Core/Strategy/IdPathStrategy.php
--- consumed 0 B, total 651 MB, took 0.01 s
/home/mt/www/6.7/src/Core/Content/Media/Core/Strategy/PhysicalFilenamePathStrategy.php
--- consumed 0 B, total 651 MB, took 0.01 s
/home/mt/www/6.7/src/Core/Content/Media/Core/Strategy/PlainPathStrategy.php
--- consumed 0 B, total 651 MB, took 0.00 s
/home/mt/www/6.7/src/Core/Content/Media/Core/Strategy/PathStrategyFactory.php
--- consumed 0 B, total 651 MB, took 0.01 s
/home/mt/www/6.7/src/Core/Content/Media/Core/Strategy/FilenamePathStrategy.php
--- consumed 0 B, total 651 MB, took 0.00 s
/home/mt/www/6.7/src/Core/Content/Media/MediaUrlPlaceholderHandlerInterface.php
--- consumed 0 B, total 651 MB, took 0.00 s
/home/mt/www/6.7/src/Core/Content/Media/MediaType/MediaType.php
--- consumed 0 B, total 651 MB, took 0.01 s
/home/mt/www/6.7/src/Core/Content/Media/MediaType/AudioType.php
--- consumed 0 B, total 651 MB, took 0.00 s
/home/mt/www/6.7/src/Core/Content/Media/MediaType/DocumentType.php
--- consumed 0 B, total 651 MB, took 0.00 s
/home/mt/www/6.7/src/Core/Content/Media/MediaType/ImageType.php
--- consumed 0 B, total 651 MB, took 0.00 s
/home/mt/www/6.7/src/Core/Content/Media/MediaType/SpatialObjectType.php
--- consumed 0 B, total 651 MB, took 0.00 s
/home/mt/www/6.7/src/Core/Content/Media/MediaType/BinaryType.php
--- consumed 0 B, total 651 MB, took 0.00 s
/home/mt/www/6.7/src/Core/Content/Media/MediaType/VideoType.php
--- consumed 0 B, total 651 MB, took 0.00 s
/home/mt/www/6.7/src/Core/Content/Media/File/FileUrlValidator.php
--- consumed 0 B, total 651 MB, took 0.06 s
/home/mt/www/6.7/src/Core/Content/Media/File/FileFetcher.php
--- consumed 0 B, total 651 MB, took 0.09 s
/home/mt/www/6.7/src/Core/Content/Media/File/FileInfoHelper.php
--- consumed 12 MB, total 663 MB, took 0.24 s
/home/mt/www/6.7/src/Core/Content/Media/File/FileSaver.php
--- consumed 0 B, total 663 MB, took 0.19 s
/home/mt/www/6.7/src/Core/Content/Media/File/FileService.php
--- consumed 0 B, total 663 MB, took 0.01 s
/home/mt/www/6.7/src/Core/Content/Media/File/DownloadResponseGenerator.php
--- consumed 2 MB, total 665 MB, took 0.09 s
/home/mt/www/6.7/src/Core/Content/Media/File/WindowsStyleFileNameProvider.php
--- consumed 0 B, total 665 MB, took 0.01 s
/home/mt/www/6.7/src/Core/Content/Media/File/FileNameProvider.php
--- consumed 0 B, total 665 MB, took 0.03 s
/home/mt/www/6.7/src/Core/Content/Media/File/MediaFile.php
--- consumed 0 B, total 665 MB, took 0.00 s
/home/mt/www/6.7/src/Core/Content/Media/File/FileUrlValidatorInterface.php
--- consumed 0 B, total 665 MB, took 0.00 s
/home/mt/www/6.7/src/Core/Content/Media/File/FileNameValidator.php
--- consumed 0 B, total 665 MB, took 0.07 s
/home/mt/www/6.7/src/Core/Content/Media/File/FileLoader.php
--- consumed 0 B, total 665 MB, took 0.03 s
/home/mt/www/6.7/src/Core/Content/Media/MediaEntity.php
--- consumed 2 MB, total 667 MB, took 0.41 s
/home/mt/www/6.7/src/Core/Content/Media/Aggregate/MediaFolder/MediaFolderCollection.php
--- consumed 0 B, total 667 MB, took 0.01 s
/home/mt/www/6.7/src/Core/Content/Media/Aggregate/MediaFolder/MediaFolderEntity.php
--- consumed 0 B, total 667 MB, took 0.06 s
/home/mt/www/6.7/src/Core/Content/Media/Aggregate/MediaFolder/MediaFolderDefinition.php
--- consumed 0 B, total 667 MB, took 0.03 s
/home/mt/www/6.7/src/Core/Content/Media/Aggregate/MediaThumbnail/MediaThumbnailCollection.php
--- consumed 0 B, total 667 MB, took 0.01 s
/home/mt/www/6.7/src/Core/Content/Media/Aggregate/MediaThumbnail/MediaThumbnailEntity.php
--- consumed 0 B, total 667 MB, took 0.05 s
/home/mt/www/6.7/src/Core/Content/Media/Aggregate/MediaThumbnail/MediaThumbnailDefinition.php
--- consumed 0 B, total 667 MB, took 0.03 s
/home/mt/www/6.7/src/Core/Content/Media/Aggregate/MediaFolderConfiguration/MediaFolderConfigurationCollection.php
--- consumed 0 B, total 667 MB, took 0.01 s
/home/mt/www/6.7/src/Core/Content/Media/Aggregate/MediaFolderConfiguration/MediaFolderConfigurationDefinition.php
--- consumed 0 B, total 667 MB, took 0.02 s
/home/mt/www/6.7/src/Core/Content/Media/Aggregate/MediaFolderConfiguration/MediaFolderConfigurationEntity.php
--- consumed 0 B, total 667 MB, took 0.05 s
/home/mt/www/6.7/src/Core/Content/Media/Aggregate/MediaDefaultFolder/MediaDefaultFolderEntity.php
--- consumed 0 B, total 667 MB, took 0.03 s
/home/mt/www/6.7/src/Core/Content/Media/Aggregate/MediaDefaultFolder/MediaDefaultFolderCollection.php
--- consumed 0 B, total 667 MB, took 0.01 s
/home/mt/www/6.7/src/Core/Content/Media/Aggregate/MediaDefaultFolder/MediaDefaultFolderDefinition.php
--- consumed 0 B, total 667 MB, took 0.01 s
/home/mt/www/6.7/src/Core/Content/Media/Aggregate/MediaTag/MediaTagDefinition.php
--- consumed 0 B, total 667 MB, took 0.02 s
/home/mt/www/6.7/src/Core/Content/Media/Aggregate/MediaFolderConfigurationMediaThumbnailSize/MediaFolderConfigurationMediaThumbnailSizeDefinition.php
--- consumed 0 B, total 667 MB, took 0.01 s
/home/mt/www/6.7/src/Core/Content/Media/Aggregate/MediaThumbnailSize/MediaThumbnailSizeCollection.php
--- consumed 0 B, total 667 MB, took 0.01 s
/home/mt/www/6.7/src/Core/Content/Media/Aggregate/MediaThumbnailSize/MediaThumbnailSizeDefinition.php
--- consumed 0 B, total 667 MB, took 0.02 s
/home/mt/www/6.7/src/Core/Content/Media/Aggregate/MediaThumbnailSize/MediaThumbnailSizeEntity.php
--- consumed 0 B, total 667 MB, took 0.04 s
/home/mt/www/6.7/src/Core/Content/Media/Aggregate/MediaTranslation/MediaTranslationDefinition.php
--- consumed 0 B, total 667 MB, took 0.01 s
/home/mt/www/6.7/src/Core/Content/Media/Aggregate/MediaTranslation/MediaTranslationEntity.php
--- consumed 0 B, total 667 MB, took 0.04 s
/home/mt/www/6.7/src/Core/Content/Media/Aggregate/MediaTranslation/MediaTranslationCollection.php
--- consumed 0 B, total 667 MB, took 0.02 s
/home/mt/www/6.7/src/Core/Content/Media/Metadata/MetadataLoader.php
--- consumed 0 B, total 667 MB, took 0.01 s
/home/mt/www/6.7/src/Core/Content/Media/Metadata/MetadataLoader/ImageMetadataLoader.php
--- consumed 0 B, total 667 MB, took 0.01 s
/home/mt/www/6.7/src/Core/Content/Media/Metadata/MetadataLoader/MetadataLoaderInterface.php
--- consumed 0 B, total 667 MB, took 0.00 s
/home/mt/www/6.7/src/Core/Content/Media/UnusedMediaPurger.php
--- consumed 2 MB, total 669 MB, took 0.16 s
/home/mt/www/6.7/src/Core/Content/Media/MediaService.php
--- consumed 0 B, total 669 MB, took 0.05 s
/home/mt/www/6.7/src/Core/Content/Media/Cms/YoutubeVideoCmsElementResolver.php
--- consumed 0 B, total 669 MB, took 0.07 s
/home/mt/www/6.7/src/Core/Content/Media/Cms/ImageCmsElementResolver.php
--- consumed 0 B, total 669 MB, took 0.06 s
/home/mt/www/6.7/src/Core/Content/Media/Cms/DefaultMediaResolver.php
--- consumed 0 B, total 669 MB, took 0.02 s
/home/mt/www/6.7/src/Core/Content/Media/Cms/Type/ImageSliderTypeDataResolver.php
--- consumed 0 B, total 669 MB, took 0.26 s
/home/mt/www/6.7/src/Core/Content/Media/Cms/Type/ImageGalleryTypeDataResolver.php
--- consumed 0 B, total 669 MB, took 0.00 s
/home/mt/www/6.7/src/Core/Content/Media/Cms/VimeoVideoCmsElementResolver.php
--- consumed 0 B, total 669 MB, took 0.00 s
/home/mt/www/6.7/src/Core/Content/Media/Cms/AbstractDefaultMediaResolver.php
--- consumed 0 B, total 669 MB, took 0.00 s
/home/mt/www/6.7/src/Core/Content/Media/DataAbstractionLayer/MediaIndexer.php
--- consumed 0 B, total 669 MB, took 0.05 s
/home/mt/www/6.7/src/Core/Content/Media/DataAbstractionLayer/MediaFolderIndexer.php
--- consumed 0 B, total 669 MB, took 0.10 s
/home/mt/www/6.7/src/Core/Content/Media/DataAbstractionLayer/MediaIndexingMessage.php
--- consumed 0 B, total 669 MB, took 0.00 s
/home/mt/www/6.7/src/Core/Content/Media/DataAbstractionLayer/MediaFolderConfigurationIndexer.php
--- consumed 0 B, total 669 MB, took 0.04 s
/home/mt/www/6.7/src/Core/Content/Media/MediaFolderService.php
--- consumed 0 B, total 669 MB, took 0.12 s
/home/mt/www/6.7/src/Core/Content/Media/Infrastructure/Path/FastlyMediaReverseProxy.php
--- consumed 0 B, total 669 MB, took 0.03 s
/home/mt/www/6.7/src/Core/Content/Media/Infrastructure/Path/MediaUrlGenerator.php
--- consumed 0 B, total 669 MB, took 0.03 s
/home/mt/www/6.7/src/Core/Content/Media/Infrastructure/Path/MediaPathPostUpdater.php
--- consumed 0 B, total 669 MB, took 0.03 s
/home/mt/www/6.7/src/Core/Content/Media/Infrastructure/Path/SqlMediaPathStorage.php
--- consumed 0 B, total 669 MB, took 0.01 s
/home/mt/www/6.7/src/Core/Content/Media/Infrastructure/Path/SqlMediaLocationBuilder.php
--- consumed 0 B, total 669 MB, took 0.04 s
/home/mt/www/6.7/src/Core/Content/Media/Infrastructure/Path/BanMediaUrl.php
--- consumed 0 B, total 669 MB, took 0.02 s
/home/mt/www/6.7/src/Core/Content/Media/Infrastructure/Command/UpdatePathCommand.php
--- consumed 0 B, total 669 MB, took 0.04 s
/home/mt/www/6.7/src/Core/Content/Media/MediaEvents.php
--- consumed 0 B, total 669 MB, took 0.00 s
/home/mt/www/6.7/src/Core/Content/Newsletter/Event/NewsletterConfirmEvent.php
--- consumed 0 B, total 669 MB, took 0.04 s
/home/mt/www/6.7/src/Core/Content/Newsletter/Event/Subscriber/NewsletterRecipientDeletedSubscriber.php
--- consumed 0 B, total 669 MB, took 0.02 s
/home/mt/www/6.7/src/Core/Content/Newsletter/Event/NewsletterRegisterEvent.php
--- consumed 0 B, total 669 MB, took 0.03 s
/home/mt/www/6.7/src/Core/Content/Newsletter/Event/NewsletterSubscribeUrlEvent.php
--- consumed 0 B, total 669 MB, took 0.01 s
/home/mt/www/6.7/src/Core/Content/Newsletter/Event/NewsletterUnsubscribeEvent.php
--- consumed 0 B, total 669 MB, took 0.02 s
/home/mt/www/6.7/src/Core/Content/Newsletter/Event/NewsletterRecipientIndexerEvent.php
--- consumed 0 B, total 669 MB, took 0.01 s
/home/mt/www/6.7/src/Core/Content/Newsletter/NewsletterExceptionHandler.php
--- consumed 0 B, total 669 MB, took 0.00 s
/home/mt/www/6.7/src/Core/Content/Newsletter/SalesChannel/NewsletterUnsubscribeRoute.php
--- consumed 0 B, total 669 MB, took 0.06 s
/home/mt/www/6.7/src/Core/Content/Newsletter/SalesChannel/AbstractNewsletterUnsubscribeRoute.php
--- consumed 0 B, total 669 MB, took 0.00 s
/home/mt/www/6.7/src/Core/Content/Newsletter/SalesChannel/AbstractNewsletterSubscribeRoute.php
--- consumed 0 B, total 669 MB, took 0.00 s
/home/mt/www/6.7/src/Core/Content/Newsletter/SalesChannel/SalesChannelNewsletterRecipientDefinition.php
--- consumed 0 B, total 669 MB, took 0.01 s
/home/mt/www/6.7/src/Core/Content/Newsletter/SalesChannel/NewsletterSubscribeRoute.php
--- consumed 0 B, total 669 MB, took 0.17 s
/home/mt/www/6.7/src/Core/Content/Newsletter/SalesChannel/AbstractNewsletterConfirmRoute.php
--- consumed 0 B, total 669 MB, took 0.00 s
/home/mt/www/6.7/src/Core/Content/Newsletter/SalesChannel/NewsletterConfirmRoute.php
--- consumed 0 B, total 669 MB, took 0.04 s
/home/mt/www/6.7/src/Core/Content/Newsletter/NewsletterException.php
--- consumed 0 B, total 669 MB, took 0.01 s
/home/mt/www/6.7/src/Core/Content/Newsletter/Subscriber/NewsletterRecipientSalutationSubscriber.php
--- consumed 0 B, total 669 MB, took 0.02 s
/home/mt/www/6.7/src/Core/Content/Newsletter/Exception/LanguageOfNewsletterDeleteException.php
--- consumed 0 B, total 669 MB, took 0.01 s
/home/mt/www/6.7/src/Core/Content/Newsletter/Exception/SalesChannelDomainNotFoundException.php
--- consumed 0 B, total 669 MB, took 0.01 s
/home/mt/www/6.7/src/Core/Content/Newsletter/NewsletterEvents.php
--- consumed 0 B, total 669 MB, took 0.00 s
/home/mt/www/6.7/src/Core/Content/Newsletter/Aggregate/NewsletterRecipient/NewsletterRecipientCollection.php
--- consumed 0 B, total 669 MB, took 0.01 s
/home/mt/www/6.7/src/Core/Content/Newsletter/Aggregate/NewsletterRecipient/NewsletterRecipientEntity.php
--- consumed 0 B, total 669 MB, took 0.07 s
/home/mt/www/6.7/src/Core/Content/Newsletter/Aggregate/NewsletterRecipient/NewsletterRecipientDefinition.php
--- consumed 0 B, total 669 MB, took 0.03 s
/home/mt/www/6.7/src/Core/Content/Newsletter/Aggregate/NewsletterRecipientTag/NewsletterRecipientTagDefinition.php
--- consumed 0 B, total 669 MB, took 0.01 s
/home/mt/www/6.7/src/Core/Content/Newsletter/DataAbstractionLayer/NewsletterRecipientIndexer.php
--- consumed 0 B, total 669 MB, took 0.04 s
/home/mt/www/6.7/src/Core/Content/Newsletter/DataAbstractionLayer/Indexing/CustomerNewsletterSalesChannelsUpdater.php
--- consumed 2 MB, total 671 MB, took 0.08 s
/home/mt/www/6.7/src/Core/Content/Newsletter/DataAbstractionLayer/NewsletterRecipientIndexingMessage.php
--- consumed 0 B, total 671 MB, took 0.00 s
/home/mt/www/6.7/src/Core/Content/Newsletter/ScheduledTask/NewsletterRecipientTaskHandler.php
--- consumed 0 B, total 671 MB, took 0.03 s
/home/mt/www/6.7/src/Core/Content/Newsletter/ScheduledTask/NewsletterRecipientTask.php
--- consumed 0 B, total 671 MB, took 0.00 s
/home/mt/www/6.7/src/Core/Content/LandingPage/LandingPageCollection.php
--- consumed 0 B, total 671 MB, took 0.16 s
/home/mt/www/6.7/src/Core/Content/LandingPage/Event/LandingPageRouteCacheKeyEvent.php
--- consumed 0 B, total 671 MB, took 0.01 s
/home/mt/www/6.7/src/Core/Content/LandingPage/Event/LandingPageRouteCacheTagsEvent.php
--- consumed 0 B, total 671 MB, took 0.01 s
/home/mt/www/6.7/src/Core/Content/LandingPage/Event/LandingPageIndexerEvent.php
--- consumed 0 B, total 671 MB, took 0.01 s
/home/mt/www/6.7/src/Core/Content/LandingPage/LandingPageValidator.php
--- consumed 0 B, total 671 MB, took 0.07 s
/home/mt/www/6.7/src/Core/Content/LandingPage/SalesChannel/AbstractLandingPageRoute.php
--- consumed 0 B, total 671 MB, took 0.00 s
/home/mt/www/6.7/src/Core/Content/LandingPage/SalesChannel/LandingPageRoute.php
--- consumed 0 B, total 671 MB, took 0.07 s
/home/mt/www/6.7/src/Core/Content/LandingPage/SalesChannel/SalesChannelLandingPageDefinition.php
--- consumed 0 B, total 671 MB, took 0.00 s
/home/mt/www/6.7/src/Core/Content/LandingPage/SalesChannel/LandingPageRouteResponse.php
--- consumed 0 B, total 671 MB, took 0.00 s
/home/mt/www/6.7/src/Core/Content/LandingPage/LandingPageException.php
--- consumed 0 B, total 671 MB, took 0.01 s
/home/mt/www/6.7/src/Core/Content/LandingPage/LandingPageDefinition.php
--- consumed 0 B, total 671 MB, took 0.04 s
/home/mt/www/6.7/src/Core/Content/LandingPage/Aggregate/LandingPageSalesChannel/LandingPageSalesChannelDefinition.php
--- consumed 0 B, total 671 MB, took 0.01 s
/home/mt/www/6.7/src/Core/Content/LandingPage/Aggregate/LandingPageTranslation/LandingPageTranslationCollection.php
--- consumed 0 B, total 671 MB, took 0.01 s
/home/mt/www/6.7/src/Core/Content/LandingPage/Aggregate/LandingPageTranslation/LandingPageTranslationDefinition.php
--- consumed 0 B, total 671 MB, took 0.02 s
/home/mt/www/6.7/src/Core/Content/LandingPage/Aggregate/LandingPageTranslation/LandingPageTranslationEntity.php
--- consumed 0 B, total 671 MB, took 0.05 s
/home/mt/www/6.7/src/Core/Content/LandingPage/Aggregate/LandingPageTag/LandingPageTagDefinition.php
--- consumed 0 B, total 671 MB, took 0.01 s
/home/mt/www/6.7/src/Core/Content/LandingPage/LandingPageEvents.php
--- consumed 0 B, total 671 MB, took 0.00 s
/home/mt/www/6.7/src/Core/Content/LandingPage/DataAbstractionLayer/LandingPageIndexer.php
--- consumed 0 B, total 671 MB, took 0.04 s
/home/mt/www/6.7/src/Core/Content/LandingPage/DataAbstractionLayer/LandingPageIndexingMessage.php
--- consumed 0 B, total 671 MB, took 0.00 s
/home/mt/www/6.7/src/Core/Content/LandingPage/LandingPageEntity.php
--- consumed 0 B, total 671 MB, took 0.07 s
/home/mt/www/6.7/src/Core/Content/ContactForm/Event/ContactFormEvent.php
--- consumed 0 B, total 671 MB, took 0.02 s
/home/mt/www/6.7/src/Core/Content/ContactForm/SalesChannel/ContactFormRouteResponse.php
--- consumed 0 B, total 671 MB, took 0.00 s
/home/mt/www/6.7/src/Core/Content/ContactForm/SalesChannel/ContactFormRouteResponseStruct.php
--- consumed 0 B, total 671 MB, took 0.00 s
/home/mt/www/6.7/src/Core/Content/ContactForm/SalesChannel/AbstractContactFormRoute.php
--- consumed 0 B, total 671 MB, took 0.00 s
/home/mt/www/6.7/src/Core/Content/ContactForm/SalesChannel/ContactFormRoute.php
--- consumed 0 B, total 671 MB, took 0.12 s
/home/mt/www/6.7/src/Core/Content/ContactForm/Validation/ContactFormValidationFactory.php
--- consumed 0 B, total 671 MB, took 0.05 s
/home/mt/www/6.7/src/Core/Content/Rule/Event/RuleIndexerEvent.php
--- consumed 0 B, total 671 MB, took 0.01 s
/home/mt/www/6.7/src/Core/Content/Rule/RuleDefinition.php
--- consumed 0 B, total 671 MB, took 0.06 s
/home/mt/www/6.7/src/Core/Content/Rule/RuleException.php
--- consumed 0 B, total 671 MB, took 0.00 s
/home/mt/www/6.7/src/Core/Content/Rule/Aggregate/RuleCondition/RuleConditionEntity.php
--- consumed 2 MB, total 673 MB, took 0.06 s
/home/mt/www/6.7/src/Core/Content/Rule/Aggregate/RuleCondition/RuleConditionDefinition.php
--- consumed 0 B, total 673 MB, took 0.02 s
/home/mt/www/6.7/src/Core/Content/Rule/Aggregate/RuleCondition/RuleConditionCollection.php
--- consumed 0 B, total 673 MB, took 0.01 s
/home/mt/www/6.7/src/Core/Content/Rule/Aggregate/RuleTag/RuleTagDefinition.php
--- consumed 0 B, total 673 MB, took 0.01 s
/home/mt/www/6.7/src/Core/Content/Rule/RuleCollection.php
--- consumed 0 B, total 673 MB, took 0.08 s
/home/mt/www/6.7/src/Core/Content/Rule/DataAbstractionLayer/RuleIndexer.php
--- consumed 0 B, total 673 MB, took 0.06 s
/home/mt/www/6.7/src/Core/Content/Rule/DataAbstractionLayer/RulePayloadUpdater.php
--- consumed 0 B, total 673 MB, took 0.20 s
/home/mt/www/6.7/src/Core/Content/Rule/DataAbstractionLayer/RulePayloadSubscriber.php
--- consumed 0 B, total 673 MB, took 0.06 s
/home/mt/www/6.7/src/Core/Content/Rule/DataAbstractionLayer/Indexing/ConditionTypeNotFound.php
--- consumed 0 B, total 673 MB, took 0.00 s
/home/mt/www/6.7/src/Core/Content/Rule/DataAbstractionLayer/RuleIndexerSubscriber.php
--- consumed 0 B, total 673 MB, took 0.18 s
/home/mt/www/6.7/src/Core/Content/Rule/DataAbstractionLayer/RuleAreaUpdater.php
--- consumed 0 B, total 673 MB, took 0.26 s
/home/mt/www/6.7/src/Core/Content/Rule/DataAbstractionLayer/RuleIndexingMessage.php
--- consumed 0 B, total 673 MB, took 0.00 s
/home/mt/www/6.7/src/Core/Content/Rule/RuleValidator.php
--- consumed 2 MB, total 675 MB, took 0.17 s
/home/mt/www/6.7/src/Core/Content/Rule/RuleEvents.php
--- consumed 0 B, total 675 MB, took 0.00 s
/home/mt/www/6.7/src/Core/Content/Rule/RuleEntity.php
--- consumed 0 B, total 675 MB, took 0.12 s
/home/mt/www/6.7/src/Core/Content/Flow/Api/FlowActionCollectorResponse.php
--- consumed 0 B, total 675 MB, took 0.00 s
/home/mt/www/6.7/src/Core/Content/Flow/Api/FlowActionDefinition.php
--- consumed 0 B, total 675 MB, took 0.01 s
/home/mt/www/6.7/src/Core/Content/Flow/Api/FlowActionCollector.php
--- consumed 0 B, total 675 MB, took 0.05 s
/home/mt/www/6.7/src/Core/Content/Flow/Extension/FlowExecutorExtension.php
--- consumed 0 B, total 675 MB, took 0.01 s
/home/mt/www/6.7/src/Core/Content/Flow/FlowEvents.php
--- consumed 0 B, total 675 MB, took 0.00 s
/home/mt/www/6.7/src/Core/Content/Flow/Rule/FlowRuleScopeBuilder.php
--- consumed 2 MB, total 677 MB, took 0.06 s
/home/mt/www/6.7/src/Core/Content/Flow/Rule/OrderDeliveryStatusRule.php
--- consumed 2 MB, total 679 MB, took 0.19 s
/home/mt/www/6.7/src/Core/Content/Flow/Rule/OrderTransactionStatusRule.php
--- consumed 0 B, total 679 MB, took 0.04 s
/home/mt/www/6.7/src/Core/Content/Flow/Rule/OrderTagRule.php
--- consumed 0 B, total 679 MB, took 0.02 s
/home/mt/www/6.7/src/Core/Content/Flow/Rule/OrderCustomFieldRule.php
--- consumed 0 B, total 679 MB, took 0.02 s
/home/mt/www/6.7/src/Core/Content/Flow/Rule/OrderDocumentTypeRule.php
--- consumed 0 B, total 679 MB, took 0.03 s
/home/mt/www/6.7/src/Core/Content/Flow/Rule/OrderDocumentTypeSentRule.php
--- consumed 0 B, total 679 MB, took 0.03 s
/home/mt/www/6.7/src/Core/Content/Flow/Rule/OrderTrackingCodeRule.php
--- consumed 0 B, total 679 MB, took 0.02 s
/home/mt/www/6.7/src/Core/Content/Flow/Rule/FlowRuleScope.php
--- consumed 0 B, total 679 MB, took 0.00 s
/home/mt/www/6.7/src/Core/Content/Flow/Rule/OrderStatusRule.php
--- consumed 0 B, total 679 MB, took 0.02 s
/home/mt/www/6.7/src/Core/Content/Flow/Rule/OrderCreatedByAdminRule.php
--- consumed 0 B, total 679 MB, took 0.01 s
/home/mt/www/6.7/src/Core/Content/Flow/Exception/ExecuteSequenceException.php
--- consumed 0 B, total 679 MB, took 0.02 s
/home/mt/www/6.7/src/Core/Content/Flow/Exception/CustomTriggerByNameNotFoundException.php
--- consumed 0 B, total 679 MB, took 0.01 s
/home/mt/www/6.7/src/Core/Content/Flow/Exception/CustomerDeletedException.php
--- consumed 0 B, total 679 MB, took 0.00 s
/home/mt/www/6.7/src/Core/Content/Flow/Exception/GenerateDocumentActionException.php
--- consumed 0 B, total 679 MB, took 0.00 s
/home/mt/www/6.7/src/Core/Content/Flow/Indexing/FlowIndexerSubscriber.php
--- consumed 0 B, total 679 MB, took 0.01 s
/home/mt/www/6.7/src/Core/Content/Flow/Indexing/FlowIndexer.php
--- consumed 0 B, total 679 MB, took 0.04 s
/home/mt/www/6.7/src/Core/Content/Flow/Indexing/FlowIndexingMessage.php
--- consumed 0 B, total 679 MB, took 0.00 s
/home/mt/www/6.7/src/Core/Content/Flow/Indexing/FlowPayloadUpdater.php
--- consumed 2 MB, total 681 MB, took 0.05 s
/home/mt/www/6.7/src/Core/Content/Flow/FlowEntity.php
--- consumed 0 B, total 681 MB, took 0.05 s
/home/mt/www/6.7/src/Core/Content/Flow/Dispatching/TransactionFailedException.php
--- consumed 0 B, total 681 MB, took 0.01 s
/home/mt/www/6.7/src/Core/Content/Flow/Dispatching/BufferedFlowExecutor.php
--- consumed 0 B, total 681 MB, took 0.06 s
/home/mt/www/6.7/src/Core/Content/Flow/Dispatching/FlowExecutor.php
--- consumed 0 B, total 681 MB, took 0.12 s
/home/mt/www/6.7/src/Core/Content/Flow/Dispatching/CachedFlowLoader.php
--- consumed 0 B, total 681 MB, took 0.02 s
/home/mt/www/6.7/src/Core/Content/Flow/Dispatching/FlowState.php
--- consumed 0 B, total 681 MB, took 0.00 s
/home/mt/www/6.7/src/Core/Content/Flow/Dispatching/FlowBuilder.php
--- consumed 0 B, total 681 MB, took 0.09 s
/home/mt/www/6.7/src/Core/Content/Flow/Dispatching/Action/RemoveCustomerTagAction.php
--- consumed 0 B, total 681 MB, took 0.03 s
/home/mt/www/6.7/src/Core/Content/Flow/Dispatching/Action/AddOrderAffiliateAndCampaignCodeAction.php
--- consumed 0 B, total 681 MB, took 0.05 s
/home/mt/www/6.7/src/Core/Content/Flow/Dispatching/Action/RemoveOrderTagAction.php
--- consumed 0 B, total 681 MB, took 0.02 s
/home/mt/www/6.7/src/Core/Content/Flow/Dispatching/Action/FlowMailVariables.php
--- consumed 0 B, total 681 MB, took 0.00 s
/home/mt/www/6.7/src/Core/Content/Flow/Dispatching/Action/SetCustomerCustomFieldAction.php
--- consumed 0 B, total 681 MB, took 0.07 s
/home/mt/www/6.7/src/Core/Content/Flow/Dispatching/Action/GenerateDocumentAction.php
--- consumed 2 MB, total 683 MB, took 0.07 s
/home/mt/www/6.7/src/Core/Content/Flow/Dispatching/Action/AddCustomerTagAction.php
--- consumed 0 B, total 683 MB, took 0.02 s
/home/mt/www/6.7/src/Core/Content/Flow/Dispatching/Action/ChangeCustomerStatusAction.php
--- consumed 0 B, total 683 MB, took 0.02 s
/home/mt/www/6.7/src/Core/Content/Flow/Dispatching/Action/AddOrderTagAction.php
--- consumed 0 B, total 683 MB, took 0.03 s
/home/mt/www/6.7/src/Core/Content/Flow/Dispatching/Action/SetOrderCustomFieldAction.php
--- consumed 0 B, total 683 MB, took 0.06 s
/home/mt/www/6.7/src/Core/Content/Flow/Dispatching/Action/StopFlowAction.php
--- consumed 0 B, total 683 MB, took 0.01 s
/home/mt/www/6.7/src/Core/Content/Flow/Dispatching/Action/FlowAction.php
--- consumed 0 B, total 683 MB, took 0.00 s
/home/mt/www/6.7/src/Core/Content/Flow/Dispatching/Action/GrantDownloadAccessAction.php
--- consumed 0 B, total 683 MB, took 0.06 s
/home/mt/www/6.7/src/Core/Content/Flow/Dispatching/Action/AddCustomerAffiliateAndCampaignCodeAction.php
--- consumed 2 MB, total 685 MB, took 0.19 s
/home/mt/www/6.7/src/Core/Content/Flow/Dispatching/Action/SetCustomerGroupCustomFieldAction.php
--- consumed 0 B, total 685 MB, took 0.07 s
/home/mt/www/6.7/src/Core/Content/Flow/Dispatching/Action/SendMailAction.php
--- consumed 0 B, total 685 MB, took 0.18 s
/home/mt/www/6.7/src/Core/Content/Flow/Dispatching/Action/SetOrderStateAction.php
--- consumed 2 MB, total 687 MB, took 0.13 s
/home/mt/www/6.7/src/Core/Content/Flow/Dispatching/Action/ChangeCustomerGroupAction.php
--- consumed 0 B, total 687 MB, took 0.02 s
/home/mt/www/6.7/src/Core/Content/Flow/Dispatching/Action/CustomFieldActionTrait.php
--- consumed 0 B, total 687 MB, took 0.00 s
/home/mt/www/6.7/src/Core/Content/Flow/Dispatching/StorableFlow.php
--- consumed 0 B, total 687 MB, took 0.04 s
/home/mt/www/6.7/src/Core/Content/Flow/Dispatching/FlowLoader.php
--- consumed 0 B, total 687 MB, took 0.02 s
/home/mt/www/6.7/src/Core/Content/Flow/Dispatching/Struct/IfSequence.php
--- consumed 0 B, total 687 MB, took 0.00 s
/home/mt/www/6.7/src/Core/Content/Flow/Dispatching/Struct/Sequence.php
--- consumed 0 B, total 687 MB, took 0.01 s
/home/mt/www/6.7/src/Core/Content/Flow/Dispatching/Struct/Flow.php
--- consumed 0 B, total 687 MB, took 0.01 s
/home/mt/www/6.7/src/Core/Content/Flow/Dispatching/Struct/ActionSequence.php
--- consumed 0 B, total 687 MB, took 0.00 s
/home/mt/www/6.7/src/Core/Content/Flow/Dispatching/DelayableAction.php
--- consumed 0 B, total 687 MB, took 0.00 s
/home/mt/www/6.7/src/Core/Content/Flow/Dispatching/FlowFactory.php
--- consumed 0 B, total 687 MB, took 0.04 s
/home/mt/www/6.7/src/Core/Content/Flow/Dispatching/Storer/OrderTransactionStorer.php
--- consumed 0 B, total 687 MB, took 0.05 s
/home/mt/www/6.7/src/Core/Content/Flow/Dispatching/Storer/CustomAppStorer.php
--- consumed 0 B, total 687 MB, took 0.02 s
/home/mt/www/6.7/src/Core/Content/Flow/Dispatching/Storer/MailStorer.php
--- consumed 0 B, total 687 MB, took 0.06 s
/home/mt/www/6.7/src/Core/Content/Flow/Dispatching/Storer/UserStorer.php
--- consumed 0 B, total 687 MB, took 0.04 s
/home/mt/www/6.7/src/Core/Content/Flow/Dispatching/Storer/OrderStorer.php
--- consumed 0 B, total 687 MB, took 0.04 s
/home/mt/www/6.7/src/Core/Content/Flow/Dispatching/Storer/CustomerGroupStorer.php
--- consumed 0 B, total 687 MB, took 0.04 s
/home/mt/www/6.7/src/Core/Content/Flow/Dispatching/Storer/NewsletterRecipientStorer.php
--- consumed 0 B, total 687 MB, took 0.03 s
/home/mt/www/6.7/src/Core/Content/Flow/Dispatching/Storer/CustomerRecoveryStorer.php
--- consumed 0 B, total 687 MB, took 0.04 s
/home/mt/www/6.7/src/Core/Content/Flow/Dispatching/Storer/TimezoneStorer.php
--- consumed 0 B, total 687 MB, took 0.03 s
/home/mt/www/6.7/src/Core/Content/Flow/Dispatching/Storer/A11yRenderedDocumentStorer.php
--- consumed 0 B, total 687 MB, took 0.05 s
/home/mt/www/6.7/src/Core/Content/Flow/Dispatching/Storer/ProductStorer.php
--- consumed 0 B, total 687 MB, took 0.03 s
/home/mt/www/6.7/src/Core/Content/Flow/Dispatching/Storer/CustomerStorer.php
--- consumed 0 B, total 687 MB, took 0.04 s
/home/mt/www/6.7/src/Core/Content/Flow/Dispatching/Storer/FlowStorer.php
--- consumed 0 B, total 687 MB, took 0.00 s
/home/mt/www/6.7/src/Core/Content/Flow/Dispatching/Storer/MessageStorer.php
--- consumed 0 B, total 687 MB, took 0.01 s
/home/mt/www/6.7/src/Core/Content/Flow/Dispatching/Storer/LanguageStorer.php
--- consumed 0 B, total 687 MB, took 0.01 s
/home/mt/www/6.7/src/Core/Content/Flow/Dispatching/Storer/ScalarValuesStorer.php
--- consumed 0 B, total 687 MB, took 0.01 s
/home/mt/www/6.7/src/Core/Content/Flow/Dispatching/AbstractFlowLoader.php
--- consumed 0 B, total 687 MB, took 0.00 s
/home/mt/www/6.7/src/Core/Content/Flow/Dispatching/BufferedFlowExecutionTriggersListener.php
--- consumed 0 B, total 687 MB, took 0.02 s
/home/mt/www/6.7/src/Core/Content/Flow/Dispatching/BufferedFlowQueue.php
--- consumed 0 B, total 687 MB, took 0.01 s
/home/mt/www/6.7/src/Core/Content/Flow/Dispatching/Aware/OrderTransactionAware.php
--- consumed 0 B, total 687 MB, took 0.00 s
/home/mt/www/6.7/src/Core/Content/Flow/Dispatching/Aware/CustomerRecoveryAware.php
--- consumed 0 B, total 687 MB, took 0.00 s
/home/mt/www/6.7/src/Core/Content/Flow/Dispatching/Aware/NewsletterRecipientAware.php
--- consumed 0 B, total 687 MB, took 0.00 s
/home/mt/www/6.7/src/Core/Content/Flow/Dispatching/Aware/MessageAware.php
--- consumed 0 B, total 687 MB, took 0.00 s
/home/mt/www/6.7/src/Core/Content/Flow/Dispatching/Aware/CustomAppAware.php
--- consumed 0 B, total 687 MB, took 0.00 s
/home/mt/www/6.7/src/Core/Content/Flow/Dispatching/Aware/ScalarValuesAware.php
--- consumed 0 B, total 687 MB, took 0.00 s
/home/mt/www/6.7/src/Core/Content/Flow/Dispatching/FlowDispatcher.php
--- consumed 2 MB, total 689 MB, took 0.09 s
/home/mt/www/6.7/src/Core/Content/Flow/Dispatching/TransactionalAction.php
--- consumed 0 B, total 689 MB, took 0.00 s
/home/mt/www/6.7/src/Core/Content/Flow/Controller/TriggerFlowController.php
--- consumed 0 B, total 689 MB, took 0.03 s
/home/mt/www/6.7/src/Core/Content/Flow/Aggregate/FlowTemplate/FlowTemplateDefinition.php
--- consumed 0 B, total 689 MB, took 0.01 s
/home/mt/www/6.7/src/Core/Content/Flow/Aggregate/FlowTemplate/FlowTemplateCollection.php
--- consumed 0 B, total 689 MB, took 0.01 s
/home/mt/www/6.7/src/Core/Content/Flow/Aggregate/FlowTemplate/FlowTemplateEntity.php
--- consumed 0 B, total 689 MB, took 0.01 s
/home/mt/www/6.7/src/Core/Content/Flow/Aggregate/FlowSequence/FlowSequenceEntity.php
--- consumed 0 B, total 689 MB, took 0.07 s
/home/mt/www/6.7/src/Core/Content/Flow/Aggregate/FlowSequence/FlowSequenceDefinition.php
--- consumed 0 B, total 689 MB, took 0.03 s
/home/mt/www/6.7/src/Core/Content/Flow/Aggregate/FlowSequence/FlowSequenceCollection.php
--- consumed 0 B, total 689 MB, took 0.01 s
/home/mt/www/6.7/src/Core/Content/Flow/Events/BeforeLoadStorableFlowDataEvent.php
--- consumed 0 B, total 689 MB, took 0.01 s
/home/mt/www/6.7/src/Core/Content/Flow/Events/FlowActionCollectorEvent.php
--- consumed 0 B, total 689 MB, took 0.00 s
/home/mt/www/6.7/src/Core/Content/Flow/Events/FlowSendMailActionEvent.php
--- consumed 0 B, total 689 MB, took 0.01 s
/home/mt/www/6.7/src/Core/Content/Flow/Events/FlowIndexerEvent.php
--- consumed 0 B, total 689 MB, took 0.00 s
/home/mt/www/6.7/src/Core/Content/Flow/DataAbstractionLayer/FieldSerializer/FlowTemplateConfigFieldSerializer.php
--- consumed 0 B, total 689 MB, took 0.04 s
/home/mt/www/6.7/src/Core/Content/Flow/DataAbstractionLayer/Field/FlowTemplateConfigField.php
--- consumed 0 B, total 689 MB, took 0.01 s
/home/mt/www/6.7/src/Core/Content/Flow/FlowCollection.php
--- consumed 0 B, total 689 MB, took 0.01 s
/home/mt/www/6.7/src/Core/Content/Flow/FlowDefinition.php
--- consumed 0 B, total 689 MB, took 0.17 s
/home/mt/www/6.7/src/Core/Content/Flow/FlowException.php
--- consumed 0 B, total 689 MB, took 0.02 s
/home/mt/www/6.7/src/Core/Content/Property/PropertyGroupCollection.php
--- consumed 0 B, total 689 MB, took 0.11 s
/home/mt/www/6.7/src/Core/Content/Property/PropertyGroupHydrator.php
--- consumed 0 B, total 689 MB, took 0.02 s
/home/mt/www/6.7/src/Core/Content/Property/PropertyGroupEntity.php
--- consumed 0 B, total 689 MB, took 0.05 s
/home/mt/www/6.7/src/Core/Content/Property/Aggregate/PropertyGroupTranslation/PropertyGroupTranslationDefinition.php
--- consumed 0 B, total 689 MB, took 0.01 s
/home/mt/www/6.7/src/Core/Content/Property/Aggregate/PropertyGroupTranslation/PropertyGroupTranslationCollection.php
--- consumed 0 B, total 689 MB, took 0.02 s
/home/mt/www/6.7/src/Core/Content/Property/Aggregate/PropertyGroupTranslation/PropertyGroupTranslationEntity.php
--- consumed 0 B, total 689 MB, took 0.04 s
/home/mt/www/6.7/src/Core/Content/Property/Aggregate/PropertyGroupOption/PropertyGroupOptionDefinition.php
--- consumed 0 B, total 689 MB, took 0.03 s
/home/mt/www/6.7/src/Core/Content/Property/Aggregate/PropertyGroupOption/PropertyGroupOptionCollection.php
--- consumed 0 B, total 689 MB, took 0.06 s
/home/mt/www/6.7/src/Core/Content/Property/Aggregate/PropertyGroupOption/PropertyGroupOptionEntity.php
--- consumed 0 B, total 689 MB, took 0.06 s
/home/mt/www/6.7/src/Core/Content/Property/Aggregate/PropertyGroupOption/PropertyGroupOptionHydrator.php
--- consumed 0 B, total 689 MB, took 0.03 s
/home/mt/www/6.7/src/Core/Content/Property/Aggregate/PropertyGroupOptionTranslation/PropertyGroupOptionTranslationDefinition.php
--- consumed 0 B, total 689 MB, took 0.01 s
/home/mt/www/6.7/src/Core/Content/Property/Aggregate/PropertyGroupOptionTranslation/PropertyGroupOptionTranslationCollection.php
--- consumed 0 B, total 689 MB, took 0.02 s
/home/mt/www/6.7/src/Core/Content/Property/Aggregate/PropertyGroupOptionTranslation/PropertyGroupOptionTranslationEntity.php
--- consumed 2 MB, total 691 MB, took 0.03 s
/home/mt/www/6.7/src/Core/Content/Property/PropertyGroupDefinition.php
--- consumed 0 B, total 691 MB, took 0.03 s
/home/mt/www/6.7/src/Core/Content/Property/PropertyEvents.php
--- consumed 0 B, total 691 MB, took 0.00 s
/home/mt/www/6.7/src/Core/Content/Test/Media/MediaFixtures.php
--- consumed 0 B, total 691 MB, took 0.01 s
/home/mt/www/6.7/src/Core/Content/Test/Flow/TestFlowBusinessEvent.php
--- consumed 0 B, total 691 MB, took 0.01 s
/home/mt/www/6.7/src/Core/Content/Test/Flow/fixtures/RawFlowEvent.php
--- consumed 0 B, total 691 MB, took 0.01 s
/home/mt/www/6.7/src/Core/Content/Test/Flow/fixtures/CustomerAwareEvent.php
--- consumed 0 B, total 691 MB, took 0.01 s
/home/mt/www/6.7/src/Core/Content/Test/Flow/OrderActionTrait.php
--- consumed 0 B, total 691 MB, took 0.03 s
/home/mt/www/6.7/src/Core/Content/Test/TestProductSeoUrlRoute.php
--- consumed 2 MB, total 693 MB, took 0.02 s
/home/mt/www/6.7/src/Core/Content/Test/Seo/Twig/LastLetterBigTwigFilter.php
--- consumed 0 B, total 693 MB, took 0.01 s
/home/mt/www/6.7/src/Core/Content/Test/ImportExport/StockSubscriber.php
--- consumed 0 B, total 693 MB, took 0.03 s
/home/mt/www/6.7/src/Core/Content/Test/ImportExport/TestSubscriber.php
--- consumed 0 B, total 693 MB, took 0.01 s
/home/mt/www/6.7/src/Core/Content/Test/ImportExport/MockRepository.php
--- consumed 0 B, total 693 MB, took 0.20 s
/home/mt/www/6.7/src/Core/Content/Test/TestNavigationSeoUrlRoute.php
--- consumed 0 B, total 693 MB, took 0.01 s
/home/mt/www/6.7/src/Core/Content/Test/Product/SalesChannel/Fixture/ListingTestData.php
--- consumed 0 B, total 693 MB, took 0.01 s
/home/mt/www/6.7/src/Core/Content/Test/Product/ProductBuilder.php
--- consumed 4 MB, total 697 MB, took 0.28 s
/home/mt/www/6.7/src/Core/Content/Test/Product/ProductFeatureSet/ProductFeatureSetFixtures.php
--- consumed 0 B, total 697 MB, took 0.00 s
/home/mt/www/6.7/src/Core/Content/Test/Cms/LayoutBuilder.php
--- consumed 0 B, total 697 MB, took 0.13 s
/home/mt/www/6.7/src/Core/Content/Test/Category/Service/CountingEntityReader.php
--- consumed 0 B, total 697 MB, took 0.01 s
/home/mt/www/6.7/src/Core/Content/Test/Category/Service/CountingEntitySearcher.php
--- consumed 0 B, total 697 MB, took 0.01 s
/home/mt/www/6.7/src/Core/Content/Test/Category/CategoryBuilder.php
--- consumed 2 MB, total 699 MB, took 0.04 s
/home/mt/www/6.7/src/Core/Content/Seo/Api/SeoActionController.php
--- consumed 0 B, total 699 MB, took 0.22 s
/home/mt/www/6.7/src/Core/Content/Seo/Event/SeoUrlUpdateEvent.php
--- consumed 0 B, total 699 MB, took 0.00 s
/home/mt/www/6.7/src/Core/Content/Seo/Event/SeoEvents.php
--- consumed 0 B, total 699 MB, took 0.00 s
/home/mt/www/6.7/src/Core/Content/Seo/HreflangLoader.php
--- consumed 0 B, total 699 MB, took 0.24 s
/home/mt/www/6.7/src/Core/Content/Seo/SeoException.php
--- consumed 0 B, total 699 MB, took 0.02 s
/home/mt/www/6.7/src/Core/Content/Seo/SalesChannel/SeoUrlRoute.php
--- consumed 0 B, total 699 MB, took 0.02 s
/home/mt/www/6.7/src/Core/Content/Seo/SalesChannel/AbstractSeoUrlRoute.php
--- consumed 0 B, total 699 MB, took 0.00 s
/home/mt/www/6.7/src/Core/Content/Seo/SalesChannel/SeoResolverData.php
--- consumed 0 B, total 699 MB, took 0.03 s
/home/mt/www/6.7/src/Core/Content/Seo/SalesChannel/SeoUrlRouteResponse.php
--- consumed 0 B, total 699 MB, took 0.01 s
/home/mt/www/6.7/src/Core/Content/Seo/SalesChannel/StoreApiSeoResolver.php
--- consumed 0 B, total 699 MB, took 0.16 s
/home/mt/www/6.7/src/Core/Content/Seo/SeoUrlRoute/SeoUrlRouteConfig.php
--- consumed 0 B, total 699 MB, took 0.01 s
/home/mt/www/6.7/src/Core/Content/Seo/SeoUrlRoute/SeoUrlMapping.php
--- consumed 0 B, total 699 MB, took 0.01 s
/home/mt/www/6.7/src/Core/Content/Seo/SeoUrlRoute/SeoUrlRouteInterface.php
--- consumed 0 B, total 699 MB, took 0.00 s
/home/mt/www/6.7/src/Core/Content/Seo/SeoUrlRoute/SeoUrlRouteRegistry.php
--- consumed 0 B, total 699 MB, took 0.01 s
/home/mt/www/6.7/src/Core/Content/Seo/HreflangLoaderParameter.php
--- consumed 0 B, total 699 MB, took 0.00 s
/home/mt/www/6.7/src/Core/Content/Seo/Exception/InvalidSeoUrlException.php
--- consumed 0 B, total 699 MB, took 0.01 s
/home/mt/www/6.7/src/Core/Content/Seo/Exception/InvalidTemplateException.php
--- consumed 0 B, total 699 MB, took 0.00 s
/home/mt/www/6.7/src/Core/Content/Seo/Exception/SeoUrlRouteNotFoundException.php
--- consumed 0 B, total 699 MB, took 0.01 s
/home/mt/www/6.7/src/Core/Content/Seo/Exception/NoEntitiesForPreviewException.php
--- consumed 0 B, total 699 MB, took 0.01 s
/home/mt/www/6.7/src/Core/Content/Seo/SeoUrlTemplate/TemplateGroup.php
--- consumed 0 B, total 699 MB, took 0.01 s
/home/mt/www/6.7/src/Core/Content/Seo/SeoUrlTemplate/SeoUrlTemplateDefinition.php
--- consumed 0 B, total 699 MB, took 0.02 s
/home/mt/www/6.7/src/Core/Content/Seo/SeoUrlTemplate/SeoUrlTemplateCollection.php
--- consumed 0 B, total 699 MB, took 0.01 s
/home/mt/www/6.7/src/Core/Content/Seo/SeoUrlTemplate/SeoUrlTemplateEntity.php
--- consumed 0 B, total 699 MB, took 0.04 s
/home/mt/www/6.7/src/Core/Content/Seo/SeoUrlPersister.php
--- consumed 2 MB, total 701 MB, took 0.25 s
/home/mt/www/6.7/src/Core/Content/Seo/SeoUrlGenerator.php
--- consumed 0 B, total 701 MB, took 0.18 s
/home/mt/www/6.7/src/Core/Content/Seo/AbstractSeoResolver.php
--- consumed 0 B, total 701 MB, took 0.00 s
/home/mt/www/6.7/src/Core/Content/Seo/SeoTemplateReplacementVariable.php
--- consumed 0 B, total 701 MB, took 0.01 s
/home/mt/www/6.7/src/Core/Content/Seo/HreflangLoaderInterface.php
--- consumed 0 B, total 701 MB, took 0.00 s
/home/mt/www/6.7/src/Core/Content/Seo/SeoUrl/SeoUrlDefinition.php
--- consumed 0 B, total 701 MB, took 0.03 s
/home/mt/www/6.7/src/Core/Content/Seo/SeoUrl/SeoUrlEntity.php
--- consumed 0 B, total 701 MB, took 0.21 s
/home/mt/www/6.7/src/Core/Content/Seo/SeoUrl/SeoUrlCollection.php
--- consumed 0 B, total 701 MB, took 0.01 s
/home/mt/www/6.7/src/Core/Content/Seo/SeoUrl/SalesChannel/SalesChannelSeoUrlDefinition.php
--- consumed 0 B, total 701 MB, took 0.01 s
/home/mt/www/6.7/src/Core/Content/Seo/SeoUrlPlaceholderHandler.php
--- consumed 0 B, total 701 MB, took 0.16 s
/home/mt/www/6.7/src/Core/Content/Seo/SeoUrlPlaceholderHandlerInterface.php
--- consumed 0 B, total 701 MB, took 0.00 s
/home/mt/www/6.7/src/Core/Content/Seo/Hreflang/HreflangStruct.php
--- consumed 2 MB, total 703 MB, took 0.01 s
/home/mt/www/6.7/src/Core/Content/Seo/Hreflang/HreflangCollection.php
--- consumed 0 B, total 703 MB, took 0.01 s
/home/mt/www/6.7/src/Core/Content/Seo/SeoResolver.php
--- consumed 0 B, total 703 MB, took 0.05 s
/home/mt/www/6.7/src/Core/Content/Seo/SeoUrlTwigFactory.php
--- consumed 0 B, total 703 MB, took 0.03 s
/home/mt/www/6.7/src/Core/Content/Seo/ConfiguredSeoUrlRoute.php
--- consumed 0 B, total 703 MB, took 0.01 s
/home/mt/www/6.7/src/Core/Content/Seo/MainCategory/MainCategoryDefinition.php
--- consumed 0 B, total 703 MB, took 0.02 s
/home/mt/www/6.7/src/Core/Content/Seo/MainCategory/SalesChannel/SalesChannelMainCategoryDefinition.php
--- consumed 0 B, total 703 MB, took 0.00 s
/home/mt/www/6.7/src/Core/Content/Seo/MainCategory/MainCategoryCollection.php
--- consumed 0 B, total 703 MB, took 0.01 s
/home/mt/www/6.7/src/Core/Content/Seo/MainCategory/MainCategoryEntity.php
--- consumed 0 B, total 703 MB, took 0.03 s
/home/mt/www/6.7/src/Core/Content/Seo/EmptyPathInfoResolver.php
--- consumed 0 B, total 703 MB, took 0.01 s
/home/mt/www/6.7/src/Core/Content/Seo/SeoUrlUpdater.php
--- consumed 0 B, total 703 MB, took 0.11 s
/home/mt/www/6.7/src/Core/Content/Seo/Validation/SeoUrlDataValidationFactoryInterface.php
--- consumed 0 B, total 703 MB, took 0.00 s
/home/mt/www/6.7/src/Core/Content/Seo/Validation/SeoUrlValidationFactory.php
--- consumed 0 B, total 703 MB, took 0.02 s
/home/mt/www/6.7/src/Core/Content/Content.php
--- consumed 0 B, total 703 MB, took 0.02 s
/home/mt/www/6.7/src/Core/Content/ImportExport/Event/EnrichExportCriteriaEvent.php
--- consumed 0 B, total 703 MB, took 0.01 s
/home/mt/www/6.7/src/Core/Content/ImportExport/Event/ImportExportAfterProcessFinishedEvent.php
--- consumed 0 B, total 703 MB, took 0.01 s
/home/mt/www/6.7/src/Core/Content/ImportExport/Event/ImportExportBeforeImportRowEvent.php
--- consumed 0 B, total 703 MB, took 0.01 s
/home/mt/www/6.7/src/Core/Content/ImportExport/Event/ImportExportExceptionImportExportHandlerEvent.php
--- consumed 0 B, total 703 MB, took 0.01 s
/home/mt/www/6.7/src/Core/Content/ImportExport/Event/ImportExportExceptionExportRecordEvent.php
--- consumed 0 B, total 703 MB, took 0.33 s
/home/mt/www/6.7/src/Core/Content/ImportExport/Event/Subscriber/CategoryCriteriaSubscriber.php
--- consumed 0 B, total 703 MB, took 0.02 s
/home/mt/www/6.7/src/Core/Content/ImportExport/Event/Subscriber/ProductCategoryPathsSubscriber.php
--- consumed 0 B, total 703 MB, took 0.12 s
/home/mt/www/6.7/src/Core/Content/ImportExport/Event/Subscriber/ProductCriteriaSubscriber.php
--- consumed 0 B, total 703 MB, took 0.02 s
/home/mt/www/6.7/src/Core/Content/ImportExport/Event/Subscriber/FileDeletedSubscriber.php
--- consumed 0 B, total 703 MB, took 0.03 s
/home/mt/www/6.7/src/Core/Content/ImportExport/Event/Subscriber/ProductVariantsSubscriber.php
--- consumed 0 B, total 703 MB, took 0.29 s
/home/mt/www/6.7/src/Core/Content/ImportExport/Event/ImportExportBeforeExportRecordEvent.php
--- consumed 0 B, total 703 MB, took 0.01 s
/home/mt/www/6.7/src/Core/Content/ImportExport/Event/ImportExportProfileEvents.php
--- consumed 0 B, total 703 MB, took 0.00 s
/home/mt/www/6.7/src/Core/Content/ImportExport/Event/ImportExportAfterImportRecordEvent.php
--- consumed 0 B, total 703 MB, took 0.01 s
/home/mt/www/6.7/src/Core/Content/ImportExport/Event/ImportExportExceptionImportRecordEvent.php
--- consumed 0 B, total 703 MB, took 0.01 s
/home/mt/www/6.7/src/Core/Content/ImportExport/Event/ImportExportBeforeImportRecordEvent.php
--- consumed 0 B, total 703 MB, took 0.01 s
/home/mt/www/6.7/src/Core/Content/ImportExport/ImportExport.php
--- consumed 4 MB, total 707 MB, took 0.66 s
/home/mt/www/6.7/src/Core/Content/ImportExport/ImportExportProfileTranslationDefinition.php
--- consumed 2 MB, total 709 MB, took 0.01 s
/home/mt/www/6.7/src/Core/Content/ImportExport/ImportExportException.php
--- consumed 0 B, total 709 MB, took 0.09 s
/home/mt/www/6.7/src/Core/Content/ImportExport/ImportExportProfileDefinition.php
--- consumed 0 B, total 709 MB, took 0.03 s
/home/mt/www/6.7/src/Core/Content/ImportExport/Service/DeleteExpiredFilesService.php
--- consumed 0 B, total 709 MB, took 0.03 s
/home/mt/www/6.7/src/Core/Content/ImportExport/Service/DownloadService.php
--- consumed 0 B, total 709 MB, took 0.21 s
/home/mt/www/6.7/src/Core/Content/ImportExport/Service/FileService.php
--- consumed 0 B, total 709 MB, took 0.05 s
/home/mt/www/6.7/src/Core/Content/ImportExport/Service/AbstractFileService.php
--- consumed 0 B, total 709 MB, took 0.00 s
/home/mt/www/6.7/src/Core/Content/ImportExport/Service/ImportExportService.php
--- consumed 0 B, total 709 MB, took 0.19 s
/home/mt/www/6.7/src/Core/Content/ImportExport/Service/AbstractMappingService.php
--- consumed 0 B, total 709 MB, took 0.00 s
/home/mt/www/6.7/src/Core/Content/ImportExport/Service/MappingService.php
--- consumed 0 B, total 709 MB, took 0.19 s
/home/mt/www/6.7/src/Core/Content/ImportExport/Service/SupportedFeaturesService.php
--- consumed 2 MB, total 711 MB, took 0.05 s
/home/mt/www/6.7/src/Core/Content/ImportExport/Message/DeleteFileHandler.php
--- consumed 0 B, total 711 MB, took 0.01 s
/home/mt/www/6.7/src/Core/Content/ImportExport/Message/ImportExportMessage.php
--- consumed 0 B, total 711 MB, took 0.01 s
/home/mt/www/6.7/src/Core/Content/ImportExport/Message/ImportExportHandler.php
--- consumed 0 B, total 711 MB, took 0.03 s
/home/mt/www/6.7/src/Core/Content/ImportExport/Message/DeleteFileMessage.php
--- consumed 0 B, total 711 MB, took 0.00 s
/home/mt/www/6.7/src/Core/Content/ImportExport/Exception/InvalidFileAccessTokenException.php
--- consumed 0 B, total 711 MB, took 0.01 s
/home/mt/www/6.7/src/Core/Content/ImportExport/Exception/MappingException.php
--- consumed 0 B, total 711 MB, took 0.00 s
/home/mt/www/6.7/src/Core/Content/ImportExport/Exception/UpdatedByValueNotFoundException.php
--- consumed 0 B, total 711 MB, took 0.01 s
/home/mt/www/6.7/src/Core/Content/ImportExport/Exception/ProcessingException.php
--- consumed 0 B, total 711 MB, took 0.00 s
/home/mt/www/6.7/src/Core/Content/ImportExport/Exception/FileNotFoundException.php
--- consumed 0 B, total 711 MB, took 0.00 s
/home/mt/www/6.7/src/Core/Content/ImportExport/Exception/RequiredByUserException.php
--- consumed 0 B, total 711 MB, took 0.00 s
/home/mt/www/6.7/src/Core/Content/ImportExport/Exception/InvalidMediaUrlException.php
--- consumed 0 B, total 711 MB, took 0.01 s
/home/mt/www/6.7/src/Core/Content/ImportExport/Exception/LogNotWritableException.php
--- consumed 0 B, total 711 MB, took 0.01 s
/home/mt/www/6.7/src/Core/Content/ImportExport/Exception/DeleteDefaultProfileException.php
--- consumed 0 B, total 711 MB, took 0.01 s
/home/mt/www/6.7/src/Core/Content/ImportExport/Exception/MediaDownloadException.php
--- consumed 0 B, total 711 MB, took 0.01 s
/home/mt/www/6.7/src/Core/Content/ImportExport/Exception/ProfileNotFoundException.php
--- consumed 0 B, total 711 MB, took 0.00 s
/home/mt/www/6.7/src/Core/Content/ImportExport/Exception/InvalidIdentifierException.php
--- consumed 0 B, total 711 MB, took 0.01 s
/home/mt/www/6.7/src/Core/Content/ImportExport/Struct/Config.php
--- consumed 0 B, total 711 MB, took 0.19 s
/home/mt/www/6.7/src/Core/Content/ImportExport/Struct/ImportResult.php
--- consumed 0 B, total 711 MB, took 0.00 s
/home/mt/www/6.7/src/Core/Content/ImportExport/Struct/Progress.php
--- consumed 0 B, total 711 MB, took 0.02 s
/home/mt/www/6.7/src/Core/Content/ImportExport/ImportExportFactory.php
--- consumed 0 B, total 711 MB, took 0.05 s
/home/mt/www/6.7/src/Core/Content/ImportExport/ImportExportProfileEntity.php
--- consumed 0 B, total 711 MB, took 0.05 s
/home/mt/www/6.7/src/Core/Content/ImportExport/ImportExportProfileTranslationEntity.php
--- consumed 0 B, total 711 MB, took 0.02 s
/home/mt/www/6.7/src/Core/Content/ImportExport/Command/DeleteExpiredFilesCommand.php
--- consumed 0 B, total 711 MB, took 0.03 s
/home/mt/www/6.7/src/Core/Content/ImportExport/Command/ImportEntityCommand.php
--- consumed 2 MB, total 713 MB, took 0.17 s
/home/mt/www/6.7/src/Core/Content/ImportExport/Controller/ImportExportActionController.php
--- consumed 0 B, total 713 MB, took 0.14 s
/home/mt/www/6.7/src/Core/Content/ImportExport/Aggregate/ImportExportLog/ImportExportLogEntity.php
--- consumed 0 B, total 713 MB, took 0.04 s
/home/mt/www/6.7/src/Core/Content/ImportExport/Aggregate/ImportExportLog/ImportExportLogCollection.php
--- consumed 0 B, total 713 MB, took 0.01 s
/home/mt/www/6.7/src/Core/Content/ImportExport/Aggregate/ImportExportLog/ImportExportLogEvents.php
--- consumed 0 B, total 713 MB, took 0.00 s
/home/mt/www/6.7/src/Core/Content/ImportExport/Aggregate/ImportExportLog/ImportExportLogDefinition.php
--- consumed 0 B, total 713 MB, took 0.03 s
/home/mt/www/6.7/src/Core/Content/ImportExport/Aggregate/ImportExportFile/ImportExportFileEntity.php
--- consumed 0 B, total 713 MB, took 0.02 s
/home/mt/www/6.7/src/Core/Content/ImportExport/Aggregate/ImportExportFile/ImportExportFileDefinition.php
--- consumed 0 B, total 713 MB, took 0.02 s
/home/mt/www/6.7/src/Core/Content/ImportExport/Aggregate/ImportExportFile/ImportExportFileEvents.php
--- consumed 0 B, total 713 MB, took 0.00 s
/home/mt/www/6.7/src/Core/Content/ImportExport/Processing/Reader/AbstractReader.php
--- consumed 0 B, total 713 MB, took 0.00 s
/home/mt/www/6.7/src/Core/Content/ImportExport/Processing/Reader/AbstractReaderFactory.php
--- consumed 0 B, total 713 MB, took 0.00 s
/home/mt/www/6.7/src/Core/Content/ImportExport/Processing/Reader/CsvReader.php
--- consumed 2 MB, total 715 MB, took 0.12 s
/home/mt/www/6.7/src/Core/Content/ImportExport/Processing/Reader/CsvReaderFactory.php
--- consumed 0 B, total 715 MB, took 0.01 s
/home/mt/www/6.7/src/Core/Content/ImportExport/Processing/Writer/AbstractWriter.php
--- consumed 0 B, total 715 MB, took 0.00 s
/home/mt/www/6.7/src/Core/Content/ImportExport/Processing/Writer/CsvFileWriterFactory.php
--- consumed 0 B, total 715 MB, took 0.01 s
/home/mt/www/6.7/src/Core/Content/ImportExport/Processing/Writer/AbstractFileWriter.php
--- consumed 0 B, total 715 MB, took 0.04 s
/home/mt/www/6.7/src/Core/Content/ImportExport/Processing/Writer/CsvFileWriter.php
--- consumed 0 B, total 715 MB, took 0.02 s
/home/mt/www/6.7/src/Core/Content/ImportExport/Processing/Writer/AbstractWriterFactory.php
--- consumed 0 B, total 715 MB, took 0.00 s
/home/mt/www/6.7/src/Core/Content/ImportExport/Processing/Pipe/EntityPipe.php
--- consumed 0 B, total 715 MB, took 0.03 s
/home/mt/www/6.7/src/Core/Content/ImportExport/Processing/Pipe/AbstractPipeFactory.php
--- consumed 0 B, total 715 MB, took 0.00 s
/home/mt/www/6.7/src/Core/Content/ImportExport/Processing/Pipe/PipeFactory.php
--- consumed 0 B, total 715 MB, took 0.01 s
/home/mt/www/6.7/src/Core/Content/ImportExport/Processing/Pipe/AbstractPipe.php
--- consumed 0 B, total 715 MB, took 0.00 s
/home/mt/www/6.7/src/Core/Content/ImportExport/Processing/Pipe/KeyMappingPipe.php
--- consumed 0 B, total 715 MB, took 0.20 s
/home/mt/www/6.7/src/Core/Content/ImportExport/Processing/Pipe/ChainPipe.php
--- consumed 0 B, total 715 MB, took 0.01 s
/home/mt/www/6.7/src/Core/Content/ImportExport/Processing/Mapping/UpdateByCollection.php
--- consumed 0 B, total 715 MB, took 0.02 s
/home/mt/www/6.7/src/Core/Content/ImportExport/Processing/Mapping/UpdateBy.php
--- consumed 0 B, total 715 MB, took 0.01 s
/home/mt/www/6.7/src/Core/Content/ImportExport/Processing/Mapping/MappingCollection.php
--- consumed 0 B, total 715 MB, took 0.04 s
/home/mt/www/6.7/src/Core/Content/ImportExport/Processing/Mapping/Mapping.php
--- consumed 0 B, total 715 MB, took 0.02 s
/home/mt/www/6.7/src/Core/Content/ImportExport/Processing/Mapping/CriteriaBuilder.php
--- consumed 0 B, total 715 MB, took 0.02 s
/home/mt/www/6.7/src/Core/Content/ImportExport/DataAbstractionLayer/Serializer/Entity/OrderSerializer.php
--- consumed 0 B, total 715 MB, took 0.08 s
/home/mt/www/6.7/src/Core/Content/ImportExport/DataAbstractionLayer/Serializer/Entity/AbstractEntitySerializer.php
--- consumed 0 B, total 715 MB, took 0.01 s
/home/mt/www/6.7/src/Core/Content/ImportExport/DataAbstractionLayer/Serializer/Entity/MediaSerializer.php
--- consumed 6 MB, total 721 MB, took 0.33 s
/home/mt/www/6.7/src/Core/Content/ImportExport/DataAbstractionLayer/Serializer/Entity/LanguageSerializer.php
--- consumed 0 B, total 721 MB, took 0.05 s
/home/mt/www/6.7/src/Core/Content/ImportExport/DataAbstractionLayer/Serializer/Entity/PromotionIndividualCodeSerializer.php
--- consumed 0 B, total 721 MB, took 0.08 s
/home/mt/www/6.7/src/Core/Content/ImportExport/DataAbstractionLayer/Serializer/Entity/CustomerSerializer.php
--- consumed 0 B, total 721 MB, took 0.07 s
/home/mt/www/6.7/src/Core/Content/ImportExport/DataAbstractionLayer/Serializer/Entity/SalutationSerializer.php
--- consumed 0 B, total 721 MB, took 0.04 s
/home/mt/www/6.7/src/Core/Content/ImportExport/DataAbstractionLayer/Serializer/Entity/AbstractMediaSerializer.php
--- consumed 0 B, total 721 MB, took 0.00 s
/home/mt/www/6.7/src/Core/Content/ImportExport/DataAbstractionLayer/Serializer/Entity/EntitySerializer.php
--- consumed 0 B, total 721 MB, took 0.06 s
/home/mt/www/6.7/src/Core/Content/ImportExport/DataAbstractionLayer/Serializer/Entity/CountrySerializer.php
--- consumed 0 B, total 721 MB, took 0.03 s
/home/mt/www/6.7/src/Core/Content/ImportExport/DataAbstractionLayer/Serializer/Entity/ProductSerializer.php
--- consumed 2 MB, total 723 MB, took 0.50 s
/home/mt/www/6.7/src/Core/Content/ImportExport/DataAbstractionLayer/Serializer/Entity/MediaSerializerSubscriber.php
--- consumed 0 B, total 723 MB, took 0.01 s
/home/mt/www/6.7/src/Core/Content/ImportExport/DataAbstractionLayer/Serializer/Entity/ProductCrossSellingSerializer.php
--- consumed 0 B, total 723 MB, took 0.08 s
/home/mt/www/6.7/src/Core/Content/ImportExport/DataAbstractionLayer/Serializer/PrimaryKeyResolver.php
--- consumed 0 B, total 723 MB, took 0.12 s
/home/mt/www/6.7/src/Core/Content/ImportExport/DataAbstractionLayer/Serializer/SerializerRegistry.php
--- consumed 0 B, total 723 MB, took 0.03 s
/home/mt/www/6.7/src/Core/Content/ImportExport/DataAbstractionLayer/Serializer/Field/CustomFieldsSerializer.php
--- consumed 0 B, total 723 MB, took 0.24 s
/home/mt/www/6.7/src/Core/Content/ImportExport/DataAbstractionLayer/Serializer/Field/AbstractFieldSerializer.php
--- consumed 0 B, total 723 MB, took 0.00 s
/home/mt/www/6.7/src/Core/Content/ImportExport/DataAbstractionLayer/Serializer/Field/TranslationsSerializer.php
--- consumed 0 B, total 723 MB, took 0.08 s
/home/mt/www/6.7/src/Core/Content/ImportExport/DataAbstractionLayer/Serializer/Field/ScalarTypeSerializer.php
--- consumed 0 B, total 723 MB, took 0.02 s
/home/mt/www/6.7/src/Core/Content/ImportExport/DataAbstractionLayer/Serializer/Field/ToOneSerializer.php
--- consumed 0 B, total 723 MB, took 0.03 s
/home/mt/www/6.7/src/Core/Content/ImportExport/DataAbstractionLayer/Serializer/Field/FieldSerializer.php
--- consumed 0 B, total 723 MB, took 0.27 s
/home/mt/www/6.7/src/Core/Content/ImportExport/DataAbstractionLayer/Serializer/Field/PriceSerializer.php
--- consumed 0 B, total 723 MB, took 0.26 s
/home/mt/www/6.7/src/Core/Content/ImportExport/DataAbstractionLayer/SystemDefaultValidator.php
--- consumed 2 MB, total 725 MB, took 0.02 s
/home/mt/www/6.7/src/Core/Content/ImportExport/ScheduledTask/CleanupImportExportFileTask.php
--- consumed 0 B, total 725 MB, took 0.01 s
/home/mt/www/6.7/src/Core/Content/ImportExport/ScheduledTask/CleanupImportExportFileTaskHandler.php
--- consumed 0 B, total 725 MB, took 0.01 s
/home/mt/www/6.7/src/Core/Content/ImportExport/ImportExportProfileTranslationCollection.php
--- consumed 0 B, total 725 MB, took 0.01 s
/home/mt/www/6.7/src/Core/Content/ImportExport/Strategy/Import/BatchImportStrategy.php
--- consumed 0 B, total 725 MB, took 0.05 s
/home/mt/www/6.7/src/Core/Content/ImportExport/Strategy/Import/ImportStrategyService.php
--- consumed 0 B, total 725 MB, took 0.00 s
/home/mt/www/6.7/src/Core/Content/ImportExport/Strategy/Import/OneByOneImportStrategy.php
--- consumed 0 B, total 725 MB, took 0.03 s
/home/mt/www/6.7/src/Core/Content/Sitemap/Event/SitemapGenerationStartEvent.php
--- consumed 0 B, total 725 MB, took 0.01 s
/home/mt/www/6.7/src/Core/Content/Sitemap/Event/SitemapRouteCacheTagsEvent.php
--- consumed 0 B, total 725 MB, took 0.00 s
/home/mt/www/6.7/src/Core/Content/Sitemap/Event/SitemapSalesChannelCriteriaEvent.php
--- consumed 0 B, total 725 MB, took 0.17 s
/home/mt/www/6.7/src/Core/Content/Sitemap/Event/SitemapRouteCacheKeyEvent.php
--- consumed 0 B, total 725 MB, took 0.00 s
/home/mt/www/6.7/src/Core/Content/Sitemap/Event/SitemapFilterOpenTagEvent.php
--- consumed 0 B, total 725 MB, took 0.02 s
/home/mt/www/6.7/src/Core/Content/Sitemap/Event/SitemapGeneratedEvent.php
--- consumed 0 B, total 725 MB, took 0.00 s
/home/mt/www/6.7/src/Core/Content/Sitemap/Commands/SitemapGenerateCommand.php
--- consumed 0 B, total 725 MB, took 0.09 s
/home/mt/www/6.7/src/Core/Content/Sitemap/Extension/SitemapFileExtension.php
--- consumed 0 B, total 725 MB, took 0.01 s
/home/mt/www/6.7/src/Core/Content/Sitemap/SalesChannel/SitemapRouteResponse.php
--- consumed 0 B, total 725 MB, took 0.01 s
/home/mt/www/6.7/src/Core/Content/Sitemap/SalesChannel/SitemapFileRoute.php
--- consumed 0 B, total 725 MB, took 0.04 s
/home/mt/www/6.7/src/Core/Content/Sitemap/SalesChannel/AbstractSitemapRoute.php
--- consumed 0 B, total 725 MB, took 0.00 s
/home/mt/www/6.7/src/Core/Content/Sitemap/SalesChannel/SitemapRoute.php
--- consumed 2 MB, total 727 MB, took 0.21 s
/home/mt/www/6.7/src/Core/Content/Sitemap/Service/SitemapHandle.php
--- consumed 0 B, total 727 MB, took 0.11 s
/home/mt/www/6.7/src/Core/Content/Sitemap/Service/SitemapLister.php
--- consumed 0 B, total 727 MB, took 0.06 s
/home/mt/www/6.7/src/Core/Content/Sitemap/Service/SitemapExporter.php
--- consumed 0 B, total 727 MB, took 0.17 s
/home/mt/www/6.7/src/Core/Content/Sitemap/Service/SitemapListerInterface.php
--- consumed 0 B, total 727 MB, took 0.00 s
/home/mt/www/6.7/src/Core/Content/Sitemap/Service/SitemapHandleFactoryInterface.php
--- consumed 0 B, total 727 MB, took 0.00 s
/home/mt/www/6.7/src/Core/Content/Sitemap/Service/SitemapHandleFactory.php
--- consumed 0 B, total 727 MB, took 0.01 s
/home/mt/www/6.7/src/Core/Content/Sitemap/Service/SitemapHandleInterface.php
--- consumed 0 B, total 727 MB, took 0.00 s
/home/mt/www/6.7/src/Core/Content/Sitemap/Service/ConfigHandler.php
--- consumed 0 B, total 727 MB, took 0.03 s
/home/mt/www/6.7/src/Core/Content/Sitemap/Service/SitemapExporterInterface.php
--- consumed 0 B, total 727 MB, took 0.00 s
/home/mt/www/6.7/src/Core/Content/Sitemap/Provider/HomeUrlProvider.php
--- consumed 0 B, total 727 MB, took 0.02 s
/home/mt/www/6.7/src/Core/Content/Sitemap/Provider/CustomUrlProvider.php
--- consumed 0 B, total 727 MB, took 0.03 s
/home/mt/www/6.7/src/Core/Content/Sitemap/Provider/CategoryUrlProvider.php
--- consumed 8 MB, total 735 MB, took 0.35 s
/home/mt/www/6.7/src/Core/Content/Sitemap/Provider/ProductUrlProvider.php
--- consumed 0 B, total 735 MB, took 0.10 s
/home/mt/www/6.7/src/Core/Content/Sitemap/Provider/AbstractUrlProvider.php
--- consumed 0 B, total 735 MB, took 0.01 s
/home/mt/www/6.7/src/Core/Content/Sitemap/Provider/LandingPageUrlProvider.php
--- consumed 0 B, total 735 MB, took 0.09 s
/home/mt/www/6.7/src/Core/Content/Sitemap/Exception/UrlProviderNotFound.php
--- consumed 0 B, total 735 MB, took 0.01 s
/home/mt/www/6.7/src/Core/Content/Sitemap/Exception/UnknownFileException.php
--- consumed 0 B, total 735 MB, took 0.00 s
/home/mt/www/6.7/src/Core/Content/Sitemap/Exception/InvalidSitemapKey.php
--- consumed 0 B, total 735 MB, took 0.00 s
/home/mt/www/6.7/src/Core/Content/Sitemap/Exception/AlreadyLockedException.php
--- consumed 0 B, total 735 MB, took 0.01 s
/home/mt/www/6.7/src/Core/Content/Sitemap/SitemapException.php
--- consumed 0 B, total 735 MB, took 0.01 s
/home/mt/www/6.7/src/Core/Content/Sitemap/Struct/Url.php
--- consumed 0 B, total 735 MB, took 0.02 s
/home/mt/www/6.7/src/Core/Content/Sitemap/Struct/Sitemap.php
--- consumed 0 B, total 735 MB, took 0.01 s
/home/mt/www/6.7/src/Core/Content/Sitemap/Struct/SitemapGenerationResult.php
--- consumed 0 B, total 735 MB, took 0.01 s
/home/mt/www/6.7/src/Core/Content/Sitemap/Struct/UrlResult.php
--- consumed 0 B, total 735 MB, took 0.01 s
/home/mt/www/6.7/src/Core/Content/Sitemap/Struct/SitemapCollection.php
--- consumed 0 B, total 735 MB, took 0.00 s
/home/mt/www/6.7/src/Core/Content/Sitemap/ConfigHandler/File.php
--- consumed 0 B, total 735 MB, took 0.03 s
/home/mt/www/6.7/src/Core/Content/Sitemap/ConfigHandler/ConfigHandlerInterface.php
--- consumed 0 B, total 735 MB, took 0.00 s
/home/mt/www/6.7/src/Core/Content/Sitemap/ScheduledTask/SitemapGenerateTask.php
--- consumed 0 B, total 735 MB, took 0.01 s
/home/mt/www/6.7/src/Core/Content/Sitemap/ScheduledTask/SitemapMessageHandler.php
--- consumed 0 B, total 735 MB, took 0.02 s
/home/mt/www/6.7/src/Core/Content/Sitemap/ScheduledTask/SitemapMessage.php
--- consumed 0 B, total 735 MB, took 0.01 s
/home/mt/www/6.7/src/Core/Content/Sitemap/ScheduledTask/SitemapGenerateTaskHandler.php
--- consumed 0 B, total 735 MB, took 0.04 s
/home/mt/www/6.7/src/Core/Content/MeasurementSystem/TwigExtension/MeasurementConvertUnitTwigFilter.php
--- consumed 0 B, total 735 MB, took 0.03 s
/home/mt/www/6.7/src/Core/Content/MeasurementSystem/Unit/ConvertedUnit.php
--- consumed 0 B, total 735 MB, took 0.00 s
/home/mt/www/6.7/src/Core/Content/MeasurementSystem/Unit/MeasurementUnitProvider.php
--- consumed 0 B, total 735 MB, took 0.03 s
/home/mt/www/6.7/src/Core/Content/MeasurementSystem/Unit/ConvertedUnitSet.php
--- consumed 0 B, total 735 MB, took 0.02 s
/home/mt/www/6.7/src/Core/Content/MeasurementSystem/Unit/MeasurementUnitConverter.php
--- consumed 0 B, total 735 MB, took 0.02 s
/home/mt/www/6.7/src/Core/Content/MeasurementSystem/Unit/AbstractMeasurementUnitProvider.php
--- consumed 0 B, total 735 MB, took 0.00 s
/home/mt/www/6.7/src/Core/Content/MeasurementSystem/Unit/AbstractMeasurementUnitConverter.php
--- consumed 0 B, total 735 MB, took 0.00 s
/home/mt/www/6.7/src/Core/Content/MeasurementSystem/MeasurementSystemException.php
--- consumed 0 B, total 735 MB, took 0.02 s
/home/mt/www/6.7/src/Core/Content/MeasurementSystem/MeasurementUnitTypeEnum.php
--- consumed 0 B, total 735 MB, took 0.00 s
/home/mt/www/6.7/src/Core/Content/MeasurementSystem/MeasurementUnits.php
--- consumed 0 B, total 735 MB, took 0.02 s
/home/mt/www/6.7/src/Core/Content/MeasurementSystem/ProductMeasurement/ProductMeasurementUnitBuilder.php
--- consumed 0 B, total 735 MB, took 0.04 s
/home/mt/www/6.7/src/Core/Content/MeasurementSystem/ProductMeasurement/ProductMeasurementEnum.php
--- consumed 0 B, total 735 MB, took 0.00 s
/home/mt/www/6.7/src/Core/Content/MeasurementSystem/Field/MeasurementUnitsField.php
--- consumed 0 B, total 735 MB, took 0.01 s
/home/mt/www/6.7/src/Core/Content/MeasurementSystem/Field/MeasurementUnitsFieldSerializer.php
--- consumed 0 B, total 735 MB, took 0.21 s
/home/mt/www/6.7/src/Core/Content/MeasurementSystem/DataAbstractionLayer/MeasurementSystemEntity.php
--- consumed 0 B, total 735 MB, took 0.03 s
/home/mt/www/6.7/src/Core/Content/MeasurementSystem/DataAbstractionLayer/MeasurementDisplayUnitEntity.php
--- consumed 0 B, total 735 MB, took 0.03 s
/home/mt/www/6.7/src/Core/Content/ProductStream/Event/ProductStreamIndexerEvent.php
--- consumed 0 B, total 735 MB, took 0.01 s
/home/mt/www/6.7/src/Core/Content/ProductStream/ProductStreamDefinition.php
--- consumed 0 B, total 735 MB, took 0.03 s
/home/mt/www/6.7/src/Core/Content/ProductStream/Service/ProductStreamBuilder.php
--- consumed 0 B, total 735 MB, took 0.03 s
/home/mt/www/6.7/src/Core/Content/ProductStream/Service/ProductStreamBuilderInterface.php
--- consumed 0 B, total 735 MB, took 0.00 s
/home/mt/www/6.7/src/Core/Content/ProductStream/Exception/NoFilterException.php
--- consumed 0 B, total 735 MB, took 0.01 s
/home/mt/www/6.7/src/Core/Content/ProductStream/Exception/FilterNotFoundException.php
--- consumed 0 B, total 735 MB, took 0.01 s
/home/mt/www/6.7/src/Core/Content/ProductStream/ProductStreamEntity.php
--- consumed 2 MB, total 737 MB, took 0.08 s
/home/mt/www/6.7/src/Core/Content/ProductStream/Aggregate/ProductStreamFilter/ProductStreamFilterHydrator.php
--- consumed 0 B, total 737 MB, took 0.04 s
/home/mt/www/6.7/src/Core/Content/ProductStream/Aggregate/ProductStreamFilter/ProductStreamFilterDefinition.php
--- consumed 0 B, total 737 MB, took 0.02 s
/home/mt/www/6.7/src/Core/Content/ProductStream/Aggregate/ProductStreamFilter/ProductStreamFilterCollection.php
--- consumed 0 B, total 737 MB, took 0.01 s
/home/mt/www/6.7/src/Core/Content/ProductStream/Aggregate/ProductStreamFilter/ProductStreamFilterEntity.php
--- consumed 0 B, total 737 MB, took 0.06 s
/home/mt/www/6.7/src/Core/Content/ProductStream/Aggregate/ProductStreamTranslation/ProductStreamTranslationCollection.php
--- consumed 0 B, total 737 MB, took 0.02 s
/home/mt/www/6.7/src/Core/Content/ProductStream/Aggregate/ProductStreamTranslation/ProductStreamTranslationDefinition.php
--- consumed 0 B, total 737 MB, took 0.01 s
/home/mt/www/6.7/src/Core/Content/ProductStream/Aggregate/ProductStreamTranslation/ProductStreamTranslationEntity.php
--- consumed 0 B, total 737 MB, took 0.04 s
/home/mt/www/6.7/src/Core/Content/ProductStream/ProductStreamHydrator.php
--- consumed 0 B, total 737 MB, took 0.03 s
/home/mt/www/6.7/src/Core/Content/ProductStream/DataAbstractionLayer/ProductStreamIndexingMessage.php
--- consumed 0 B, total 737 MB, took 0.00 s
/home/mt/www/6.7/src/Core/Content/ProductStream/DataAbstractionLayer/ProductStreamIndexer.php
--- consumed 0 B, total 737 MB, took 0.40 s
/home/mt/www/6.7/src/Core/Content/ProductStream/ProductStreamCollection.php
--- consumed 0 B, total 737 MB, took 0.01 s
/home/mt/www/6.7/src/Core/Content/ProductStream/ScheduledTask/UpdateProductStreamMappingTask.php
--- consumed 0 B, total 737 MB, took 0.01 s
/home/mt/www/6.7/src/Core/Content/ProductStream/ScheduledTask/UpdateProductStreamMappingTaskHandler.php
--- consumed 0 B, total 737 MB, took 0.02 s
/home/mt/www/6.7/src/Core/Content/Product/Stock/LoadProductStockSubscriber.php
--- consumed 0 B, total 737 MB, took 0.06 s
/home/mt/www/6.7/src/Core/Content/Product/Stock/StockStorage.php
--- consumed 0 B, total 737 MB, took 0.06 s
/home/mt/www/6.7/src/Core/Content/Product/Stock/StockDataCollection.php
--- consumed 0 B, total 737 MB, took 0.01 s
/home/mt/www/6.7/src/Core/Content/Product/Stock/StockAlteration.php
--- consumed 0 B, total 737 MB, took 0.00 s
/home/mt/www/6.7/src/Core/Content/Product/Stock/AvailableStockMirrorSubscriber.php
--- consumed 0 B, total 737 MB, took 0.02 s
/home/mt/www/6.7/src/Core/Content/Product/Stock/StockLoadRequest.php
--- consumed 0 B, total 737 MB, took 0.00 s
/home/mt/www/6.7/src/Core/Content/Product/Stock/StockData.php
--- consumed 0 B, total 737 MB, took 0.01 s
/home/mt/www/6.7/src/Core/Content/Product/Stock/OrderStockSubscriber.php
--- consumed 0 B, total 737 MB, took 0.15 s
/home/mt/www/6.7/src/Core/Content/Product/Stock/AbstractStockStorage.php
--- consumed 0 B, total 737 MB, took 0.00 s
/home/mt/www/6.7/src/Core/Content/Product/Api/ProductNumberFkResolver.php
--- consumed 0 B, total 737 MB, took 0.02 s
/home/mt/www/6.7/src/Core/Content/Product/Api/ProductActionController.php
--- consumed 0 B, total 737 MB, took 0.01 s
/home/mt/www/6.7/src/Core/Content/Product/ProductEvents.php
--- consumed 0 B, total 737 MB, took 0.01 s
/home/mt/www/6.7/src/Core/Content/Product/ProductDefinition.php
--- consumed 0 B, total 737 MB, took 0.36 s
/home/mt/www/6.7/src/Core/Content/Product/Extension/ResolveListingIdsExtension.php
--- consumed 2 MB, total 739 MB, took 0.01 s
/home/mt/www/6.7/src/Core/Content/Product/Extension/ProductListingCriteriaExtension.php
--- consumed 0 B, total 739 MB, took 0.01 s
/home/mt/www/6.7/src/Core/Content/Product/Extension/LoadPreviewExtension.php
--- consumed 0 B, total 739 MB, took 0.00 s
/home/mt/www/6.7/src/Core/Content/Product/Extension/ResolveListingExtension.php
--- consumed 0 B, total 739 MB, took 0.00 s
/home/mt/www/6.7/src/Core/Content/Product/Extension/ProductPriceCalculationExtension.php
--- consumed 0 B, total 739 MB, took 0.01 s
/home/mt/www/6.7/src/Core/Content/Product/IsNewDetector.php
--- consumed 0 B, total 739 MB, took 0.01 s
/home/mt/www/6.7/src/Core/Content/Product/ProductMaxPurchaseCalculator.php
--- consumed 0 B, total 739 MB, took 0.02 s
/home/mt/www/6.7/src/Core/Content/Product/SalesChannel/FindVariant/FindProductVariantRoute.php
--- consumed 0 B, total 739 MB, took 0.08 s
/home/mt/www/6.7/src/Core/Content/Product/SalesChannel/FindVariant/FindProductVariantRouteResponse.php
--- consumed 0 B, total 739 MB, took 0.01 s
/home/mt/www/6.7/src/Core/Content/Product/SalesChannel/FindVariant/AbstractFindProductVariantRoute.php
--- consumed 0 B, total 739 MB, took 0.00 s
/home/mt/www/6.7/src/Core/Content/Product/SalesChannel/FindVariant/FoundCombination.php
--- consumed 0 B, total 739 MB, took 0.00 s
/home/mt/www/6.7/src/Core/Content/Product/SalesChannel/Search/ProductSearchRouteResponse.php
--- consumed 0 B, total 739 MB, took 0.01 s
/home/mt/www/6.7/src/Core/Content/Product/SalesChannel/Search/ProductSearchRoute.php
--- consumed 0 B, total 739 MB, took 0.03 s
/home/mt/www/6.7/src/Core/Content/Product/SalesChannel/Search/AbstractProductSearchRoute.php
--- consumed 0 B, total 739 MB, took 0.00 s
/home/mt/www/6.7/src/Core/Content/Product/SalesChannel/Search/ResolvedCriteriaProductSearchRoute.php
--- consumed 0 B, total 739 MB, took 0.03 s
/home/mt/www/6.7/src/Core/Content/Product/SalesChannel/Detail/ProductDetailRoute.php
--- consumed 0 B, total 739 MB, took 0.22 s
/home/mt/www/6.7/src/Core/Content/Product/SalesChannel/Detail/Event/ResolveVariantIdEvent.php
--- consumed 0 B, total 739 MB, took 0.01 s
/home/mt/www/6.7/src/Core/Content/Product/SalesChannel/Detail/ProductDetailRouteResponse.php
--- consumed 0 B, total 739 MB, took 0.01 s
/home/mt/www/6.7/src/Core/Content/Product/SalesChannel/Detail/AvailableCombinationResult.php
--- consumed 0 B, total 739 MB, took 0.04 s
/home/mt/www/6.7/src/Core/Content/Product/SalesChannel/Detail/AbstractAvailableCombinationLoader.php
--- consumed 0 B, total 739 MB, took 0.00 s
/home/mt/www/6.7/src/Core/Content/Product/SalesChannel/Detail/AbstractProductDetailRoute.php
--- consumed 0 B, total 739 MB, took 0.00 s
/home/mt/www/6.7/src/Core/Content/Product/SalesChannel/Detail/ProductConfiguratorLoader.php
--- consumed 0 B, total 739 MB, took 0.33 s
/home/mt/www/6.7/src/Core/Content/Product/SalesChannel/Detail/AvailableCombinationLoader.php
--- consumed 0 B, total 739 MB, took 0.04 s
/home/mt/www/6.7/src/Core/Content/Product/SalesChannel/ProductListResponse.php
--- consumed 0 B, total 739 MB, took 0.01 s
/home/mt/www/6.7/src/Core/Content/Product/SalesChannel/ProductCloseoutFilter.php
--- consumed 0 B, total 739 MB, took 0.01 s
/home/mt/www/6.7/src/Core/Content/Product/SalesChannel/ProductAvailableFilter.php
--- consumed 0 B, total 739 MB, took 0.01 s
/home/mt/www/6.7/src/Core/Content/Product/SalesChannel/SalesChannelProductCollection.php
--- consumed 0 B, total 739 MB, took 0.01 s
/home/mt/www/6.7/src/Core/Content/Product/SalesChannel/Exception/ProductSortingNotFoundException.php
--- consumed 0 B, total 739 MB, took 0.01 s
/home/mt/www/6.7/src/Core/Content/Product/SalesChannel/SalesChannelProductEntity.php
--- consumed 0 B, total 739 MB, took 0.05 s
/home/mt/www/6.7/src/Core/Content/Product/SalesChannel/AbstractProductListRoute.php
--- consumed 0 B, total 739 MB, took 0.00 s
/home/mt/www/6.7/src/Core/Content/Product/SalesChannel/Suggest/ProductSuggestRoute.php
--- consumed 0 B, total 739 MB, took 0.01 s
/home/mt/www/6.7/src/Core/Content/Product/SalesChannel/Suggest/ProductSuggestRouteResponse.php
--- consumed 0 B, total 739 MB, took 0.00 s
/home/mt/www/6.7/src/Core/Content/Product/SalesChannel/Suggest/ResolvedCriteriaProductSuggestRoute.php
--- consumed 0 B, total 739 MB, took 0.03 s
/home/mt/www/6.7/src/Core/Content/Product/SalesChannel/Suggest/AbstractProductSuggestRoute.php
--- consumed 0 B, total 739 MB, took 0.00 s
/home/mt/www/6.7/src/Core/Content/Product/SalesChannel/Sorting/ProductSortingTranslationCollection.php
--- consumed 0 B, total 739 MB, took 0.01 s
/home/mt/www/6.7/src/Core/Content/Product/SalesChannel/Sorting/ProductSortingDefinition.php
--- consumed 0 B, total 739 MB, took 0.03 s
/home/mt/www/6.7/src/Core/Content/Product/SalesChannel/Sorting/ProductSortingTranslationEntity.php
--- consumed 0 B, total 739 MB, took 0.02 s
/home/mt/www/6.7/src/Core/Content/Product/SalesChannel/Sorting/ProductSortingEntity.php
--- consumed 0 B, total 739 MB, took 0.07 s
/home/mt/www/6.7/src/Core/Content/Product/SalesChannel/Sorting/ProductSortingTranslationDefinition.php
--- consumed 0 B, total 739 MB, took 0.01 s
/home/mt/www/6.7/src/Core/Content/Product/SalesChannel/Sorting/ProductSortingHydrator.php
--- consumed 0 B, total 739 MB, took 0.02 s
/home/mt/www/6.7/src/Core/Content/Product/SalesChannel/Sorting/ProductSortingExceptionHandler.php
--- consumed 0 B, total 739 MB, took 0.02 s
/home/mt/www/6.7/src/Core/Content/Product/SalesChannel/Sorting/ProductSortingCollection.php
--- consumed 0 B, total 739 MB, took 0.03 s
/home/mt/www/6.7/src/Core/Content/Product/SalesChannel/Listing/ProductListingRouteResponse.php
--- consumed 0 B, total 739 MB, took 0.00 s
/home/mt/www/6.7/src/Core/Content/Product/SalesChannel/Listing/ResolveCriteriaProductListingRoute.php
--- consumed 0 B, total 739 MB, took 0.02 s
/home/mt/www/6.7/src/Core/Content/Product/SalesChannel/Listing/Filter/ManufacturerListingFilterHandler.php
--- consumed 2 MB, total 741 MB, took 0.04 s
/home/mt/www/6.7/src/Core/Content/Product/SalesChannel/Listing/Filter/PropertyListingFilterHandler.php
--- consumed 0 B, total 741 MB, took 0.16 s
/home/mt/www/6.7/src/Core/Content/Product/SalesChannel/Listing/Filter/RatingListingFilterHandler.php
--- consumed 0 B, total 741 MB, took 0.02 s
/home/mt/www/6.7/src/Core/Content/Product/SalesChannel/Listing/Filter/AbstractListingFilterHandler.php
--- consumed 0 B, total 741 MB, took 0.00 s
/home/mt/www/6.7/src/Core/Content/Product/SalesChannel/Listing/Filter/PriceListingFilterHandler.php
--- consumed 0 B, total 741 MB, took 0.02 s
/home/mt/www/6.7/src/Core/Content/Product/SalesChannel/Listing/Filter/ShippingFreeListingFilterHandler.php
--- consumed 0 B, total 741 MB, took 0.01 s
/home/mt/www/6.7/src/Core/Content/Product/SalesChannel/Listing/AbstractProductListingRoute.php
--- consumed 0 B, total 741 MB, took 0.00 s
/home/mt/www/6.7/src/Core/Content/Product/SalesChannel/Listing/Filter.php
--- consumed 0 B, total 741 MB, took 0.01 s
/home/mt/www/6.7/src/Core/Content/Product/SalesChannel/Listing/ProductListingResult.php
--- consumed 0 B, total 741 MB, took 0.04 s
/home/mt/www/6.7/src/Core/Content/Product/SalesChannel/Listing/Processor/PagingListingProcessor.php
--- consumed 0 B, total 741 MB, took 0.07 s
/home/mt/www/6.7/src/Core/Content/Product/SalesChannel/Listing/Processor/BehaviorListingProcessor.php
--- consumed 0 B, total 741 MB, took 0.01 s
/home/mt/www/6.7/src/Core/Content/Product/SalesChannel/Listing/Processor/SortingListingProcessor.php
--- consumed 0 B, total 741 MB, took 0.10 s
/home/mt/www/6.7/src/Core/Content/Product/SalesChannel/Listing/Processor/AggregationListingProcessor.php
--- consumed 0 B, total 741 MB, took 0.09 s
/home/mt/www/6.7/src/Core/Content/Product/SalesChannel/Listing/Processor/AbstractListingProcessor.php
--- consumed 0 B, total 741 MB, took 0.00 s
/home/mt/www/6.7/src/Core/Content/Product/SalesChannel/Listing/Processor/AssociationLoadingListingProcessor.php
--- consumed 0 B, total 741 MB, took 0.01 s
/home/mt/www/6.7/src/Core/Content/Product/SalesChannel/Listing/Processor/CompositeListingProcessor.php
--- consumed 0 B, total 741 MB, took 0.01 s
/home/mt/www/6.7/src/Core/Content/Product/SalesChannel/Listing/FilterCollection.php
--- consumed 0 B, total 741 MB, took 0.02 s
/home/mt/www/6.7/src/Core/Content/Product/SalesChannel/Listing/ProductListingLoader.php
--- consumed 0 B, total 741 MB, took 0.52 s
/home/mt/www/6.7/src/Core/Content/Product/SalesChannel/Listing/ProductListingRoute.php
--- consumed 0 B, total 741 MB, took 0.06 s
/home/mt/www/6.7/src/Core/Content/Product/SalesChannel/CrossSelling/AbstractProductCrossSellingRoute.php
--- consumed 0 B, total 741 MB, took 0.00 s
/home/mt/www/6.7/src/Core/Content/Product/SalesChannel/CrossSelling/ProductCrossSellingRouteResponse.php
--- consumed 0 B, total 741 MB, took 0.01 s
/home/mt/www/6.7/src/Core/Content/Product/SalesChannel/CrossSelling/CrossSellingElement.php
--- consumed 0 B, total 741 MB, took 0.01 s
/home/mt/www/6.7/src/Core/Content/Product/SalesChannel/CrossSelling/CrossSellingElementCollection.php
--- consumed 0 B, total 741 MB, took 0.00 s
/home/mt/www/6.7/src/Core/Content/Product/SalesChannel/CrossSelling/ProductCrossSellingRoute.php
--- consumed 0 B, total 741 MB, took 0.13 s
/home/mt/www/6.7/src/Core/Content/Product/SalesChannel/AbstractProductCloseoutFilterFactory.php
--- consumed 0 B, total 741 MB, took 0.00 s
/home/mt/www/6.7/src/Core/Content/Product/SalesChannel/ProductCloseoutFilterFactory.php
--- consumed 0 B, total 741 MB, took 0.01 s
/home/mt/www/6.7/src/Core/Content/Product/SalesChannel/Review/AbstractProductReviewRoute.php
--- consumed 0 B, total 741 MB, took 0.00 s
/home/mt/www/6.7/src/Core/Content/Product/SalesChannel/Review/ProductReviewsWidgetLoadedHook.php
--- consumed 0 B, total 741 MB, took 0.02 s
/home/mt/www/6.7/src/Core/Content/Product/SalesChannel/Review/Event/ProductReviewsLoadedEvent.php
--- consumed 0 B, total 741 MB, took 0.01 s
/home/mt/www/6.7/src/Core/Content/Product/SalesChannel/Review/Event/ReviewFormEvent.php
--- consumed 0 B, total 741 MB, took 0.02 s
/home/mt/www/6.7/src/Core/Content/Product/SalesChannel/Review/AbstractProductReviewSaveRoute.php
--- consumed 0 B, total 741 MB, took 0.00 s
/home/mt/www/6.7/src/Core/Content/Product/SalesChannel/Review/AbstractProductReviewLoader.php
--- consumed 0 B, total 741 MB, took 0.01 s
/home/mt/www/6.7/src/Core/Content/Product/SalesChannel/Review/ProductReviewRouteResponse.php
--- consumed 0 B, total 741 MB, took 0.01 s
/home/mt/www/6.7/src/Core/Content/Product/SalesChannel/Review/ProductReviewLoader.php
--- consumed 0 B, total 741 MB, took 0.13 s
/home/mt/www/6.7/src/Core/Content/Product/SalesChannel/Review/ProductReviewRoute.php
--- consumed 0 B, total 741 MB, took 0.03 s
/home/mt/www/6.7/src/Core/Content/Product/SalesChannel/Review/ProductReviewSaveRoute.php
--- consumed 2 MB, total 743 MB, took 0.07 s
/home/mt/www/6.7/src/Core/Content/Product/SalesChannel/Review/MatrixElement.php
--- consumed 0 B, total 743 MB, took 0.01 s
/home/mt/www/6.7/src/Core/Content/Product/SalesChannel/Review/RatingMatrix.php
--- consumed 0 B, total 743 MB, took 0.06 s
/home/mt/www/6.7/src/Core/Content/Product/SalesChannel/Review/ProductReviewResult.php
--- consumed 0 B, total 743 MB, took 0.03 s
/home/mt/www/6.7/src/Core/Content/Product/SalesChannel/SalesChannelProductDefinition.php
--- consumed 0 B, total 743 MB, took 0.06 s
/home/mt/www/6.7/src/Core/Content/Product/SalesChannel/ProductListRoute.php
--- consumed 0 B, total 743 MB, took 0.01 s
/home/mt/www/6.7/src/Core/Content/Product/SalesChannel/Price/AbstractProductPriceCalculator.php
--- consumed 0 B, total 743 MB, took 0.00 s
/home/mt/www/6.7/src/Core/Content/Product/SalesChannel/Price/ReferencePriceDto.php
--- consumed 0 B, total 743 MB, took 0.02 s
/home/mt/www/6.7/src/Core/Content/Product/SalesChannel/Price/AppScriptProductPriceCalculator.php
--- consumed 0 B, total 743 MB, took 0.02 s
/home/mt/www/6.7/src/Core/Content/Product/SalesChannel/Price/ProductPriceCalculator.php
--- consumed 0 B, total 743 MB, took 0.39 s
/home/mt/www/6.7/src/Core/Content/Product/AbstractPropertyGroupSorter.php
--- consumed 0 B, total 743 MB, took 0.00 s
/home/mt/www/6.7/src/Core/Content/Product/ProductVariationBuilder.php
--- consumed 0 B, total 743 MB, took 0.04 s
/home/mt/www/6.7/src/Core/Content/Product/AbstractIsNewDetector.php
--- consumed 0 B, total 743 MB, took 0.00 s
/home/mt/www/6.7/src/Core/Content/Product/AbstractProductVariationBuilder.php
--- consumed 0 B, total 743 MB, took 0.00 s
/home/mt/www/6.7/src/Core/Content/Product/Subscriber/ProductSubscriber.php
--- consumed 0 B, total 743 MB, took 0.16 s
/home/mt/www/6.7/src/Core/Content/Product/Hook/Pricing/PriceCollectionFacade.php
--- consumed 0 B, total 743 MB, took 0.05 s
/home/mt/www/6.7/src/Core/Content/Product/Hook/Pricing/CheapestPriceFacade.php
--- consumed 2 MB, total 745 MB, took 0.05 s
/home/mt/www/6.7/src/Core/Content/Product/Hook/Pricing/ProductPricingHook.php
--- consumed 0 B, total 745 MB, took 0.01 s
/home/mt/www/6.7/src/Core/Content/Product/Hook/Pricing/ProductProxy.php
--- consumed 0 B, total 745 MB, took 0.04 s
/home/mt/www/6.7/src/Core/Content/Product/Exception/ProductLineItemInconsistentException.php
--- consumed 0 B, total 745 MB, took 0.01 s
/home/mt/www/6.7/src/Core/Content/Product/Exception/ProductNumberNotFoundException.php
--- consumed 0 B, total 745 MB, took 0.01 s
/home/mt/www/6.7/src/Core/Content/Product/Exception/ProductLineItemDifferentIdException.php
--- consumed 0 B, total 745 MB, took 0.01 s
/home/mt/www/6.7/src/Core/Content/Product/Exception/NoConfiguratorFoundException.php
--- consumed 0 B, total 745 MB, took 0.01 s
/home/mt/www/6.7/src/Core/Content/Product/Exception/LanguageOfProductReviewDeleteException.php
--- consumed 0 B, total 745 MB, took 0.01 s
/home/mt/www/6.7/src/Core/Content/Product/Exception/VariantNotFoundException.php
--- consumed 0 B, total 745 MB, took 0.01 s
/home/mt/www/6.7/src/Core/Content/Product/Exception/DuplicateProductSortingKeyException.php
--- consumed 0 B, total 745 MB, took 0.01 s
/home/mt/www/6.7/src/Core/Content/Product/Exception/DuplicateProductSearchConfigLanguageException.php
--- consumed 0 B, total 745 MB, took 0.01 s
/home/mt/www/6.7/src/Core/Content/Product/Exception/ProductNotFoundException.php
--- consumed 0 B, total 745 MB, took 0.01 s
/home/mt/www/6.7/src/Core/Content/Product/Exception/DuplicateProductSearchConfigFieldException.php
--- consumed 0 B, total 745 MB, took 0.01 s
/home/mt/www/6.7/src/Core/Content/Product/Exception/ReviewNotActiveExeption.php
--- consumed 0 B, total 745 MB, took 0.01 s
/home/mt/www/6.7/src/Core/Content/Product/Exception/DuplicateProductNumberException.php
--- consumed 0 B, total 745 MB, took 0.01 s
/home/mt/www/6.7/src/Core/Content/Product/ProductCollection.php
--- consumed 0 B, total 745 MB, took 0.01 s
/home/mt/www/6.7/src/Core/Content/Product/Cleanup/CleanupUnusedDownloadMediaTask.php
--- consumed 0 B, total 745 MB, took 0.01 s
/home/mt/www/6.7/src/Core/Content/Product/Cleanup/CleanupProductKeywordDictionaryTask.php
--- consumed 0 B, total 745 MB, took 0.00 s
/home/mt/www/6.7/src/Core/Content/Product/Cleanup/CleanupUnusedDownloadMediaTaskHandler.php
--- consumed 0 B, total 745 MB, took 0.01 s
/home/mt/www/6.7/src/Core/Content/Product/Cleanup/CleanupProductKeywordDictionaryTaskHandler.php
--- consumed 0 B, total 745 MB, took 0.02 s
/home/mt/www/6.7/src/Core/Content/Product/PropertyGroupSorter.php
--- consumed 0 B, total 745 MB, took 0.04 s
/home/mt/www/6.7/src/Core/Content/Product/Aggregate/ProductCrossSellingTranslation/ProductCrossSellingTranslationEntity.php
--- consumed 0 B, total 745 MB, took 0.01 s
/home/mt/www/6.7/src/Core/Content/Product/Aggregate/ProductCrossSellingTranslation/ProductCrossSellingTranslationCollection.php
--- consumed 0 B, total 745 MB, took 0.01 s
/home/mt/www/6.7/src/Core/Content/Product/Aggregate/ProductCrossSellingTranslation/ProductCrossSellingTranslationDefinition.php
--- consumed 0 B, total 745 MB, took 0.01 s
/home/mt/www/6.7/src/Core/Content/Product/Aggregate/ProductStreamMapping/ProductStreamMappingDefinition.php
--- consumed 0 B, total 745 MB, took 0.18 s
/home/mt/www/6.7/src/Core/Content/Product/Aggregate/ProductDownload/ProductDownloadEntity.php
--- consumed 0 B, total 745 MB, took 0.04 s
/home/mt/www/6.7/src/Core/Content/Product/Aggregate/ProductDownload/ProductDownloadCollection.php
--- consumed 0 B, total 745 MB, took 0.01 s
/home/mt/www/6.7/src/Core/Content/Product/Aggregate/ProductDownload/ProductDownloadDefinition.php
--- consumed 0 B, total 745 MB, took 0.02 s
/home/mt/www/6.7/src/Core/Content/Product/Aggregate/ProductSearchKeyword/ProductSearchKeywordDefinition.php
--- consumed 0 B, total 745 MB, took 0.02 s
/home/mt/www/6.7/src/Core/Content/Product/Aggregate/ProductSearchKeyword/ProductSearchKeywordHydrator.php
--- consumed 0 B, total 745 MB, took 0.03 s
/home/mt/www/6.7/src/Core/Content/Product/Aggregate/ProductSearchKeyword/ProductSearchKeywordEntity.php
--- consumed 0 B, total 745 MB, took 0.02 s
/home/mt/www/6.7/src/Core/Content/Product/Aggregate/ProductSearchKeyword/ProductSearchKeywordCollection.php
--- consumed 0 B, total 745 MB, took 0.01 s
/home/mt/www/6.7/src/Core/Content/Product/Aggregate/ProductReview/ProductReviewDefinition.php
--- consumed 0 B, total 745 MB, took 0.04 s
/home/mt/www/6.7/src/Core/Content/Product/Aggregate/ProductReview/ProductReviewCollection.php
--- consumed 0 B, total 745 MB, took 0.01 s
/home/mt/www/6.7/src/Core/Content/Product/Aggregate/ProductReview/ProductReviewEntity.php
--- consumed 0 B, total 745 MB, took 0.06 s
/home/mt/www/6.7/src/Core/Content/Product/Aggregate/ProductReview/ProductReviewHydrator.php
--- consumed 0 B, total 745 MB, took 0.05 s
/home/mt/www/6.7/src/Core/Content/Product/Aggregate/ProductCategory/ProductCategoryDefinition.php
--- consumed 0 B, total 745 MB, took 0.02 s
/home/mt/www/6.7/src/Core/Content/Product/Aggregate/ProductProperty/ProductPropertyDefinition.php
--- consumed 0 B, total 745 MB, took 0.01 s
/home/mt/www/6.7/src/Core/Content/Product/Aggregate/ProductFeatureSetTranslation/ProductFeatureSetTranslationCollection.php
--- consumed 0 B, total 745 MB, took 0.01 s
/home/mt/www/6.7/src/Core/Content/Product/Aggregate/ProductFeatureSetTranslation/ProductFeatureSetTranslationEntity.php
--- consumed 0 B, total 745 MB, took 0.01 s
/home/mt/www/6.7/src/Core/Content/Product/Aggregate/ProductFeatureSetTranslation/ProductFeatureSetTranslationDefinition.php
--- consumed 0 B, total 745 MB, took 0.01 s
/home/mt/www/6.7/src/Core/Content/Product/Aggregate/ProductCustomFieldSet/ProductCustomFieldSetDefinition.php
--- consumed 0 B, total 745 MB, took 0.01 s
/home/mt/www/6.7/src/Core/Content/Product/Aggregate/ProductConfiguratorSetting/ProductConfiguratorSettingEntity.php
--- consumed 0 B, total 745 MB, took 0.05 s
/home/mt/www/6.7/src/Core/Content/Product/Aggregate/ProductConfiguratorSetting/ProductConfiguratorSettingHydrator.php
--- consumed 0 B, total 745 MB, took 0.04 s
/home/mt/www/6.7/src/Core/Content/Product/Aggregate/ProductConfiguratorSetting/ProductConfiguratorSettingDefinition.php
--- consumed 0 B, total 745 MB, took 0.02 s
/home/mt/www/6.7/src/Core/Content/Product/Aggregate/ProductConfiguratorSetting/ProductConfiguratorSettingCollection.php
--- consumed 0 B, total 745 MB, took 0.06 s
/home/mt/www/6.7/src/Core/Content/Product/Aggregate/ProductConfiguratorSetting/ProductConfiguratorSettingExceptionHandler.php
--- consumed 0 B, total 745 MB, took 0.01 s
/home/mt/www/6.7/src/Core/Content/Product/Aggregate/ProductCategoryTree/ProductCategoryTreeDefinition.php
--- consumed 0 B, total 745 MB, took 0.01 s
/home/mt/www/6.7/src/Core/Content/Product/Aggregate/ProductCrossSellingAssignedProducts/ProductCrossSellingAssignedProductsDefinition.php
--- consumed 0 B, total 745 MB, took 0.02 s
/home/mt/www/6.7/src/Core/Content/Product/Aggregate/ProductCrossSellingAssignedProducts/ProductCrossSellingAssignedProductsEntity.php
--- consumed 0 B, total 745 MB, took 0.02 s
/home/mt/www/6.7/src/Core/Content/Product/Aggregate/ProductCrossSellingAssignedProducts/ProductCrossSellingAssignedProductsHydrator.php
--- consumed 0 B, total 745 MB, took 0.02 s
/home/mt/www/6.7/src/Core/Content/Product/Aggregate/ProductCrossSellingAssignedProducts/ProductCrossSellingAssignedProductsCollection.php
--- consumed 0 B, total 745 MB, took 0.01 s
/home/mt/www/6.7/src/Core/Content/Product/Aggregate/ProductManufacturerTranslation/ProductManufacturerTranslationDefinition.php
--- consumed 0 B, total 745 MB, took 0.01 s
/home/mt/www/6.7/src/Core/Content/Product/Aggregate/ProductManufacturerTranslation/ProductManufacturerTranslationCollection.php
--- consumed 0 B, total 745 MB, took 0.02 s
/home/mt/www/6.7/src/Core/Content/Product/Aggregate/ProductManufacturerTranslation/ProductManufacturerTranslationEntity.php
--- consumed 0 B, total 745 MB, took 0.04 s
/home/mt/www/6.7/src/Core/Content/Product/Aggregate/ProductManufacturer/ProductManufacturerDefinition.php
--- consumed 2 MB, total 747 MB, took 0.03 s
/home/mt/www/6.7/src/Core/Content/Product/Aggregate/ProductManufacturer/ProductManufacturerEntity.php
--- consumed 0 B, total 747 MB, took 0.05 s
/home/mt/www/6.7/src/Core/Content/Product/Aggregate/ProductManufacturer/ProductManufacturerHydrator.php
--- consumed 0 B, total 747 MB, took 0.02 s
/home/mt/www/6.7/src/Core/Content/Product/Aggregate/ProductManufacturer/ProductManufacturerCollection.php
--- consumed 0 B, total 747 MB, took 0.01 s
/home/mt/www/6.7/src/Core/Content/Product/Aggregate/ProductKeywordDictionary/ProductKeywordDictionaryHydrator.php
--- consumed 0 B, total 747 MB, took 0.02 s
/home/mt/www/6.7/src/Core/Content/Product/Aggregate/ProductKeywordDictionary/ProductKeywordDictionaryDefinition.php
--- consumed 0 B, total 747 MB, took 0.02 s
/home/mt/www/6.7/src/Core/Content/Product/Aggregate/ProductKeywordDictionary/ProductKeywordDictionaryCollection.php
--- consumed 0 B, total 747 MB, took 0.01 s
/home/mt/www/6.7/src/Core/Content/Product/Aggregate/ProductKeywordDictionary/ProductKeywordDictionaryEntity.php
--- consumed 0 B, total 747 MB, took 0.02 s
/home/mt/www/6.7/src/Core/Content/Product/Aggregate/ProductSearchConfig/ProductSearchConfigCollection.php
--- consumed 0 B, total 747 MB, took 0.01 s
/home/mt/www/6.7/src/Core/Content/Product/Aggregate/ProductSearchConfig/ProductSearchConfigEntity.php
--- consumed 0 B, total 747 MB, took 0.03 s
/home/mt/www/6.7/src/Core/Content/Product/Aggregate/ProductSearchConfig/ProductSearchConfigDefinition.php
--- consumed 0 B, total 747 MB, took 0.19 s
/home/mt/www/6.7/src/Core/Content/Product/Aggregate/ProductSearchConfig/ProductSearchConfigExceptionHandler.php
--- consumed 0 B, total 747 MB, took 0.01 s
/home/mt/www/6.7/src/Core/Content/Product/Aggregate/ProductSearchConfig/ProductSearchConfigHydrator.php
--- consumed 0 B, total 747 MB, took 0.03 s
/home/mt/www/6.7/src/Core/Content/Product/Aggregate/ProductPrice/ProductPriceDefinition.php
--- consumed 0 B, total 747 MB, took 0.03 s
/home/mt/www/6.7/src/Core/Content/Product/Aggregate/ProductPrice/ProductPriceHydrator.php
--- consumed 0 B, total 747 MB, took 0.03 s
/home/mt/www/6.7/src/Core/Content/Product/Aggregate/ProductPrice/ProductPriceEntity.php
--- consumed 0 B, total 747 MB, took 0.04 s
/home/mt/www/6.7/src/Core/Content/Product/Aggregate/ProductPrice/ProductPriceCollection.php
--- consumed 0 B, total 747 MB, took 0.03 s
/home/mt/www/6.7/src/Core/Content/Product/Aggregate/ProductCrossSelling/ProductCrossSellingCollection.php
--- consumed 0 B, total 747 MB, took 0.01 s
/home/mt/www/6.7/src/Core/Content/Product/Aggregate/ProductCrossSelling/ProductCrossSellingEntity.php
--- consumed 0 B, total 747 MB, took 0.04 s
/home/mt/www/6.7/src/Core/Content/Product/Aggregate/ProductCrossSelling/ProductCrossSellingDefinition.php
--- consumed 0 B, total 747 MB, took 0.04 s
/home/mt/www/6.7/src/Core/Content/Product/Aggregate/ProductCrossSelling/ProductCrossSellingHydrator.php
--- consumed 0 B, total 747 MB, took 0.03 s
/home/mt/www/6.7/src/Core/Content/Product/Aggregate/ProductSearchConfigField/ProductSearchConfigFieldEntity.php
--- consumed 0 B, total 747 MB, took 0.03 s
/home/mt/www/6.7/src/Core/Content/Product/Aggregate/ProductSearchConfigField/ProductSearchConfigFieldCollection.php
--- consumed 0 B, total 747 MB, took 0.01 s
/home/mt/www/6.7/src/Core/Content/Product/Aggregate/ProductSearchConfigField/ProductSearchConfigFieldExceptionHandler.php
--- consumed 2 MB, total 749 MB, took 0.02 s
/home/mt/www/6.7/src/Core/Content/Product/Aggregate/ProductSearchConfigField/ProductSearchConfigFieldDefinition.php
--- consumed 2 MB, total 751 MB, took 0.04 s
/home/mt/www/6.7/src/Core/Content/Product/Aggregate/ProductSearchConfigField/ProductSearchConfigFieldHydrator.php
--- consumed 0 B, total 751 MB, took 0.03 s
/home/mt/www/6.7/src/Core/Content/Product/Aggregate/ProductTranslation/ProductTranslationDefinition.php
--- consumed 0 B, total 751 MB, took 0.03 s
/home/mt/www/6.7/src/Core/Content/Product/Aggregate/ProductTranslation/ProductTranslationCollection.php
--- consumed 0 B, total 751 MB, took 0.02 s
/home/mt/www/6.7/src/Core/Content/Product/Aggregate/ProductTranslation/ProductTranslationEntity.php
--- consumed 0 B, total 751 MB, took 0.06 s
/home/mt/www/6.7/src/Core/Content/Product/Aggregate/ProductMedia/ProductMediaEntity.php
--- consumed 0 B, total 751 MB, took 0.04 s
/home/mt/www/6.7/src/Core/Content/Product/Aggregate/ProductMedia/ProductMediaCollection.php
--- consumed 0 B, total 751 MB, took 0.03 s
/home/mt/www/6.7/src/Core/Content/Product/Aggregate/ProductMedia/ProductMediaDefinition.php
--- consumed 0 B, total 751 MB, took 0.03 s
/home/mt/www/6.7/src/Core/Content/Product/Aggregate/ProductMedia/ProductMediaHydrator.php
--- consumed 0 B, total 751 MB, took 0.03 s
/home/mt/www/6.7/src/Core/Content/Product/Aggregate/ProductTag/ProductTagDefinition.php
--- consumed 0 B, total 751 MB, took 0.01 s
/home/mt/www/6.7/src/Core/Content/Product/Aggregate/ProductFeatureSet/ProductFeatureSetHydrator.php
--- consumed 0 B, total 751 MB, took 0.02 s
/home/mt/www/6.7/src/Core/Content/Product/Aggregate/ProductFeatureSet/ProductFeatureSetDefinition.php
--- consumed 0 B, total 751 MB, took 0.02 s
/home/mt/www/6.7/src/Core/Content/Product/Aggregate/ProductFeatureSet/ProductFeatureSetCollection.php
--- consumed 0 B, total 751 MB, took 0.00 s
/home/mt/www/6.7/src/Core/Content/Product/Aggregate/ProductFeatureSet/ProductFeatureSetEntity.php
--- consumed 0 B, total 751 MB, took 0.19 s
/home/mt/www/6.7/src/Core/Content/Product/Aggregate/ProductVisibility/ProductVisibilityDefinition.php
--- consumed 0 B, total 751 MB, took 0.02 s
/home/mt/www/6.7/src/Core/Content/Product/Aggregate/ProductVisibility/ProductVisibilityCollection.php
--- consumed 0 B, total 751 MB, took 0.02 s
/home/mt/www/6.7/src/Core/Content/Product/Aggregate/ProductVisibility/ProductVisibilityHydrator.php
--- consumed 0 B, total 751 MB, took 0.02 s
/home/mt/www/6.7/src/Core/Content/Product/Aggregate/ProductVisibility/ProductVisibilityEntity.php
--- consumed 0 B, total 751 MB, took 0.02 s
/home/mt/www/6.7/src/Core/Content/Product/Aggregate/ProductOption/ProductOptionDefinition.php
--- consumed 0 B, total 751 MB, took 0.01 s
/home/mt/www/6.7/src/Core/Content/Product/ProductEntity.php
--- consumed 4 MB, total 755 MB, took 0.32 s
/home/mt/www/6.7/src/Core/Content/Product/Util/VariantCombinationLoader.php
--- consumed 0 B, total 755 MB, took 0.02 s
/home/mt/www/6.7/src/Core/Content/Product/SearchKeyword/ProductSearchKeywordAnalyzerInterface.php
--- consumed 0 B, total 755 MB, took 0.01 s
/home/mt/www/6.7/src/Core/Content/Product/SearchKeyword/ProductSearchTermInterpreterInterface.php
--- consumed 0 B, total 755 MB, took 0.00 s
/home/mt/www/6.7/src/Core/Content/Product/SearchKeyword/KeywordLoader.php
--- consumed 0 B, total 755 MB, took 0.06 s
/home/mt/www/6.7/src/Core/Content/Product/SearchKeyword/ProductSearchBuilderInterface.php
--- consumed 0 B, total 755 MB, took 0.00 s
/home/mt/www/6.7/src/Core/Content/Product/SearchKeyword/AnalyzedKeyword.php
--- consumed 0 B, total 755 MB, took 0.01 s
/home/mt/www/6.7/src/Core/Content/Product/SearchKeyword/AnalyzedKeywordCollection.php
--- consumed 0 B, total 755 MB, took 0.03 s
/home/mt/www/6.7/src/Core/Content/Product/SearchKeyword/ProductSearchTermInterpreter.php
--- consumed 0 B, total 755 MB, took 0.36 s
/home/mt/www/6.7/src/Core/Content/Product/SearchKeyword/ProductSearchKeywordAnalyzer.php
--- consumed 0 B, total 755 MB, took 0.13 s
/home/mt/www/6.7/src/Core/Content/Product/SearchKeyword/ProductSearchBuilder.php
--- consumed 0 B, total 755 MB, took 0.03 s
/home/mt/www/6.7/src/Core/Content/Product/State.php
--- consumed 0 B, total 755 MB, took 0.00 s
/home/mt/www/6.7/src/Core/Content/Product/Cms/BuyBoxCmsElementResolver.php
--- consumed 0 B, total 755 MB, took 0.06 s
/home/mt/www/6.7/src/Core/Content/Product/Cms/ManufacturerLogoCmsElementResolver.php
--- consumed 0 B, total 755 MB, took 0.05 s
/home/mt/www/6.7/src/Core/Content/Product/Cms/ProductDescriptionReviewsCmsElementResolver.php
--- consumed 0 B, total 755 MB, took 0.20 s
/home/mt/www/6.7/src/Core/Content/Product/Cms/AbstractProductDetailCmsElementResolver.php
--- consumed 0 B, total 755 MB, took 0.03 s
/home/mt/www/6.7/src/Core/Content/Product/Cms/ProductNameCmsElementResolver.php
--- consumed 0 B, total 755 MB, took 0.02 s
/home/mt/www/6.7/src/Core/Content/Product/Cms/CrossSellingCmsElementResolver.php
--- consumed 0 B, total 755 MB, took 0.02 s
/home/mt/www/6.7/src/Core/Content/Product/Cms/ProductListingCmsElementResolver.php
--- consumed 2 MB, total 757 MB, took 0.12 s
/home/mt/www/6.7/src/Core/Content/Product/Cms/ProductSliderCmsElementResolver.php
--- consumed 0 B, total 757 MB, took 0.03 s
/home/mt/www/6.7/src/Core/Content/Product/Cms/ProductBoxCmsElementResolver.php
--- consumed 0 B, total 757 MB, took 0.05 s
/home/mt/www/6.7/src/Core/Content/Product/Cms/ProductSlider/AbstractProductSliderProcessor.php
--- consumed 0 B, total 757 MB, took 0.01 s
/home/mt/www/6.7/src/Core/Content/Product/Cms/ProductSlider/StaticProductProcessor.php
--- consumed 0 B, total 757 MB, took 0.03 s
/home/mt/www/6.7/src/Core/Content/Product/Cms/ProductSlider/ProductStreamProcessor.php
--- consumed 0 B, total 757 MB, took 0.13 s
/home/mt/www/6.7/src/Core/Content/Product/Events/ProductSearchRouteCacheTagsEvent.php
--- consumed 0 B, total 757 MB, took 0.01 s
/home/mt/www/6.7/src/Core/Content/Product/Events/ProductCrossSellingIdsCriteriaEvent.php
--- consumed 0 B, total 757 MB, took 0.00 s
/home/mt/www/6.7/src/Core/Content/Product/Events/ProductNoLongerAvailableEvent.php
--- consumed 0 B, total 757 MB, took 0.01 s
/home/mt/www/6.7/src/Core/Content/Product/Events/ProductCrossSellingCriteriaEvent.php
--- consumed 0 B, total 757 MB, took 0.01 s
/home/mt/www/6.7/src/Core/Content/Product/Events/ProductListingResolvePreviewEvent.php
--- consumed 0 B, total 757 MB, took 0.01 s
/home/mt/www/6.7/src/Core/Content/Product/Events/ProductSuggestRouteCacheKeyEvent.php
--- consumed 0 B, total 757 MB, took 0.00 s
/home/mt/www/6.7/src/Core/Content/Product/Events/ProductSearchResultEvent.php
--- consumed 0 B, total 757 MB, took 0.00 s
/home/mt/www/6.7/src/Core/Content/Product/Events/ProductSearchRouteCacheKeyEvent.php
--- consumed 0 B, total 757 MB, took 0.00 s
/home/mt/www/6.7/src/Core/Content/Product/Events/CrossSellingRouteCacheKeyEvent.php
--- consumed 0 B, total 757 MB, took 0.01 s
/home/mt/www/6.7/src/Core/Content/Product/Events/ProductCrossSellingCriteriaLoadEvent.php
--- consumed 0 B, total 757 MB, took 0.01 s
/home/mt/www/6.7/src/Core/Content/Product/Events/ProductListingRouteCacheTagsEvent.php
--- consumed 0 B, total 757 MB, took 0.01 s
/home/mt/www/6.7/src/Core/Content/Product/Events/ProductCrossSellingStreamCriteriaEvent.php
--- consumed 0 B, total 757 MB, took 0.00 s
/home/mt/www/6.7/src/Core/Content/Product/Events/ProductListingPreviewCriteriaEvent.php
--- consumed 0 B, total 757 MB, took 0.01 s
/home/mt/www/6.7/src/Core/Content/Product/Events/InvalidateProductCache.php
--- consumed 0 B, total 757 MB, took 0.01 s
/home/mt/www/6.7/src/Core/Content/Product/Events/ProductSuggestRouteCacheTagsEvent.php
--- consumed 0 B, total 757 MB, took 0.00 s
/home/mt/www/6.7/src/Core/Content/Product/Events/ProductGatewayCriteriaEvent.php
--- consumed 0 B, total 757 MB, took 0.01 s
/home/mt/www/6.7/src/Core/Content/Product/Events/ProductDetailRouteCacheTagsEvent.php
--- consumed 0 B, total 757 MB, took 0.00 s
/home/mt/www/6.7/src/Core/Content/Product/Events/ProductDetailRouteCacheKeyEvent.php
--- consumed 0 B, total 757 MB, took 0.00 s
/home/mt/www/6.7/src/Core/Content/Product/Events/ProductStatesBeforeChangeEvent.php
--- consumed 0 B, total 757 MB, took 0.01 s
/home/mt/www/6.7/src/Core/Content/Product/Events/ProductListingRouteCacheKeyEvent.php
--- consumed 0 B, total 757 MB, took 0.01 s
/home/mt/www/6.7/src/Core/Content/Product/Events/ProductListingCriteriaEvent.php
--- consumed 0 B, total 757 MB, took 0.01 s
/home/mt/www/6.7/src/Core/Content/Product/Events/CrossSellingRouteCacheTagsEvent.php
--- consumed 0 B, total 757 MB, took 0.01 s
/home/mt/www/6.7/src/Core/Content/Product/Events/ProductSearchCriteriaEvent.php
--- consumed 0 B, total 757 MB, took 0.00 s
/home/mt/www/6.7/src/Core/Content/Product/Events/ProductListingCollectFilterEvent.php
--- consumed 0 B, total 757 MB, took 0.01 s
/home/mt/www/6.7/src/Core/Content/Product/Events/ProductCrossSellingsLoadedEvent.php
--- consumed 0 B, total 757 MB, took 0.01 s
/home/mt/www/6.7/src/Core/Content/Product/Events/ProductListingResultEvent.php
--- consumed 0 B, total 757 MB, took 0.01 s
/home/mt/www/6.7/src/Core/Content/Product/Events/ProductSuggestCriteriaEvent.php
--- consumed 0 B, total 757 MB, took 0.00 s
/home/mt/www/6.7/src/Core/Content/Product/Events/ProductIndexerEvent.php
--- consumed 0 B, total 757 MB, took 0.01 s
/home/mt/www/6.7/src/Core/Content/Product/Events/ProductStatesChangedEvent.php
--- consumed 0 B, total 757 MB, took 0.01 s
/home/mt/www/6.7/src/Core/Content/Product/Events/ProductChangedEventInterface.php
--- consumed 0 B, total 757 MB, took 0.00 s
/home/mt/www/6.7/src/Core/Content/Product/Events/ProductStockAlteredEvent.php
--- consumed 0 B, total 757 MB, took 0.01 s
/home/mt/www/6.7/src/Core/Content/Product/Events/ProductSuggestResultEvent.php
--- consumed 0 B, total 757 MB, took 0.00 s
/home/mt/www/6.7/src/Core/Content/Product/DataAbstractionLayer/VariantListingUpdater.php
--- consumed 0 B, total 757 MB, took 0.18 s
/home/mt/www/6.7/src/Core/Content/Product/DataAbstractionLayer/VariantListingConfig.php
--- consumed 0 B, total 757 MB, took 0.01 s
/home/mt/www/6.7/src/Core/Content/Product/DataAbstractionLayer/AbstractProductStreamUpdater.php
--- consumed 0 B, total 757 MB, took 0.00 s
/home/mt/www/6.7/src/Core/Content/Product/DataAbstractionLayer/ProductExceptionHandler.php
--- consumed 0 B, total 757 MB, took 0.02 s
/home/mt/www/6.7/src/Core/Content/Product/DataAbstractionLayer/ProductIndexingMessage.php
--- consumed 0 B, total 757 MB, took 0.00 s
/home/mt/www/6.7/src/Core/Content/Product/DataAbstractionLayer/StatesUpdater.php
--- consumed 0 B, total 757 MB, took 0.05 s
/home/mt/www/6.7/src/Core/Content/Product/DataAbstractionLayer/CheapestPriceUpdater.php
--- consumed 0 B, total 757 MB, took 0.19 s
/home/mt/www/6.7/src/Core/Content/Product/DataAbstractionLayer/AbstractCheapestPriceQuantitySelector.php
--- consumed 0 B, total 757 MB, took 0.00 s
/home/mt/www/6.7/src/Core/Content/Product/DataAbstractionLayer/ProductIndexer.php
--- consumed 2 MB, total 759 MB, took 0.18 s
/home/mt/www/6.7/src/Core/Content/Product/DataAbstractionLayer/RatingAverageUpdater.php
--- consumed 0 B, total 759 MB, took 0.02 s
/home/mt/www/6.7/src/Core/Content/Product/DataAbstractionLayer/SearchKeywordUpdater.php
--- consumed 0 B, total 759 MB, took 0.59 s
/home/mt/www/6.7/src/Core/Content/Product/DataAbstractionLayer/ProductStreamMappingIndexingMessage.php
--- consumed 0 B, total 759 MB, took 0.00 s
/home/mt/www/6.7/src/Core/Content/Product/DataAbstractionLayer/StockUpdate/AbstractStockUpdateFilter.php
--- consumed 0 B, total 759 MB, took 0.00 s
/home/mt/www/6.7/src/Core/Content/Product/DataAbstractionLayer/StockUpdate/StockUpdateFilterProvider.php
--- consumed 0 B, total 759 MB, took 0.01 s
/home/mt/www/6.7/src/Core/Content/Product/DataAbstractionLayer/CheapestPriceQuantitySelector.php
--- consumed 0 B, total 759 MB, took 0.01 s
/home/mt/www/6.7/src/Core/Content/Product/DataAbstractionLayer/ProductStreamUpdater.php
--- consumed 2 MB, total 761 MB, took 0.17 s
/home/mt/www/6.7/src/Core/Content/Product/DataAbstractionLayer/UpdatedStates.php
--- consumed 0 B, total 761 MB, took 0.01 s
/home/mt/www/6.7/src/Core/Content/Product/DataAbstractionLayer/ProductCategoryDenormalizer.php
--- consumed 0 B, total 761 MB, took 0.09 s
/home/mt/www/6.7/src/Core/Content/Product/DataAbstractionLayer/CheapestPrice/CheapestPriceContainer.php
--- consumed 0 B, total 761 MB, took 0.14 s
/home/mt/www/6.7/src/Core/Content/Product/DataAbstractionLayer/CheapestPrice/CheapestPrice.php
--- consumed 0 B, total 761 MB, took 0.02 s
/home/mt/www/6.7/src/Core/Content/Product/DataAbstractionLayer/CheapestPrice/CalculatedCheapestPrice.php
--- consumed 0 B, total 761 MB, took 0.01 s
/home/mt/www/6.7/src/Core/Content/Product/DataAbstractionLayer/CheapestPrice/CheapestPriceAccessorBuilder.php
--- consumed 0 B, total 761 MB, took 0.09 s
/home/mt/www/6.7/src/Core/Content/Product/DataAbstractionLayer/CheapestPrice/CheapestPriceField.php
--- consumed 0 B, total 761 MB, took 0.01 s
/home/mt/www/6.7/src/Core/Content/Product/ProductHydrator.php
--- consumed 2 MB, total 763 MB, took 0.21 s
/home/mt/www/6.7/src/Core/Content/Product/AbstractProductMaxPurchaseCalculator.php
--- consumed 0 B, total 763 MB, took 0.00 s
/home/mt/www/6.7/src/Core/Content/Product/ProductException.php
--- consumed 0 B, total 763 MB, took 0.04 s
/home/mt/www/6.7/src/Core/Content/Product/Cart/ProductOutOfStockError.php
--- consumed 0 B, total 763 MB, took 0.02 s
/home/mt/www/6.7/src/Core/Content/Product/Cart/ProductNotFoundError.php
--- consumed 0 B, total 763 MB, took 0.01 s
/home/mt/www/6.7/src/Core/Content/Product/Cart/ProductCartProcessor.php
--- consumed 4 MB, total 767 MB, took 0.50 s
/home/mt/www/6.7/src/Core/Content/Product/Cart/ProductGateway.php
--- consumed 0 B, total 767 MB, took 0.02 s
/home/mt/www/6.7/src/Core/Content/Product/Cart/PurchaseStepsError.php
--- consumed 0 B, total 767 MB, took 0.01 s
/home/mt/www/6.7/src/Core/Content/Product/Cart/MinOrderQuantityError.php
--- consumed 0 B, total 767 MB, took 0.01 s
/home/mt/www/6.7/src/Core/Content/Product/Cart/ProductFeatureBuilder.php
--- consumed 2 MB, total 769 MB, took 0.39 s
/home/mt/www/6.7/src/Core/Content/Product/Cart/ProductStockReachedError.php
--- consumed 0 B, total 769 MB, took 0.01 s
/home/mt/www/6.7/src/Core/Content/Product/Cart/ProductLineItemCommandValidator.php
--- consumed 0 B, total 769 MB, took 0.08 s
/home/mt/www/6.7/src/Core/Content/Product/Cart/ProductGatewayInterface.php
--- consumed 0 B, total 769 MB, took 0.00 s
/home/mt/www/6.7/src/Core/Content/Product/Cart/ProductLineItemValidator.php
--- consumed 0 B, total 769 MB, took 0.04 s
/home/mt/www/6.7/src/Core/Content/Cms/CmsPageEvents.php
--- consumed 0 B, total 769 MB, took 0.00 s
/home/mt/www/6.7/src/Core/Content/Cms/Extension/CmsSlotsDataCollectExtension.php
--- consumed 0 B, total 769 MB, took 0.01 s
/home/mt/www/6.7/src/Core/Content/Cms/Extension/CmsSlotsDataResolveExtension.php
--- consumed 0 B, total 769 MB, took 0.01 s
/home/mt/www/6.7/src/Core/Content/Cms/Extension/CmsSlotsDataEnrichExtension.php
--- consumed 0 B, total 769 MB, took 0.01 s
/home/mt/www/6.7/src/Core/Content/Cms/CmsPageDefinition.php
--- consumed 0 B, total 769 MB, took 0.04 s
/home/mt/www/6.7/src/Core/Content/Cms/SalesChannel/SalesChannelCmsPageLoaderInterface.php
--- consumed 0 B, total 769 MB, took 0.01 s
/home/mt/www/6.7/src/Core/Content/Cms/SalesChannel/SalesChannelCmsPageLoader.php
--- consumed 2 MB, total 771 MB, took 0.28 s
/home/mt/www/6.7/src/Core/Content/Cms/SalesChannel/Struct/HtmlStruct.php
--- consumed 0 B, total 771 MB, took 0.01 s
/home/mt/www/6.7/src/Core/Content/Cms/SalesChannel/Struct/CrossSellingStruct.php
--- consumed 0 B, total 771 MB, took 0.00 s
/home/mt/www/6.7/src/Core/Content/Cms/SalesChannel/Struct/TextStruct.php
--- consumed 0 B, total 771 MB, took 0.00 s
/home/mt/www/6.7/src/Core/Content/Cms/SalesChannel/Struct/BuyBoxStruct.php
--- consumed 0 B, total 771 MB, took 0.01 s
/home/mt/www/6.7/src/Core/Content/Cms/SalesChannel/Struct/ImageStruct.php
--- consumed 0 B, total 771 MB, took 0.01 s
/home/mt/www/6.7/src/Core/Content/Cms/SalesChannel/Struct/ProductSliderStruct.php
--- consumed 0 B, total 771 MB, took 0.01 s
/home/mt/www/6.7/src/Core/Content/Cms/SalesChannel/Struct/ProductListingStruct.php
--- consumed 0 B, total 771 MB, took 0.01 s
/home/mt/www/6.7/src/Core/Content/Cms/SalesChannel/Struct/ManufacturerLogoStruct.php
--- consumed 0 B, total 771 MB, took 0.01 s
/home/mt/www/6.7/src/Core/Content/Cms/SalesChannel/Struct/ImageSliderItemStruct.php
--- consumed 0 B, total 771 MB, took 0.01 s
/home/mt/www/6.7/src/Core/Content/Cms/SalesChannel/Struct/ImageSliderStruct.php
--- consumed 0 B, total 771 MB, took 0.02 s
/home/mt/www/6.7/src/Core/Content/Cms/SalesChannel/Struct/ProductDescriptionReviewsStruct.php
--- consumed 0 B, total 771 MB, took 0.01 s
/home/mt/www/6.7/src/Core/Content/Cms/SalesChannel/Struct/ProductBoxStruct.php
--- consumed 0 B, total 771 MB, took 0.01 s
/home/mt/www/6.7/src/Core/Content/Cms/SalesChannel/AbstractCmsRoute.php
--- consumed 0 B, total 771 MB, took 0.00 s
/home/mt/www/6.7/src/Core/Content/Cms/SalesChannel/CmsRouteResponse.php
--- consumed 0 B, total 771 MB, took 0.01 s
/home/mt/www/6.7/src/Core/Content/Cms/SalesChannel/CmsRoute.php
--- consumed 0 B, total 771 MB, took 0.03 s
/home/mt/www/6.7/src/Core/Content/Cms/CmsPageCollection.php
--- consumed 0 B, total 771 MB, took 0.01 s
/home/mt/www/6.7/src/Core/Content/Cms/Subscriber/UnusedMediaSubscriber.php
--- consumed 0 B, total 771 MB, took 0.05 s
/home/mt/www/6.7/src/Core/Content/Cms/Subscriber/CmsVersionMergeSubscriber.php
--- consumed 0 B, total 771 MB, took 0.10 s
/home/mt/www/6.7/src/Core/Content/Cms/Subscriber/CmsPageDefaultChangeSubscriber.php
--- consumed 0 B, total 771 MB, took 0.07 s
/home/mt/www/6.7/src/Core/Content/Cms/Exception/PageNotFoundException.php
--- consumed 0 B, total 771 MB, took 0.01 s
/home/mt/www/6.7/src/Core/Content/Cms/Exception/UnexpectedFieldConfigValueType.php
--- consumed 0 B, total 771 MB, took 0.01 s
/home/mt/www/6.7/src/Core/Content/Cms/Exception/DuplicateCriteriaKeyException.php
--- consumed 0 B, total 771 MB, took 0.01 s
/home/mt/www/6.7/src/Core/Content/Cms/CmsException.php
--- consumed 0 B, total 771 MB, took 0.02 s
/home/mt/www/6.7/src/Core/Content/Cms/CmsPageEntity.php
--- consumed 2 MB, total 773 MB, took 0.11 s
/home/mt/www/6.7/src/Core/Content/Cms/Command/CreatePageCommand.php
--- consumed 0 B, total 773 MB, took 0.08 s
/home/mt/www/6.7/src/Core/Content/Cms/Aggregate/CmsPageTranslation/CmsPageTranslationEntity.php
--- consumed 0 B, total 773 MB, took 0.03 s
/home/mt/www/6.7/src/Core/Content/Cms/Aggregate/CmsPageTranslation/CmsPageTranslationDefinition.php
--- consumed 0 B, total 773 MB, took 0.01 s
/home/mt/www/6.7/src/Core/Content/Cms/Aggregate/CmsSection/CmsSectionEntity.php
--- consumed 0 B, total 773 MB, took 0.07 s
/home/mt/www/6.7/src/Core/Content/Cms/Aggregate/CmsSection/CmsSectionCollection.php
--- consumed 0 B, total 773 MB, took 0.02 s
/home/mt/www/6.7/src/Core/Content/Cms/Aggregate/CmsSection/CmsSectionDefinition.php
--- consumed 0 B, total 773 MB, took 0.04 s
/home/mt/www/6.7/src/Core/Content/Cms/Aggregate/CmsBlock/CmsBlockEntity.php
--- consumed 0 B, total 773 MB, took 0.07 s
/home/mt/www/6.7/src/Core/Content/Cms/Aggregate/CmsBlock/CmsBlockCollection.php
--- consumed 2 MB, total 775 MB, took 0.05 s
/home/mt/www/6.7/src/Core/Content/Cms/Aggregate/CmsBlock/CmsBlockDefinition.php
--- consumed 0 B, total 775 MB, took 0.04 s
/home/mt/www/6.7/src/Core/Content/Cms/Aggregate/CmsSlot/CmsSlotCollection.php
--- consumed 0 B, total 775 MB, took 0.04 s
/home/mt/www/6.7/src/Core/Content/Cms/Aggregate/CmsSlot/CmsSlotDefinition.php
--- consumed 0 B, total 775 MB, took 0.03 s
/home/mt/www/6.7/src/Core/Content/Cms/Aggregate/CmsSlot/CmsSlotEntity.php
--- consumed 0 B, total 775 MB, took 0.07 s
/home/mt/www/6.7/src/Core/Content/Cms/Aggregate/CmsSlotTranslation/CmsSlotTranslationDefinition.php
--- consumed 0 B, total 775 MB, took 0.01 s
/home/mt/www/6.7/src/Core/Content/Cms/Aggregate/CmsSlotTranslation/CmsSlotTranslationEntity.php
--- consumed 0 B, total 775 MB, took 0.03 s
/home/mt/www/6.7/src/Core/Content/Cms/Events/CmsPageLoaderCriteriaEvent.php
--- consumed 0 B, total 775 MB, took 0.01 s
/home/mt/www/6.7/src/Core/Content/Cms/Events/CmsPageLoadedEvent.php
--- consumed 0 B, total 775 MB, took 0.01 s
/home/mt/www/6.7/src/Core/Content/Cms/DataAbstractionLayer/FieldSerializer/SlotConfigFieldSerializer.php
--- consumed 0 B, total 775 MB, took 0.19 s
/home/mt/www/6.7/src/Core/Content/Cms/DataAbstractionLayer/Field/SlotConfigField.php
--- consumed 0 B, total 775 MB, took 0.01 s
/home/mt/www/6.7/src/Core/Content/Cms/DataResolver/Element/TextCmsElementResolver.php
--- consumed 0 B, total 775 MB, took 0.02 s
/home/mt/www/6.7/src/Core/Content/Cms/DataResolver/Element/FormCmsElementResolver.php
--- consumed 0 B, total 775 MB, took 0.02 s
/home/mt/www/6.7/src/Core/Content/Cms/DataResolver/Element/CmsElementResolverInterface.php
--- consumed 0 B, total 775 MB, took 0.00 s
/home/mt/www/6.7/src/Core/Content/Cms/DataResolver/Element/ElementDataCollection.php
--- consumed 0 B, total 775 MB, took 0.02 s
/home/mt/www/6.7/src/Core/Content/Cms/DataResolver/Element/HtmlCmsElementResolver.php
--- consumed 0 B, total 775 MB, took 0.02 s
/home/mt/www/6.7/src/Core/Content/Cms/DataResolver/Element/AbstractCmsElementResolver.php
--- consumed 2 MB, total 777 MB, took 0.13 s
/home/mt/www/6.7/src/Core/Content/Cms/DataResolver/FieldConfigCollection.php
--- consumed 0 B, total 777 MB, took 0.01 s
/home/mt/www/6.7/src/Core/Content/Cms/DataResolver/CmsSlotsDataResolver.php
--- consumed 2 MB, total 779 MB, took 0.34 s
/home/mt/www/6.7/src/Core/Content/Cms/DataResolver/CriteriaCollection.php
--- consumed 0 B, total 779 MB, took 0.01 s
/home/mt/www/6.7/src/Core/Content/Cms/DataResolver/FieldConfig.php
--- consumed 0 B, total 779 MB, took 0.03 s
/home/mt/www/6.7/src/Core/Content/Cms/DataResolver/ResolverContext/ResolverContext.php
--- consumed 0 B, total 779 MB, took 0.00 s
/home/mt/www/6.7/src/Core/Content/Cms/DataResolver/ResolverContext/EntityResolverContext.php
--- consumed 0 B, total 779 MB, took 0.00 s
/home/mt/www/6.7/src/Core/Content/Cookie/Event/CookieGroupCollectEvent.php
--- consumed 0 B, total 779 MB, took 0.01 s
/home/mt/www/6.7/src/Core/Content/Cookie/SalesChannel/CookieRouteResponse.php
--- consumed 0 B, total 779 MB, took 0.01 s
/home/mt/www/6.7/src/Core/Content/Cookie/SalesChannel/AbstractCookieRoute.php
--- consumed 0 B, total 779 MB, took 0.00 s
/home/mt/www/6.7/src/Core/Content/Cookie/SalesChannel/CookieRoute.php
--- consumed 0 B, total 779 MB, took 0.18 s
/home/mt/www/6.7/src/Core/Content/Cookie/Service/CookieProvider.php
--- consumed 2 MB, total 781 MB, took 0.17 s
/home/mt/www/6.7/src/Core/Content/Cookie/CookieException.php
--- consumed 0 B, total 781 MB, took 0.02 s
/home/mt/www/6.7/src/Core/Content/Cookie/Struct/CookieEntry.php
--- consumed 0 B, total 781 MB, took 0.00 s
/home/mt/www/6.7/src/Core/Content/Cookie/Struct/CookieGroupCollection.php
--- consumed 0 B, total 781 MB, took 0.01 s
/home/mt/www/6.7/src/Core/Content/Cookie/Struct/CookieEntryCollection.php
--- consumed 0 B, total 781 MB, took 0.01 s
/home/mt/www/6.7/src/Core/Content/Cookie/Struct/CookieGroup.php
--- consumed 0 B, total 781 MB, took 0.01 s
/home/mt/www/6.7/src/Core/Content/ProductExport/Api/ProductExportController.php
--- consumed 0 B, total 781 MB, took 0.12 s
/home/mt/www/6.7/src/Core/Content/ProductExport/Event/ProductExportContentTypeEvent.php
--- consumed 0 B, total 781 MB, took 0.01 s
/home/mt/www/6.7/src/Core/Content/ProductExport/Event/ProductExportChangeEncodingEvent.php
--- consumed 0 B, total 781 MB, took 0.01 s
/home/mt/www/6.7/src/Core/Content/ProductExport/Event/ProductExportLoggingEvent.php
--- consumed 0 B, total 781 MB, took 0.03 s
/home/mt/www/6.7/src/Core/Content/ProductExport/Event/ProductExportRenderHeaderContextEvent.php
--- consumed 0 B, total 781 MB, took 0.01 s
/home/mt/www/6.7/src/Core/Content/ProductExport/Event/ProductExportRenderBodyContextEvent.php
--- consumed 0 B, total 781 MB, took 0.01 s
/home/mt/www/6.7/src/Core/Content/ProductExport/Event/ProductExportRenderFooterContextEvent.php
--- consumed 0 B, total 781 MB, took 0.01 s
/home/mt/www/6.7/src/Core/Content/ProductExport/Event/ProductExportProductCriteriaEvent.php
--- consumed 0 B, total 781 MB, took 0.01 s
/home/mt/www/6.7/src/Core/Content/ProductExport/SalesChannel/ExportController.php
--- consumed 2 MB, total 783 MB, took 0.44 s
/home/mt/www/6.7/src/Core/Content/ProductExport/ProductExportEntity.php
--- consumed 0 B, total 783 MB, took 0.05 s
/home/mt/www/6.7/src/Core/Content/ProductExport/ProductExportCollection.php
--- consumed 0 B, total 783 MB, took 0.01 s
/home/mt/www/6.7/src/Core/Content/ProductExport/Validator/XmlValidator.php
--- consumed 0 B, total 783 MB, took 0.05 s
/home/mt/www/6.7/src/Core/Content/ProductExport/Validator/ValidatorInterface.php
--- consumed 0 B, total 783 MB, took 0.00 s
/home/mt/www/6.7/src/Core/Content/ProductExport/Service/ProductExportValidator.php
--- consumed 0 B, total 783 MB, took 0.01 s
/home/mt/www/6.7/src/Core/Content/ProductExport/Service/ProductExportGenerator.php
--- consumed 0 B, total 783 MB, took 0.12 s
/home/mt/www/6.7/src/Core/Content/ProductExport/Service/ProductExportFileHandlerInterface.php
--- consumed 0 B, total 783 MB, took 0.00 s
/home/mt/www/6.7/src/Core/Content/ProductExport/Service/ProductExporter.php
--- consumed 0 B, total 783 MB, took 0.06 s
/home/mt/www/6.7/src/Core/Content/ProductExport/Service/ProductExportValidatorInterface.php
--- consumed 0 B, total 783 MB, took 0.00 s
/home/mt/www/6.7/src/Core/Content/ProductExport/Service/ProductExportFileHandler.php
--- consumed 0 B, total 783 MB, took 0.03 s
/home/mt/www/6.7/src/Core/Content/ProductExport/Service/ProductExportGeneratorInterface.php
--- consumed 0 B, total 783 MB, took 0.00 s
/home/mt/www/6.7/src/Core/Content/ProductExport/Service/ProductExporterInterface.php
--- consumed 0 B, total 783 MB, took 0.00 s
/home/mt/www/6.7/src/Core/Content/ProductExport/Service/ProductExportRendererInterface.php
--- consumed 0 B, total 783 MB, took 0.00 s
/home/mt/www/6.7/src/Core/Content/ProductExport/Service/ProductExportRenderer.php
--- consumed 0 B, total 783 MB, took 0.04 s
/home/mt/www/6.7/src/Core/Content/ProductExport/Exception/ExportInvalidException.php
--- consumed 0 B, total 783 MB, took 0.02 s
/home/mt/www/6.7/src/Core/Content/ProductExport/Exception/DuplicateFileNameException.php
--- consumed 0 B, total 783 MB, took 0.01 s
/home/mt/www/6.7/src/Core/Content/ProductExport/Exception/SalesChannelDomainNotFoundException.php
--- consumed 0 B, total 783 MB, took 0.01 s
/home/mt/www/6.7/src/Core/Content/ProductExport/Exception/ExportNotFoundException.php
--- consumed 0 B, total 783 MB, took 0.01 s
/home/mt/www/6.7/src/Core/Content/ProductExport/Exception/ExportNotGeneratedException.php
--- consumed 0 B, total 783 MB, took 0.01 s
/home/mt/www/6.7/src/Core/Content/ProductExport/Exception/MissingRootFilterException.php
--- consumed 0 B, total 783 MB, took 0.01 s
/home/mt/www/6.7/src/Core/Content/ProductExport/Exception/SalesChannelNotFoundException.php
--- consumed 0 B, total 783 MB, took 0.00 s
/home/mt/www/6.7/src/Core/Content/ProductExport/Struct/ProductExportResult.php
--- consumed 0 B, total 783 MB, took 0.01 s
/home/mt/www/6.7/src/Core/Content/ProductExport/Struct/ExportBehavior.php
--- consumed 0 B, total 783 MB, took 0.01 s
/home/mt/www/6.7/src/Core/Content/ProductExport/ProductExportHydrator.php
--- consumed 0 B, total 783 MB, took 0.08 s
/home/mt/www/6.7/src/Core/Content/ProductExport/Command/ProductExportGenerateCommand.php
--- consumed 0 B, total 783 MB, took 0.03 s
/home/mt/www/6.7/src/Core/Content/ProductExport/EventListener/ProductExportEventListener.php
--- consumed 0 B, total 783 MB, took 0.04 s
/home/mt/www/6.7/src/Core/Content/ProductExport/ProductExportException.php
--- consumed 0 B, total 783 MB, took 0.03 s
/home/mt/www/6.7/src/Core/Content/ProductExport/ProductExportDefinition.php
--- consumed 0 B, total 783 MB, took 0.04 s
/home/mt/www/6.7/src/Core/Content/ProductExport/DataAbstractionLayer/ProductExportExceptionHandler.php
--- consumed 0 B, total 783 MB, took 0.02 s
/home/mt/www/6.7/src/Core/Content/ProductExport/ScheduledTask/ProductExportPartialGeneration.php
--- consumed 0 B, total 783 MB, took 0.01 s
/home/mt/www/6.7/src/Core/Content/ProductExport/ScheduledTask/ProductExportPartialGenerationHandler.php
--- consumed 2 MB, total 785 MB, took 0.06 s
/home/mt/www/6.7/src/Core/Content/ProductExport/ScheduledTask/ProductExportGenerateTaskHandler.php
--- consumed 0 B, total 785 MB, took 0.05 s
/home/mt/www/6.7/src/Core/Content/ProductExport/ScheduledTask/ProductExportGenerateTask.php
--- consumed 0 B, total 785 MB, took 0.00 s
/home/mt/www/6.7/src/Core/Content/ProductExport/Error/Error.php
--- consumed 0 B, total 785 MB, took 0.03 s
/home/mt/www/6.7/src/Core/Content/ProductExport/Error/XmlValidationError.php
--- consumed 0 B, total 785 MB, took 0.02 s
/home/mt/www/6.7/src/Core/Content/ProductExport/Error/ErrorMessage.php
--- consumed 0 B, total 785 MB, took 0.01 s
/home/mt/www/6.7/src/Core/Content/ProductExport/Error/ErrorCollection.php
--- consumed 0 B, total 785 MB, took 0.01 s
/home/mt/www/6.7/src/Core/Content/MailTemplate/Api/MailActionController.php
--- consumed 0 B, total 785 MB, took 0.04 s
/home/mt/www/6.7/src/Core/Content/MailTemplate/MailTemplateEvents.php
--- consumed 0 B, total 785 MB, took 0.01 s
/home/mt/www/6.7/src/Core/Content/MailTemplate/Service/Event/MailSentEvent.php
--- consumed 0 B, total 785 MB, took 0.02 s
/home/mt/www/6.7/src/Core/Content/MailTemplate/Service/Event/MailBeforeSentEvent.php
--- consumed 0 B, total 785 MB, took 0.37 s
/home/mt/www/6.7/src/Core/Content/MailTemplate/Service/Event/MailBeforeValidateEvent.php
--- consumed 0 B, total 785 MB, took 0.03 s
/home/mt/www/6.7/src/Core/Content/MailTemplate/Service/Event/MailErrorEvent.php
--- consumed 0 B, total 785 MB, took 0.03 s
/home/mt/www/6.7/src/Core/Content/MailTemplate/MailTemplateTypes.php
--- consumed 0 B, total 785 MB, took 0.01 s
/home/mt/www/6.7/src/Core/Content/MailTemplate/Subscriber/MailSendSubscriberConfig.php
--- consumed 0 B, total 785 MB, took 0.01 s
/home/mt/www/6.7/src/Core/Content/MailTemplate/Exception/MailTemplateRendererException.php
--- consumed 0 B, total 785 MB, took 0.01 s
/home/mt/www/6.7/src/Core/Content/MailTemplate/Exception/MailEventConfigurationException.php
--- consumed 0 B, total 785 MB, took 0.01 s
/home/mt/www/6.7/src/Core/Content/MailTemplate/Exception/SalesChannelNotFoundException.php
--- consumed 0 B, total 785 MB, took 0.01 s
/home/mt/www/6.7/src/Core/Content/MailTemplate/MailTemplateEntity.php
--- consumed 0 B, total 785 MB, took 0.06 s
/home/mt/www/6.7/src/Core/Content/MailTemplate/MailTemplateException.php
--- consumed 0 B, total 785 MB, took 0.01 s
/home/mt/www/6.7/src/Core/Content/MailTemplate/Aggregate/MailTemplateMedia/MailTemplateMediaDefinition.php
--- consumed 0 B, total 785 MB, took 0.02 s
/home/mt/www/6.7/src/Core/Content/MailTemplate/Aggregate/MailTemplateMedia/MailTemplateMediaEntity.php
--- consumed 0 B, total 785 MB, took 0.02 s
/home/mt/www/6.7/src/Core/Content/MailTemplate/Aggregate/MailTemplateMedia/MailTemplateMediaCollection.php
--- consumed 0 B, total 785 MB, took 0.03 s
/home/mt/www/6.7/src/Core/Content/MailTemplate/Aggregate/MailTemplateTypeTranslation/MailTemplateTypeTranslationDefinition.php
--- consumed 0 B, total 785 MB, took 0.01 s
/home/mt/www/6.7/src/Core/Content/MailTemplate/Aggregate/MailTemplateTypeTranslation/MailTemplateTypeTranslationEntity.php
--- consumed 0 B, total 785 MB, took 0.03 s
/home/mt/www/6.7/src/Core/Content/MailTemplate/Aggregate/MailTemplateTypeTranslation/MailTemplateTypeTranslationCollection.php
--- consumed 0 B, total 785 MB, took 0.02 s
/home/mt/www/6.7/src/Core/Content/MailTemplate/Aggregate/MailHeaderFooter/MailHeaderFooterDefinition.php
--- consumed 0 B, total 785 MB, took 0.02 s
/home/mt/www/6.7/src/Core/Content/MailTemplate/Aggregate/MailHeaderFooter/MailHeaderFooterCollection.php
--- consumed 0 B, total 785 MB, took 0.01 s
/home/mt/www/6.7/src/Core/Content/MailTemplate/Aggregate/MailHeaderFooter/MailHeaderFooterEntity.php
--- consumed 0 B, total 785 MB, took 0.03 s
/home/mt/www/6.7/src/Core/Content/MailTemplate/Aggregate/MailTemplateTranslation/MailTemplateTranslationCollection.php
--- consumed 0 B, total 785 MB, took 0.02 s
/home/mt/www/6.7/src/Core/Content/MailTemplate/Aggregate/MailTemplateTranslation/MailTemplateTranslationEntity.php
--- consumed 0 B, total 785 MB, took 0.04 s
/home/mt/www/6.7/src/Core/Content/MailTemplate/Aggregate/MailTemplateTranslation/MailTemplateTranslationDefinition.php
--- consumed 0 B, total 785 MB, took 0.02 s
/home/mt/www/6.7/src/Core/Content/MailTemplate/Aggregate/MailHeaderFooterTranslation/MailHeaderFooterTranslationDefinition.php
--- consumed 0 B, total 785 MB, took 0.02 s
/home/mt/www/6.7/src/Core/Content/MailTemplate/Aggregate/MailHeaderFooterTranslation/MailHeaderFooterTranslationCollection.php
--- consumed 0 B, total 785 MB, took 0.01 s
/home/mt/www/6.7/src/Core/Content/MailTemplate/Aggregate/MailHeaderFooterTranslation/MailHeaderFooterTranslationEntity.php
--- consumed 0 B, total 785 MB, took 0.02 s
/home/mt/www/6.7/src/Core/Content/MailTemplate/Aggregate/MailTemplateType/MailTemplateTypeCollection.php
--- consumed 0 B, total 785 MB, took 0.01 s
/home/mt/www/6.7/src/Core/Content/MailTemplate/Aggregate/MailTemplateType/MailTemplateTypeEntity.php
--- consumed 0 B, total 785 MB, took 0.05 s
/home/mt/www/6.7/src/Core/Content/MailTemplate/Aggregate/MailTemplateType/MailTemplateTypeDefinition.php
--- consumed 0 B, total 785 MB, took 0.02 s
/home/mt/www/6.7/src/Core/Content/MailTemplate/MailTemplateDefinition.php
--- consumed 0 B, total 785 MB, took 0.03 s
/home/mt/www/6.7/src/Core/Content/MailTemplate/MailTemplateCollection.php
--- consumed 0 B, total 785 MB, took 0.01 s
/home/mt/www/6.7/src/Core/Content/Mail/Transport/MailerTransportLoader.php
--- consumed 2 MB, total 787 MB, took 0.12 s
/home/mt/www/6.7/src/Core/Content/Mail/Transport/MailerTransportDecorator.php
--- consumed 2 MB, total 789 MB, took 0.25 s
/home/mt/www/6.7/src/Core/Content/Mail/Transport/SmtpOauthTransportFactoryDecorator.php
--- consumed 0 B, total 789 MB, took 0.05 s
/home/mt/www/6.7/src/Core/Content/Mail/Transport/SmtpOauthTokenProvider.php
--- consumed 0 B, total 789 MB, took 0.03 s
/home/mt/www/6.7/src/Core/Content/Mail/Transport/SmtpOauthAuthenticator.php
--- consumed 0 B, total 789 MB, took 0.01 s
/home/mt/www/6.7/src/Core/Content/Mail/Service/SendMailTemplate.php
--- consumed 0 B, total 789 MB, took 0.09 s
/home/mt/www/6.7/src/Core/Content/Mail/Service/SendMailTemplateParams.php
--- consumed 0 B, total 789 MB, took 0.00 s
/home/mt/www/6.7/src/Core/Content/Mail/Service/MailAttachmentsBuilder.php
--- consumed 0 B, total 789 MB, took 0.08 s
/home/mt/www/6.7/src/Core/Content/Mail/Service/AbstractMailSender.php
--- consumed 0 B, total 789 MB, took 0.00 s
/home/mt/www/6.7/src/Core/Content/Mail/Service/MailFactory.php
--- consumed 0 B, total 789 MB, took 0.11 s
/home/mt/www/6.7/src/Core/Content/Mail/Service/Mail.php
--- consumed 0 B, total 789 MB, took 0.02 s
/home/mt/www/6.7/src/Core/Content/Mail/Service/AbstractMailService.php
--- consumed 0 B, total 789 MB, took 0.00 s
/home/mt/www/6.7/src/Core/Content/Mail/Service/MailSender.php
--- consumed 0 B, total 789 MB, took 0.04 s
/home/mt/www/6.7/src/Core/Content/Mail/Service/MailService.php
--- consumed 0 B, total 789 MB, took 0.26 s
/home/mt/www/6.7/src/Core/Content/Mail/Service/MailAttachmentsConfig.php
--- consumed 0 B, total 789 MB, took 0.01 s
/home/mt/www/6.7/src/Core/Content/Mail/Service/AbstractMailFactory.php
--- consumed 0 B, total 789 MB, took 0.01 s
/home/mt/www/6.7/src/Core/Content/Mail/MailerConfigurationCompilerPass.php
--- consumed 0 B, total 789 MB, took 0.01 s
/home/mt/www/6.7/src/Core/Content/Mail/Subscriber/FailedMessageSubscriber.php
--- consumed 2 MB, total 791 MB, took 0.02 s
/home/mt/www/6.7/src/Core/Content/Mail/Message/SendMailHandler.php
--- consumed 0 B, total 791 MB, took 0.02 s
/home/mt/www/6.7/src/Core/Content/Mail/Message/SendMailMessage.php
--- consumed 0 B, total 791 MB, took 0.00 s
/home/mt/www/6.7/src/Core/Content/Mail/MailException.php
--- consumed 0 B, total 791 MB, took 0.02 s
/home/mt/www/6.7/src/Core/Content/Breadcrumb/SalesChannel/BreadcrumbRouteResponse.php
--- consumed 0 B, total 791 MB, took 0.01 s
/home/mt/www/6.7/src/Core/Content/Breadcrumb/SalesChannel/BreadcrumbRoute.php
--- consumed 0 B, total 791 MB, took 0.03 s
/home/mt/www/6.7/src/Core/Content/Breadcrumb/SalesChannel/AbstractBreadcrumbRoute.php
--- consumed 0 B, total 791 MB, took 0.00 s
/home/mt/www/6.7/src/Core/Content/Breadcrumb/Struct/BreadcrumbCollection.php
--- consumed 0 B, total 791 MB, took 0.00 s
/home/mt/www/6.7/src/Core/Content/Breadcrumb/Struct/Breadcrumb.php
--- consumed 0 B, total 791 MB, took 0.01 s
/home/mt/www/6.7/src/Core/Content/Breadcrumb/BreadcrumbException.php
--- consumed 0 B, total 791 MB, took 0.01 s
/home/mt/www/6.7/src/Core/Content/Category/CategoryCollection.php
--- consumed 0 B, total 791 MB, took 0.06 s
/home/mt/www/6.7/src/Core/Content/Category/Event/CategoryRouteCacheTagsEvent.php
--- consumed 0 B, total 791 MB, took 0.01 s
/home/mt/www/6.7/src/Core/Content/Category/Event/NavigationRouteCacheKeyEvent.php
--- consumed 0 B, total 791 MB, took 0.01 s
/home/mt/www/6.7/src/Core/Content/Category/Event/CategoryRouteCacheKeyEvent.php
--- consumed 0 B, total 791 MB, took 0.01 s
/home/mt/www/6.7/src/Core/Content/Category/Event/CategoryLevelLoaderCacheKeyEvent.php
--- consumed 0 B, total 791 MB, took 0.02 s
/home/mt/www/6.7/src/Core/Content/Category/Event/NavigationRouteCacheTagsEvent.php
--- consumed 0 B, total 791 MB, took 0.01 s
/home/mt/www/6.7/src/Core/Content/Category/Event/NavigationLoadedEvent.php
--- consumed 0 B, total 791 MB, took 0.01 s
/home/mt/www/6.7/src/Core/Content/Category/Event/CategoryIndexerEvent.php
--- consumed 0 B, total 791 MB, took 0.01 s
/home/mt/www/6.7/src/Core/Content/Category/Event/SalesChannelCategoryIdsFetchedEvent.php
--- consumed 0 B, total 791 MB, took 0.02 s
/home/mt/www/6.7/src/Core/Content/Category/SalesChannel/NavigationRouteResponse.php
--- consumed 0 B, total 791 MB, took 0.01 s
/home/mt/www/6.7/src/Core/Content/Category/SalesChannel/SalesChannelCategoryDefinition.php
--- consumed 0 B, total 791 MB, took 0.19 s
/home/mt/www/6.7/src/Core/Content/Category/SalesChannel/CategoryRouteResponse.php
--- consumed 0 B, total 791 MB, took 0.00 s
/home/mt/www/6.7/src/Core/Content/Category/SalesChannel/CategoryListRoute.php
--- consumed 0 B, total 791 MB, took 0.03 s
/home/mt/www/6.7/src/Core/Content/Category/SalesChannel/NavigationRoute.php
--- consumed 0 B, total 791 MB, took 0.10 s
/home/mt/www/6.7/src/Core/Content/Category/SalesChannel/TreeBuildingNavigationRoute.php
--- consumed 0 B, total 791 MB, took 0.07 s
/home/mt/www/6.7/src/Core/Content/Category/SalesChannel/CategoryRoute.php
--- consumed 0 B, total 791 MB, took 0.13 s
/home/mt/www/6.7/src/Core/Content/Category/SalesChannel/AbstractNavigationRoute.php
--- consumed 0 B, total 791 MB, took 0.00 s
/home/mt/www/6.7/src/Core/Content/Category/SalesChannel/AbstractCategoryListRoute.php
--- consumed 0 B, total 791 MB, took 0.00 s
/home/mt/www/6.7/src/Core/Content/Category/SalesChannel/SalesChannelCategoryEntity.php
--- consumed 0 B, total 791 MB, took 0.01 s
/home/mt/www/6.7/src/Core/Content/Category/SalesChannel/CategoryListRouteResponse.php
--- consumed 0 B, total 791 MB, took 0.01 s
/home/mt/www/6.7/src/Core/Content/Category/SalesChannel/AbstractCategoryRoute.php
--- consumed 0 B, total 791 MB, took 0.00 s
/home/mt/www/6.7/src/Core/Content/Category/Service/CachedDefaultCategoryLevelLoader.php
--- consumed 0 B, total 791 MB, took 0.05 s
/home/mt/www/6.7/src/Core/Content/Category/Service/DefaultCategoryLevelLoaderInterface.php
--- consumed 0 B, total 791 MB, took 0.00 s
/home/mt/www/6.7/src/Core/Content/Category/Service/NavigationLoader.php
--- consumed 0 B, total 791 MB, took 0.11 s
/home/mt/www/6.7/src/Core/Content/Category/Service/NavigationLoaderInterface.php
--- consumed 0 B, total 791 MB, took 0.00 s
/home/mt/www/6.7/src/Core/Content/Category/Service/DefaultCategoryLevelLoader.php
--- consumed 0 B, total 791 MB, took 0.08 s
/home/mt/www/6.7/src/Core/Content/Category/Service/CategoryBreadcrumbBuilder.php
--- consumed 2 MB, total 793 MB, took 0.28 s
/home/mt/www/6.7/src/Core/Content/Category/Service/AbstractCategoryUrlGenerator.php
--- consumed 0 B, total 793 MB, took 0.00 s
/home/mt/www/6.7/src/Core/Content/Category/Service/CategoryUrlGenerator.php
--- consumed 0 B, total 793 MB, took 0.02 s
/home/mt/www/6.7/src/Core/Content/Category/Subscriber/CategoryTreeMovedSubscriber.php
--- consumed 0 B, total 793 MB, took 0.01 s
/home/mt/www/6.7/src/Core/Content/Category/Subscriber/CategorySubscriber.php
--- consumed 0 B, total 793 MB, took 0.04 s
/home/mt/www/6.7/src/Core/Content/Category/Exception/CategoryNotFoundException.php
--- consumed 0 B, total 793 MB, took 0.01 s
/home/mt/www/6.7/src/Core/Content/Category/CategoryException.php
--- consumed 0 B, total 793 MB, took 0.01 s
/home/mt/www/6.7/src/Core/Content/Category/CategoryDefinition.php
--- consumed 0 B, total 793 MB, took 0.27 s
/home/mt/www/6.7/src/Core/Content/Category/Tree/CategoryTreePathResolver.php
--- consumed 0 B, total 793 MB, took 0.04 s
/home/mt/www/6.7/src/Core/Content/Category/Tree/Tree.php
--- consumed 0 B, total 793 MB, took 0.04 s
/home/mt/www/6.7/src/Core/Content/Category/Tree/TreeItem.php
--- consumed 0 B, total 793 MB, took 0.02 s
/home/mt/www/6.7/src/Core/Content/Category/Aggregate/CategoryTranslation/CategoryTranslationDefinition.php
--- consumed 0 B, total 793 MB, took 0.03 s
/home/mt/www/6.7/src/Core/Content/Category/Aggregate/CategoryTranslation/CategoryTranslationCollection.php
--- consumed 0 B, total 793 MB, took 0.02 s
/home/mt/www/6.7/src/Core/Content/Category/Aggregate/CategoryTranslation/CategoryTranslationEntity.php
--- consumed 0 B, total 793 MB, took 0.06 s
/home/mt/www/6.7/src/Core/Content/Category/Aggregate/CategoryTag/CategoryTagDefinition.php
--- consumed 0 B, total 793 MB, took 0.02 s
/home/mt/www/6.7/src/Core/Content/Category/CategoryEvents.php
--- consumed 0 B, total 793 MB, took 0.00 s
/home/mt/www/6.7/src/Core/Content/Category/CategoryHydrator.php
--- consumed 0 B, total 793 MB, took 0.07 s
/home/mt/www/6.7/src/Core/Content/Category/Cms/CategoryNavigationCmsElementResolver.php
--- consumed 0 B, total 793 MB, took 0.01 s
/home/mt/www/6.7/src/Core/Content/Category/DataAbstractionLayer/CategoryNonExistentExceptionHandler.php
--- consumed 0 B, total 793 MB, took 0.01 s
/home/mt/www/6.7/src/Core/Content/Category/DataAbstractionLayer/CategoryBreadcrumbUpdater.php
--- consumed 0 B, total 793 MB, took 0.09 s
/home/mt/www/6.7/src/Core/Content/Category/DataAbstractionLayer/CategoryIndexingMessage.php
--- consumed 0 B, total 793 MB, took 0.00 s
/home/mt/www/6.7/src/Core/Content/Category/DataAbstractionLayer/CategoryIndexer.php
--- consumed 0 B, total 793 MB, took 0.12 s
/home/mt/www/6.7/src/Core/Content/Category/CategoryEntity.php
--- consumed 0 B, total 793 MB, took 0.17 s
/home/mt/www/6.7/src/Core/Content/Category/Validation/EntryPointValidator.php
--- consumed 2 MB, total 795 MB, took 0.11 s
/home/mt/www/6.7/src/Core/System/Salutation/SalutationEntity.php
--- consumed 0 B, total 795 MB, took 0.07 s
/home/mt/www/6.7/src/Core/System/Salutation/Event/SalutationRouteCacheKeyEvent.php
--- consumed 0 B, total 795 MB, took 0.00 s
/home/mt/www/6.7/src/Core/System/Salutation/Event/SalutationRouteCacheTagsEvent.php
--- consumed 0 B, total 795 MB, took 0.00 s
/home/mt/www/6.7/src/Core/System/Salutation/SalutationCollection.php
--- consumed 0 B, total 795 MB, took 0.01 s
/home/mt/www/6.7/src/Core/System/Salutation/SalesChannel/SalutationRouteResponse.php
--- consumed 0 B, total 795 MB, took 0.01 s
/home/mt/www/6.7/src/Core/System/Salutation/SalesChannel/AbstractSalutationRoute.php
--- consumed 0 B, total 795 MB, took 0.00 s
/home/mt/www/6.7/src/Core/System/Salutation/SalesChannel/SalutationRoute.php
--- consumed 0 B, total 795 MB, took 0.01 s
/home/mt/www/6.7/src/Core/System/Salutation/SalesChannel/SalesChannelSalutationDefinition.php
--- consumed 0 B, total 795 MB, took 0.00 s
/home/mt/www/6.7/src/Core/System/Salutation/SalutationSorter.php
--- consumed 0 B, total 795 MB, took 0.01 s
/home/mt/www/6.7/src/Core/System/Salutation/Aggregate/SalutationTranslation/SalutationTranslationEntity.php
--- consumed 0 B, total 795 MB, took 0.04 s
/home/mt/www/6.7/src/Core/System/Salutation/Aggregate/SalutationTranslation/SalutationTranslationDefinition.php
--- consumed 0 B, total 795 MB, took 0.01 s
/home/mt/www/6.7/src/Core/System/Salutation/Aggregate/SalutationTranslation/SalutationTranslationCollection.php
--- consumed 0 B, total 795 MB, took 0.01 s
/home/mt/www/6.7/src/Core/System/Salutation/AbstractSalutationsSorter.php
--- consumed 0 B, total 795 MB, took 0.00 s
/home/mt/www/6.7/src/Core/System/Salutation/SalutationDefinition.php
--- consumed 0 B, total 795 MB, took 0.03 s
/home/mt/www/6.7/src/Core/System/Locale/LocaleCollection.php
--- consumed 0 B, total 795 MB, took 0.01 s
/home/mt/www/6.7/src/Core/System/Locale/LocaleException.php
--- consumed 0 B, total 795 MB, took 0.01 s
/home/mt/www/6.7/src/Core/System/Locale/LocaleDefinition.php
--- consumed 0 B, total 795 MB, took 0.02 s
/home/mt/www/6.7/src/Core/System/Locale/LocaleEvents.php
--- consumed 0 B, total 795 MB, took 0.00 s
/home/mt/www/6.7/src/Core/System/Locale/LanguageLocaleCodeProvider.php
--- consumed 0 B, total 795 MB, took 0.04 s
/home/mt/www/6.7/src/Core/System/Locale/Aggregate/LocaleTranslation/LocaleTranslationEntity.php
--- consumed 0 B, total 795 MB, took 0.22 s
/home/mt/www/6.7/src/Core/System/Locale/Aggregate/LocaleTranslation/LocaleTranslationCollection.php
--- consumed 0 B, total 795 MB, took 0.02 s
/home/mt/www/6.7/src/Core/System/Locale/Aggregate/LocaleTranslation/LocaleTranslationDefinition.php
--- consumed 0 B, total 795 MB, took 0.01 s
/home/mt/www/6.7/src/Core/System/Locale/LocaleEntity.php
--- consumed 0 B, total 795 MB, took 0.04 s
/home/mt/www/6.7/src/Core/System/User/Api/UserRecoveryController.php
--- consumed 0 B, total 795 MB, took 0.04 s
/home/mt/www/6.7/src/Core/System/User/Api/UserValidationController.php
--- consumed 0 B, total 795 MB, took 0.03 s
/home/mt/www/6.7/src/Core/System/User/Recovery/UserRecoveryService.php
--- consumed 0 B, total 795 MB, took 0.08 s
/home/mt/www/6.7/src/Core/System/User/Recovery/UserRecoveryRequestEvent.php
--- consumed 2 MB, total 797 MB, took 0.02 s
/home/mt/www/6.7/src/Core/System/User/Service/UserValidationService.php
--- consumed 0 B, total 797 MB, took 0.01 s
/home/mt/www/6.7/src/Core/System/User/UserEntity.php
--- consumed 0 B, total 797 MB, took 0.11 s
/home/mt/www/6.7/src/Core/System/User/UserException.php
--- consumed 0 B, total 797 MB, took 0.01 s
/home/mt/www/6.7/src/Core/System/User/UserEvents.php
--- consumed 0 B, total 797 MB, took 0.00 s
/home/mt/www/6.7/src/Core/System/User/Aggregate/UserAccessKey/UserAccessKeyEntity.php
--- consumed 0 B, total 797 MB, took 0.04 s
/home/mt/www/6.7/src/Core/System/User/Aggregate/UserAccessKey/UserAccessKeyDefinition.php
--- consumed 0 B, total 797 MB, took 0.02 s
/home/mt/www/6.7/src/Core/System/User/Aggregate/UserAccessKey/UserAccessKeyCollection.php
--- consumed 0 B, total 797 MB, took 0.01 s
/home/mt/www/6.7/src/Core/System/User/Aggregate/UserRecovery/UserRecoveryDefinition.php
--- consumed 0 B, total 797 MB, took 0.01 s
/home/mt/www/6.7/src/Core/System/User/Aggregate/UserRecovery/UserRecoveryEntity.php
--- consumed 0 B, total 797 MB, took 0.01 s
/home/mt/www/6.7/src/Core/System/User/Aggregate/UserRecovery/UserRecoveryCollection.php
--- consumed 0 B, total 797 MB, took 0.01 s
/home/mt/www/6.7/src/Core/System/User/Aggregate/UserConfig/UserConfigDefinition.php
--- consumed 0 B, total 797 MB, took 0.01 s
/home/mt/www/6.7/src/Core/System/User/Aggregate/UserConfig/UserConfigCollection.php
--- consumed 0 B, total 797 MB, took 0.01 s
/home/mt/www/6.7/src/Core/System/User/Aggregate/UserConfig/UserConfigEntity.php
--- consumed 0 B, total 797 MB, took 0.02 s
/home/mt/www/6.7/src/Core/System/User/UserCollection.php
--- consumed 0 B, total 797 MB, took 0.01 s
/home/mt/www/6.7/src/Core/System/User/UserDefinition.php
--- consumed 0 B, total 797 MB, took 0.05 s
/home/mt/www/6.7/src/Core/System/Unit/UnitEvents.php
--- consumed 0 B, total 797 MB, took 0.00 s
/home/mt/www/6.7/src/Core/System/Unit/UnitDefinition.php
--- consumed 0 B, total 797 MB, took 0.02 s
/home/mt/www/6.7/src/Core/System/Unit/UnitCollection.php
--- consumed 0 B, total 797 MB, took 0.01 s
/home/mt/www/6.7/src/Core/System/Unit/Aggregate/UnitTranslation/UnitTranslationCollection.php
--- consumed 0 B, total 797 MB, took 0.03 s
/home/mt/www/6.7/src/Core/System/Unit/Aggregate/UnitTranslation/UnitTranslationDefinition.php
--- consumed 0 B, total 797 MB, took 0.01 s
/home/mt/www/6.7/src/Core/System/Unit/Aggregate/UnitTranslation/UnitTranslationEntity.php
--- consumed 0 B, total 797 MB, took 0.04 s
/home/mt/www/6.7/src/Core/System/Unit/UnitEntity.php
--- consumed 0 B, total 797 MB, took 0.04 s
/home/mt/www/6.7/src/Core/System/Country/Event/CountryStateRouteCacheTagsEvent.php
--- consumed 0 B, total 797 MB, took 0.00 s
/home/mt/www/6.7/src/Core/System/Country/Event/CountryRouteCacheKeyEvent.php
--- consumed 0 B, total 797 MB, took 0.00 s
/home/mt/www/6.7/src/Core/System/Country/Event/CountryCriteriaEvent.php
--- consumed 0 B, total 797 MB, took 0.01 s
/home/mt/www/6.7/src/Core/System/Country/Event/CountryRouteCacheTagsEvent.php
--- consumed 0 B, total 797 MB, took 0.00 s
/home/mt/www/6.7/src/Core/System/Country/Event/CountryStateRouteCacheKeyEvent.php
--- consumed 0 B, total 797 MB, took 0.00 s
/home/mt/www/6.7/src/Core/System/Country/Event/CountryStateCriteriaEvent.php
--- consumed 0 B, total 797 MB, took 0.01 s
/home/mt/www/6.7/src/Core/System/Country/CountryEvents.php
--- consumed 0 B, total 797 MB, took 0.00 s
/home/mt/www/6.7/src/Core/System/Country/SalesChannel/SalesChannelCountryDefinition.php
--- consumed 0 B, total 797 MB, took 0.01 s
/home/mt/www/6.7/src/Core/System/Country/SalesChannel/AbstractCountryStateRoute.php
--- consumed 0 B, total 797 MB, took 0.00 s
/home/mt/www/6.7/src/Core/System/Country/SalesChannel/CountryStateRoute.php
--- consumed 2 MB, total 799 MB, took 0.21 s
/home/mt/www/6.7/src/Core/System/Country/SalesChannel/CountryRoute.php
--- consumed 0 B, total 799 MB, took 0.02 s
/home/mt/www/6.7/src/Core/System/Country/SalesChannel/AbstractCountryRoute.php
--- consumed 0 B, total 799 MB, took 0.00 s
/home/mt/www/6.7/src/Core/System/Country/SalesChannel/CountryStateRouteResponse.php
--- consumed 0 B, total 799 MB, took 0.01 s
/home/mt/www/6.7/src/Core/System/Country/SalesChannel/CountryRouteResponse.php
--- consumed 0 B, total 799 MB, took 0.01 s
/home/mt/www/6.7/src/Core/System/Country/CountryException.php
--- consumed 0 B, total 799 MB, took 0.01 s
/home/mt/www/6.7/src/Core/System/Country/CountryCollection.php
--- consumed 0 B, total 799 MB, took 0.05 s
/home/mt/www/6.7/src/Core/System/Country/Aggregate/CountryTranslation/CountryTranslationDefinition.php
--- consumed 0 B, total 799 MB, took 0.02 s
/home/mt/www/6.7/src/Core/System/Country/Aggregate/CountryTranslation/CountryTranslationCollection.php
--- consumed 0 B, total 799 MB, took 0.02 s
/home/mt/www/6.7/src/Core/System/Country/Aggregate/CountryTranslation/CountryTranslationEntity.php
--- consumed 0 B, total 799 MB, took 0.04 s
/home/mt/www/6.7/src/Core/System/Country/Aggregate/CountryState/CountryStateEntity.php
--- consumed 0 B, total 799 MB, took 0.06 s
/home/mt/www/6.7/src/Core/System/Country/Aggregate/CountryState/CountryStateDefinition.php
--- consumed 0 B, total 799 MB, took 0.03 s
/home/mt/www/6.7/src/Core/System/Country/Aggregate/CountryState/SalesChannel/SalesChannelCountryStateDefinition.php
--- consumed 0 B, total 799 MB, took 0.01 s
/home/mt/www/6.7/src/Core/System/Country/Aggregate/CountryState/CountryStateCollection.php
--- consumed 0 B, total 799 MB, took 0.04 s
/home/mt/www/6.7/src/Core/System/Country/Aggregate/CountryStateTranslation/CountryStateTranslationEntity.php
--- consumed 0 B, total 799 MB, took 0.03 s
/home/mt/www/6.7/src/Core/System/Country/Aggregate/CountryStateTranslation/CountryStateTranslationDefinition.php
--- consumed 0 B, total 799 MB, took 0.01 s
/home/mt/www/6.7/src/Core/System/Country/Aggregate/CountryStateTranslation/CountryStateTranslationCollection.php
--- consumed 0 B, total 799 MB, took 0.02 s
/home/mt/www/6.7/src/Core/System/Country/CountryEntity.php
--- consumed 0 B, total 799 MB, took 0.11 s
/home/mt/www/6.7/src/Core/System/Country/CountryDefinition.php
--- consumed 0 B, total 799 MB, took 0.06 s
/home/mt/www/6.7/src/Core/System/TaxProvider/TaxProviderCollection.php
--- consumed 0 B, total 799 MB, took 0.02 s
/home/mt/www/6.7/src/Core/System/TaxProvider/Aggregate/TaxProviderTranslation/TaxProviderTranslationDefinition.php
--- consumed 0 B, total 799 MB, took 0.01 s
/home/mt/www/6.7/src/Core/System/TaxProvider/Aggregate/TaxProviderTranslation/TaxProviderTranslationEntity.php
--- consumed 0 B, total 799 MB, took 0.03 s
/home/mt/www/6.7/src/Core/System/TaxProvider/Aggregate/TaxProviderTranslation/TaxProviderTranslationCollection.php
--- consumed 0 B, total 799 MB, took 0.01 s
/home/mt/www/6.7/src/Core/System/TaxProvider/TaxProviderEntity.php
--- consumed 0 B, total 799 MB, took 0.05 s
/home/mt/www/6.7/src/Core/System/TaxProvider/TaxProviderDefinition.php
--- consumed 0 B, total 799 MB, took 0.03 s
/home/mt/www/6.7/src/Core/System/UsageData/Api/ConsentController.php
--- consumed 2 MB, total 801 MB, took 0.04 s
/home/mt/www/6.7/src/Core/System/UsageData/EntitySync/IterateEntityMessage.php
--- consumed 0 B, total 801 MB, took 0.01 s
/home/mt/www/6.7/src/Core/System/UsageData/EntitySync/IterateEntityMessageHandler.php
--- consumed 0 B, total 801 MB, took 0.04 s
/home/mt/www/6.7/src/Core/System/UsageData/EntitySync/DispatchEntityMessageHandler.php
--- consumed 2 MB, total 803 MB, took 0.34 s
/home/mt/www/6.7/src/Core/System/UsageData/EntitySync/DispatchEntitiesQueryBuilder.php
--- consumed 0 B, total 803 MB, took 0.06 s
/home/mt/www/6.7/src/Core/System/UsageData/EntitySync/IterateEntitiesQueryBuilder.php
--- consumed 0 B, total 803 MB, took 0.08 s
/home/mt/www/6.7/src/Core/System/UsageData/EntitySync/Operation.php
--- consumed 0 B, total 803 MB, took 0.00 s
/home/mt/www/6.7/src/Core/System/UsageData/EntitySync/EntityDispatcher.php
--- consumed 0 B, total 803 MB, took 0.03 s
/home/mt/www/6.7/src/Core/System/UsageData/EntitySync/DispatchEntityMessage.php
--- consumed 0 B, total 803 MB, took 0.00 s
/home/mt/www/6.7/src/Core/System/UsageData/EntitySync/CollectEntityDataMessage.php
--- consumed 0 B, total 803 MB, took 0.00 s
/home/mt/www/6.7/src/Core/System/UsageData/EntitySync/CollectEntityDataMessageHandler.php
--- consumed 0 B, total 803 MB, took 0.01 s
/home/mt/www/6.7/src/Core/System/UsageData/UsageDataException.php
--- consumed 0 B, total 803 MB, took 0.03 s
/home/mt/www/6.7/src/Core/System/UsageData/Subscriber/ShopIdChangedSubscriber.php
--- consumed 0 B, total 803 MB, took 0.02 s
/home/mt/www/6.7/src/Core/System/UsageData/Subscriber/EntityDeleteSubscriber.php
--- consumed 0 B, total 803 MB, took 0.05 s
/home/mt/www/6.7/src/Core/System/UsageData/Subscriber/UsageDataApprovalSubscriber.php
--- consumed 0 B, total 803 MB, took 0.01 s
/home/mt/www/6.7/src/Core/System/UsageData/Exception/ConsentAlreadyRequestedException.php
--- consumed 0 B, total 803 MB, took 0.00 s
/home/mt/www/6.7/src/Core/System/UsageData/Exception/ConsentAlreadyAcceptedException.php
--- consumed 0 B, total 803 MB, took 0.00 s
/home/mt/www/6.7/src/Core/System/UsageData/Exception/ConsentAlreadyRevokedException.php
--- consumed 0 B, total 803 MB, took 0.00 s
/home/mt/www/6.7/src/Core/System/UsageData/Client/GatewayClient.php
--- consumed 0 B, total 803 MB, took 0.01 s
/home/mt/www/6.7/src/Core/System/UsageData/Services/GatewayStatusService.php
--- consumed 0 B, total 803 MB, took 0.01 s
/home/mt/www/6.7/src/Core/System/UsageData/Services/UsageDataAllowListService.php
--- consumed 0 B, total 803 MB, took 0.02 s
/home/mt/www/6.7/src/Core/System/UsageData/Services/ShopIdProvider.php
--- consumed 0 B, total 803 MB, took 0.01 s
/home/mt/www/6.7/src/Core/System/UsageData/Services/EntityDispatchService.php
--- consumed 0 B, total 803 MB, took 0.06 s
/home/mt/www/6.7/src/Core/System/UsageData/Services/EntityDeleteEventHelper.php
--- consumed 0 B, total 803 MB, took 0.04 s
/home/mt/www/6.7/src/Core/System/UsageData/Services/EntityDefinitionService.php
--- consumed 0 B, total 803 MB, took 0.04 s
/home/mt/www/6.7/src/Core/System/UsageData/Services/ManyToManyAssociationService.php
--- consumed 0 B, total 803 MB, took 0.06 s
/home/mt/www/6.7/src/Core/System/UsageData/ScheduledTask/CollectEntityDataTaskHandler.php
--- consumed 0 B, total 803 MB, took 0.01 s
/home/mt/www/6.7/src/Core/System/UsageData/ScheduledTask/CollectEntityDataTask.php
--- consumed 0 B, total 803 MB, took 0.00 s
/home/mt/www/6.7/src/Core/System/UsageData/Consent/ConsentService.php
--- consumed 0 B, total 803 MB, took 0.05 s
/home/mt/www/6.7/src/Core/System/UsageData/Consent/ConsentStateChangedEvent.php
--- consumed 0 B, total 803 MB, took 0.00 s
/home/mt/www/6.7/src/Core/System/UsageData/Consent/BannerService.php
--- consumed 0 B, total 803 MB, took 0.04 s
/home/mt/www/6.7/src/Core/System/UsageData/Consent/ConsentState.php
--- consumed 0 B, total 803 MB, took 0.00 s
/home/mt/www/6.7/src/Core/System/UsageData/Consent/ConsentReporter.php
--- consumed 0 B, total 803 MB, took 0.01 s
/home/mt/www/6.7/src/Core/System/CustomEntity/Schema/CustomEntityPersister.php
--- consumed 0 B, total 803 MB, took 0.11 s
/home/mt/www/6.7/src/Core/System/CustomEntity/Schema/DynamicFieldFactory.php
--- consumed 6 MB, total 809 MB, took 0.41 s
/home/mt/www/6.7/src/Core/System/CustomEntity/Schema/DynamicEntityDefinition.php
--- consumed 0 B, total 809 MB, took 0.02 s
/home/mt/www/6.7/src/Core/System/CustomEntity/Schema/DynamicTranslationEntityDefinition.php
--- consumed 0 B, total 809 MB, took 0.01 s
/home/mt/www/6.7/src/Core/System/CustomEntity/Schema/SchemaUpdater.php
--- consumed 2 MB, total 811 MB, took 0.31 s
/home/mt/www/6.7/src/Core/System/CustomEntity/Schema/DynamicMappingEntityDefinition.php
--- consumed 0 B, total 811 MB, took 0.03 s
/home/mt/www/6.7/src/Core/System/CustomEntity/Schema/CustomEntitySchemaUpdater.php
--- consumed 2 MB, total 813 MB, took 0.29 s
/home/mt/www/6.7/src/Core/System/CustomEntity/CustomEntityException.php
--- consumed 0 B, total 813 MB, took 0.02 s
/home/mt/www/6.7/src/Core/System/CustomEntity/Api/CustomEntityApiController.php
--- consumed 0 B, total 813 MB, took 0.09 s
/home/mt/www/6.7/src/Core/System/CustomEntity/CustomEntityLifecycleService.php
--- consumed 2 MB, total 815 MB, took 0.04 s
/home/mt/www/6.7/src/Core/System/CustomEntity/Xml/CustomEntityXmlSchemaValidator.php
--- consumed 0 B, total 815 MB, took 0.05 s
/home/mt/www/6.7/src/Core/System/CustomEntity/Xml/Entity.php
--- consumed 0 B, total 815 MB, took 0.05 s
/home/mt/www/6.7/src/Core/System/CustomEntity/Xml/Config/ConfigXmlElement.php
--- consumed 0 B, total 815 MB, took 0.01 s
/home/mt/www/6.7/src/Core/System/CustomEntity/Xml/Config/CustomEntityConfigurationException.php
--- consumed 0 B, total 815 MB, took 0.02 s
/home/mt/www/6.7/src/Core/System/CustomEntity/Xml/Config/AdminUi/XmlElements/AdminUi.php
--- consumed 0 B, total 815 MB, took 0.01 s
/home/mt/www/6.7/src/Core/System/CustomEntity/Xml/Config/AdminUi/XmlElements/Detail.php
--- consumed 0 B, total 815 MB, took 0.01 s
/home/mt/www/6.7/src/Core/System/CustomEntity/Xml/Config/AdminUi/XmlElements/Entity.php
--- consumed 0 B, total 815 MB, took 0.02 s
/home/mt/www/6.7/src/Core/System/CustomEntity/Xml/Config/AdminUi/XmlElements/CardField.php
--- consumed 0 B, total 815 MB, took 0.01 s
/home/mt/www/6.7/src/Core/System/CustomEntity/Xml/Config/AdminUi/XmlElements/Column.php
--- consumed 0 B, total 815 MB, took 0.01 s
/home/mt/www/6.7/src/Core/System/CustomEntity/Xml/Config/AdminUi/XmlElements/Tabs.php
--- consumed 0 B, total 815 MB, took 0.01 s
/home/mt/www/6.7/src/Core/System/CustomEntity/Xml/Config/AdminUi/XmlElements/Columns.php
--- consumed 0 B, total 815 MB, took 0.01 s
/home/mt/www/6.7/src/Core/System/CustomEntity/Xml/Config/AdminUi/XmlElements/Tab.php
--- consumed 0 B, total 815 MB, took 0.01 s
/home/mt/www/6.7/src/Core/System/CustomEntity/Xml/Config/AdminUi/XmlElements/Card.php
--- consumed 0 B, total 815 MB, took 0.01 s
/home/mt/www/6.7/src/Core/System/CustomEntity/Xml/Config/AdminUi/XmlElements/Listing.php
--- consumed 0 B, total 815 MB, took 0.00 s
/home/mt/www/6.7/src/Core/System/CustomEntity/Xml/Config/AdminUi/AdminUiXmlSchema.php
--- consumed 0 B, total 815 MB, took 0.01 s
/home/mt/www/6.7/src/Core/System/CustomEntity/Xml/Config/AdminUi/AdminUiXmlSchemaValidator.php
--- consumed 0 B, total 815 MB, took 0.06 s
/home/mt/www/6.7/src/Core/System/CustomEntity/Xml/Config/CmsAware/CmsAwareFields.php
--- consumed 0 B, total 815 MB, took 0.03 s
/home/mt/www/6.7/src/Core/System/CustomEntity/Xml/CustomEntityXmlSchema.php
--- consumed 0 B, total 815 MB, took 0.02 s
/home/mt/www/6.7/src/Core/System/CustomEntity/Xml/Field/LabelField.php
--- consumed 0 B, total 815 MB, took 0.00 s
/home/mt/www/6.7/src/Core/System/CustomEntity/Xml/Field/JsonField.php
--- consumed 0 B, total 815 MB, took 0.01 s
/home/mt/www/6.7/src/Core/System/CustomEntity/Xml/Field/OneToManyField.php
--- consumed 0 B, total 815 MB, took 0.00 s
/home/mt/www/6.7/src/Core/System/CustomEntity/Xml/Field/DateField.php
--- consumed 0 B, total 815 MB, took 0.01 s
/home/mt/www/6.7/src/Core/System/CustomEntity/Xml/Field/TextField.php
--- consumed 0 B, total 815 MB, took 0.01 s
/home/mt/www/6.7/src/Core/System/CustomEntity/Xml/Field/FloatField.php
--- consumed 0 B, total 815 MB, took 0.01 s
/home/mt/www/6.7/src/Core/System/CustomEntity/Xml/Field/StringField.php
--- consumed 0 B, total 815 MB, took 0.01 s
/home/mt/www/6.7/src/Core/System/CustomEntity/Xml/Field/ManyToManyField.php
--- consumed 0 B, total 815 MB, took 0.00 s
/home/mt/www/6.7/src/Core/System/CustomEntity/Xml/Field/Traits/TranslatableTrait.php
--- consumed 0 B, total 815 MB, took 0.00 s
/home/mt/www/6.7/src/Core/System/CustomEntity/Xml/Field/Traits/RequiredTrait.php
--- consumed 0 B, total 815 MB, took 0.00 s
/home/mt/www/6.7/src/Core/System/CustomEntity/Xml/Field/Field.php
--- consumed 0 B, total 815 MB, took 0.01 s
/home/mt/www/6.7/src/Core/System/CustomEntity/Xml/Field/EmailField.php
--- consumed 0 B, total 815 MB, took 0.01 s
/home/mt/www/6.7/src/Core/System/CustomEntity/Xml/Field/ManyToOneField.php
--- consumed 0 B, total 815 MB, took 0.00 s
/home/mt/www/6.7/src/Core/System/CustomEntity/Xml/Field/AssociationField.php
--- consumed 0 B, total 815 MB, took 0.01 s
/home/mt/www/6.7/src/Core/System/CustomEntity/Xml/Field/PriceField.php
--- consumed 0 B, total 815 MB, took 0.00 s
/home/mt/www/6.7/src/Core/System/CustomEntity/Xml/Field/OneToOneField.php
--- consumed 0 B, total 815 MB, took 0.00 s
/home/mt/www/6.7/src/Core/System/CustomEntity/Xml/Field/IntField.php
--- consumed 0 B, total 815 MB, took 0.01 s
/home/mt/www/6.7/src/Core/System/CustomEntity/Xml/Field/FieldFactory.php
--- consumed 0 B, total 815 MB, took 0.02 s
/home/mt/www/6.7/src/Core/System/CustomEntity/Xml/Field/BoolField.php
--- consumed 0 B, total 815 MB, took 0.01 s
/home/mt/www/6.7/src/Core/System/CustomEntity/Xml/Entities.php
--- consumed 0 B, total 815 MB, took 0.01 s
/home/mt/www/6.7/src/Core/System/CustomEntity/CustomEntityEntity.php
--- consumed 0 B, total 815 MB, took 0.22 s
/home/mt/www/6.7/src/Core/System/CustomEntity/CustomEntityDefinition.php
--- consumed 0 B, total 815 MB, took 0.02 s
/home/mt/www/6.7/src/Core/System/CustomEntity/Exception/CustomEntityXmlParsingException.php
--- consumed 0 B, total 815 MB, took 0.01 s
/home/mt/www/6.7/src/Core/System/CustomEntity/CustomEntityRegistrar.php
--- consumed 0 B, total 815 MB, took 0.06 s
/home/mt/www/6.7/src/Core/System/CustomEntity/CustomEntityCollection.php
--- consumed 0 B, total 815 MB, took 0.01 s
/home/mt/www/6.7/src/Core/System/SalesChannel/Api/ResponseFields.php
--- consumed 0 B, total 815 MB, took 0.06 s
/home/mt/www/6.7/src/Core/System/SalesChannel/Api/StoreApiResponseListener.php
--- consumed 0 B, total 815 MB, took 0.03 s
/home/mt/www/6.7/src/Core/System/SalesChannel/Api/StructEncoder.php
--- consumed 2 MB, total 817 MB, took 0.24 s
/home/mt/www/6.7/src/Core/System/SalesChannel/Event/SalesChannelContextRestoredEvent.php
--- consumed 0 B, total 817 MB, took 0.01 s
/home/mt/www/6.7/src/Core/System/SalesChannel/Event/ContextCreatedEvent.php
--- consumed 0 B, total 817 MB, took 0.00 s
/home/mt/www/6.7/src/Core/System/SalesChannel/Event/SalesChannelIndexerEvent.php
--- consumed 0 B, total 817 MB, took 0.01 s
/home/mt/www/6.7/src/Core/System/SalesChannel/Event/SalesChannelContextSwitchEvent.php
--- consumed 0 B, total 817 MB, took 0.01 s
/home/mt/www/6.7/src/Core/System/SalesChannel/Event/SalesChannelContextCreatedEvent.php
--- consumed 0 B, total 817 MB, took 0.01 s
/home/mt/www/6.7/src/Core/System/SalesChannel/Event/SalesChannelProcessCriteriaEvent.php
--- consumed 0 B, total 817 MB, took 0.01 s
/home/mt/www/6.7/src/Core/System/SalesChannel/Event/SalesChannelContextRestorerOrderCriteriaEvent.php
--- consumed 0 B, total 817 MB, took 0.00 s
/home/mt/www/6.7/src/Core/System/SalesChannel/Event/SwitchContextEvent.php
--- consumed 0 B, total 817 MB, took 0.01 s
/home/mt/www/6.7/src/Core/System/SalesChannel/Event/SalesChannelContextPermissionsChangedEvent.php
--- consumed 0 B, total 817 MB, took 0.01 s
/home/mt/www/6.7/src/Core/System/SalesChannel/Event/SalesChannelContextTokenChangeEvent.php
--- consumed 0 B, total 817 MB, took 0.01 s
/home/mt/www/6.7/src/Core/System/SalesChannel/Entity/SalesChannelEntityLoadedEvent.php
--- consumed 0 B, total 817 MB, took 0.02 s
/home/mt/www/6.7/src/Core/System/SalesChannel/Entity/SalesChannelDefinitionInterface.php
--- consumed 0 B, total 817 MB, took 0.00 s
/home/mt/www/6.7/src/Core/System/SalesChannel/Entity/DefinitionRegistryChain.php
--- consumed 0 B, total 817 MB, took 0.02 s
/home/mt/www/6.7/src/Core/System/SalesChannel/Entity/PartialSalesChannelEntityLoadedEvent.php
--- consumed 0 B, total 817 MB, took 0.01 s
/home/mt/www/6.7/src/Core/System/SalesChannel/Entity/SalesChannelEntitySearchResultLoadedEvent.php
--- consumed 0 B, total 817 MB, took 0.02 s
/home/mt/www/6.7/src/Core/System/SalesChannel/Entity/SalesChannelRepository.php
--- consumed 0 B, total 817 MB, took 0.21 s
/home/mt/www/6.7/src/Core/System/SalesChannel/Entity/SalesChannelEntityAggregationResultLoadedEvent.php
--- consumed 0 B, total 817 MB, took 0.01 s
/home/mt/www/6.7/src/Core/System/SalesChannel/Entity/SalesChannelDefinitionInstanceRegistry.php
--- consumed 0 B, total 817 MB, took 0.03 s
/home/mt/www/6.7/src/Core/System/SalesChannel/Entity/SalesChannelEntityIdSearchResultLoadedEvent.php
--- consumed 0 B, total 817 MB, took 0.01 s
/home/mt/www/6.7/src/Core/System/SalesChannel/SalesChannelContext.php
--- consumed 0 B, total 817 MB, took 0.14 s
/home/mt/www/6.7/src/Core/System/SalesChannel/SalesChannelEvents.php
--- consumed 0 B, total 817 MB, took 0.00 s
/home/mt/www/6.7/src/Core/System/SalesChannel/SalesChannel/ContextRoute.php
--- consumed 0 B, total 817 MB, took 0.01 s
/home/mt/www/6.7/src/Core/System/SalesChannel/SalesChannel/ContextLoadRouteResponse.php
--- consumed 0 B, total 817 MB, took 0.01 s
/home/mt/www/6.7/src/Core/System/SalesChannel/SalesChannel/SalesChannelContextSwitcher.php
--- consumed 0 B, total 817 MB, took 0.01 s
/home/mt/www/6.7/src/Core/System/SalesChannel/SalesChannel/ContextSwitchRoute.php
--- consumed 2 MB, total 819 MB, took 0.27 s
/home/mt/www/6.7/src/Core/System/SalesChannel/SalesChannel/AbstractContextRoute.php
--- consumed 0 B, total 819 MB, took 0.00 s
/home/mt/www/6.7/src/Core/System/SalesChannel/SalesChannel/StoreApiInfoController.php
--- consumed 0 B, total 819 MB, took 0.03 s
/home/mt/www/6.7/src/Core/System/SalesChannel/SalesChannel/AbstractContextSwitchRoute.php
--- consumed 0 B, total 819 MB, took 0.00 s
/home/mt/www/6.7/src/Core/System/SalesChannel/BaseSalesChannelContext.php
--- consumed 0 B, total 819 MB, took 0.02 s
/home/mt/www/6.7/src/Core/System/SalesChannel/SuccessResponse.php
--- consumed 0 B, total 819 MB, took 0.01 s
/home/mt/www/6.7/src/Core/System/SalesChannel/Context/AbstractSalesChannelContextFactory.php
--- consumed 0 B, total 819 MB, took 0.00 s
/home/mt/www/6.7/src/Core/System/SalesChannel/Context/SalesChannelContextPersister.php
--- consumed 0 B, total 819 MB, took 0.15 s
/home/mt/www/6.7/src/Core/System/SalesChannel/Context/LanguageInfo.php
--- consumed 0 B, total 819 MB, took 0.00 s
/home/mt/www/6.7/src/Core/System/SalesChannel/Context/CachedBaseSalesChannelContextFactory.php
--- consumed 0 B, total 819 MB, took 0.02 s
/home/mt/www/6.7/src/Core/System/SalesChannel/Context/ContextFactory.php
--- consumed 0 B, total 819 MB, took 0.06 s
/home/mt/www/6.7/src/Core/System/SalesChannel/Context/CachedSalesChannelContextFactory.php
--- consumed 0 B, total 819 MB, took 0.03 s
/home/mt/www/6.7/src/Core/System/SalesChannel/Context/SalesChannelContextRestorer.php
--- consumed 2 MB, total 821 MB, took 0.12 s
/home/mt/www/6.7/src/Core/System/SalesChannel/Context/SalesChannelContextFactory.php
--- consumed 0 B, total 821 MB, took 0.26 s
/home/mt/www/6.7/src/Core/System/SalesChannel/Context/Cleanup/CleanupSalesChannelContextTaskHandler.php
--- consumed 0 B, total 821 MB, took 0.01 s
/home/mt/www/6.7/src/Core/System/SalesChannel/Context/Cleanup/CleanupSalesChannelContextTask.php
--- consumed 0 B, total 821 MB, took 0.00 s
/home/mt/www/6.7/src/Core/System/SalesChannel/Context/SalesChannelContextServiceInterface.php
--- consumed 0 B, total 821 MB, took 0.00 s
/home/mt/www/6.7/src/Core/System/SalesChannel/Context/BaseSalesChannelContextFactory.php
--- consumed 4 MB, total 825 MB, took 0.42 s
/home/mt/www/6.7/src/Core/System/SalesChannel/Context/CartRestorer.php
--- consumed 0 B, total 825 MB, took 0.13 s
/home/mt/www/6.7/src/Core/System/SalesChannel/Context/SalesChannelContextServiceParameters.php
--- consumed 0 B, total 825 MB, took 0.01 s
/home/mt/www/6.7/src/Core/System/SalesChannel/Context/SalesChannelContextService.php
--- consumed 0 B, total 825 MB, took 0.13 s
/home/mt/www/6.7/src/Core/System/SalesChannel/Context/SalesChannelContextValueResolver.php
--- consumed 0 B, total 825 MB, took 0.01 s
/home/mt/www/6.7/src/Core/System/SalesChannel/Context/AbstractBaseSalesChannelContextFactory.php
--- consumed 0 B, total 825 MB, took 0.00 s
/home/mt/www/6.7/src/Core/System/SalesChannel/Subscriber/SalesChannelTypeValidator.php
--- consumed 0 B, total 825 MB, took 0.02 s
/home/mt/www/6.7/src/Core/System/SalesChannel/Exception/DefaultSalesChannelTypeCannotBeDeleted.php
--- consumed 0 B, total 825 MB, took 0.01 s
/home/mt/www/6.7/src/Core/System/SalesChannel/Exception/SalesChannelRepositoryNotFoundException.php
--- consumed 0 B, total 825 MB, took 0.00 s
/home/mt/www/6.7/src/Core/System/SalesChannel/Exception/LanguageOfSalesChannelDomainDeleteException.php
--- consumed 0 B, total 825 MB, took 0.01 s
/home/mt/www/6.7/src/Core/System/SalesChannel/SalesChannelCollection.php
--- consumed 0 B, total 825 MB, took 0.07 s
/home/mt/www/6.7/src/Core/System/SalesChannel/StoreApiRequestHook.php
--- consumed 0 B, total 825 MB, took 0.01 s
/home/mt/www/6.7/src/Core/System/SalesChannel/NoContentResponse.php
--- consumed 0 B, total 825 MB, took 0.01 s
/home/mt/www/6.7/src/Core/System/SalesChannel/SalesChannelExceptionHandler.php
--- consumed 0 B, total 825 MB, took 0.00 s
/home/mt/www/6.7/src/Core/System/SalesChannel/GenericStoreApiResponse.php
--- consumed 0 B, total 825 MB, took 0.01 s
/home/mt/www/6.7/src/Core/System/SalesChannel/StoreApiCustomFieldMapper.php
--- consumed 0 B, total 825 MB, took 0.05 s
/home/mt/www/6.7/src/Core/System/SalesChannel/Aggregate/SalesChannelLanguage/SalesChannelLanguageDefinition.php
--- consumed 0 B, total 825 MB, took 0.01 s
/home/mt/www/6.7/src/Core/System/SalesChannel/Aggregate/SalesChannelTranslation/SalesChannelTranslationDefinition.php
--- consumed 0 B, total 825 MB, took 0.21 s
/home/mt/www/6.7/src/Core/System/SalesChannel/Aggregate/SalesChannelTranslation/SalesChannelTranslationCollection.php
--- consumed 0 B, total 825 MB, took 0.02 s
/home/mt/www/6.7/src/Core/System/SalesChannel/Aggregate/SalesChannelTranslation/SalesChannelTranslationEntity.php
--- consumed 2 MB, total 827 MB, took 0.05 s
/home/mt/www/6.7/src/Core/System/SalesChannel/Aggregate/SalesChannelCountry/SalesChannelCountryDefinition.php
--- consumed 0 B, total 827 MB, took 0.01 s
/home/mt/www/6.7/src/Core/System/SalesChannel/Aggregate/SalesChannelDomain/SalesChannelDomainCollection.php
--- consumed 0 B, total 827 MB, took 0.01 s
/home/mt/www/6.7/src/Core/System/SalesChannel/Aggregate/SalesChannelDomain/SalesChannelDomainEntity.php
--- consumed 0 B, total 827 MB, took 0.06 s
/home/mt/www/6.7/src/Core/System/SalesChannel/Aggregate/SalesChannelDomain/SalesChannelDomainDefinition.php
--- consumed 0 B, total 827 MB, took 0.04 s
/home/mt/www/6.7/src/Core/System/SalesChannel/Aggregate/SalesChannelAnalytics/SalesChannelAnalyticsDefinition.php
--- consumed 0 B, total 827 MB, took 0.02 s
/home/mt/www/6.7/src/Core/System/SalesChannel/Aggregate/SalesChannelAnalytics/SalesChannelAnalyticsEntity.php
--- consumed 0 B, total 827 MB, took 0.02 s
/home/mt/www/6.7/src/Core/System/SalesChannel/Aggregate/SalesChannelAnalytics/SalesChannelAnalyticsCollection.php
--- consumed 0 B, total 827 MB, took 0.01 s
/home/mt/www/6.7/src/Core/System/SalesChannel/Aggregate/SalesChannelPaymentMethod/SalesChannelPaymentMethodDefinition.php
--- consumed 0 B, total 827 MB, took 0.01 s
/home/mt/www/6.7/src/Core/System/SalesChannel/Aggregate/SalesChannelCurrency/SalesChannelCurrencyDefinition.php
--- consumed 0 B, total 827 MB, took 0.01 s
/home/mt/www/6.7/src/Core/System/SalesChannel/Aggregate/SalesChannelTypeTranslation/SalesChannelTypeTranslationCollection.php
--- consumed 0 B, total 827 MB, took 0.03 s
/home/mt/www/6.7/src/Core/System/SalesChannel/Aggregate/SalesChannelTypeTranslation/SalesChannelTypeTranslationDefinition.php
--- consumed 0 B, total 827 MB, took 0.01 s
/home/mt/www/6.7/src/Core/System/SalesChannel/Aggregate/SalesChannelTypeTranslation/SalesChannelTypeTranslationEntity.php
--- consumed 2 MB, total 829 MB, took 0.04 s
/home/mt/www/6.7/src/Core/System/SalesChannel/Aggregate/SalesChannelShippingMethod/SalesChannelShippingMethodDefinition.php
--- consumed 0 B, total 829 MB, took 0.01 s
/home/mt/www/6.7/src/Core/System/SalesChannel/Aggregate/SalesChannelType/SalesChannelTypeDefinition.php
--- consumed 0 B, total 829 MB, took 0.02 s
/home/mt/www/6.7/src/Core/System/SalesChannel/Aggregate/SalesChannelType/SalesChannelTypeCollection.php
--- consumed 0 B, total 829 MB, took 0.01 s
/home/mt/www/6.7/src/Core/System/SalesChannel/Aggregate/SalesChannelType/SalesChannelTypeEntity.php
--- consumed 0 B, total 829 MB, took 0.06 s
/home/mt/www/6.7/src/Core/System/SalesChannel/SalesChannelDefinition.php
--- consumed 0 B, total 829 MB, took 0.31 s
/home/mt/www/6.7/src/Core/System/SalesChannel/DataAbstractionLayer/SalesChannelIndexingMessage.php
--- consumed 0 B, total 829 MB, took 0.01 s
/home/mt/www/6.7/src/Core/System/SalesChannel/DataAbstractionLayer/SalesChannelIndexer.php
--- consumed 2 MB, total 831 MB, took 0.04 s
/home/mt/www/6.7/src/Core/System/SalesChannel/Cookie/AnalyticsCookieCollectListener.php
--- consumed 0 B, total 831 MB, took 0.04 s
/home/mt/www/6.7/src/Core/System/SalesChannel/SalesChannelEntity.php
--- consumed 2 MB, total 833 MB, took 0.26 s
/home/mt/www/6.7/src/Core/System/SalesChannel/Validation/SalesChannelValidator.php
--- consumed 2 MB, total 835 MB, took 0.47 s
/home/mt/www/6.7/src/Core/System/SalesChannel/ContextTokenResponse.php
--- consumed 0 B, total 835 MB, took 0.01 s
/home/mt/www/6.7/src/Core/System/SalesChannel/StoreApiResponse.php
--- consumed 0 B, total 835 MB, took 0.01 s
/home/mt/www/6.7/src/Core/System/SalesChannel/SalesChannelException.php
--- consumed 0 B, total 835 MB, took 0.09 s
/home/mt/www/6.7/src/Core/System/SystemConfig/ConfiguredSystemConfigLoader.php
--- consumed 0 B, total 835 MB, took 0.01 s
/home/mt/www/6.7/src/Core/System/SystemConfig/Api/SystemConfigController.php
--- consumed 0 B, total 835 MB, took 0.06 s
/home/mt/www/6.7/src/Core/System/SystemConfig/Event/BeforeSystemConfigMultipleChangedEvent.php
--- consumed 0 B, total 835 MB, took 0.01 s
/home/mt/www/6.7/src/Core/System/SystemConfig/Event/BeforeSystemConfigChangedEvent.php
--- consumed 0 B, total 835 MB, took 0.01 s
/home/mt/www/6.7/src/Core/System/SystemConfig/Event/SystemConfigMultipleChangedEvent.php
--- consumed 0 B, total 835 MB, took 0.01 s
/home/mt/www/6.7/src/Core/System/SystemConfig/Event/SystemConfigDomainLoadedEvent.php
--- consumed 0 B, total 835 MB, took 0.01 s
/home/mt/www/6.7/src/Core/System/SystemConfig/Event/SystemConfigChangedEvent.php
--- consumed 0 B, total 835 MB, took 0.01 s
/home/mt/www/6.7/src/Core/System/SystemConfig/Event/SystemConfigChangedHook.php
--- consumed 0 B, total 835 MB, took 0.04 s
/home/mt/www/6.7/src/Core/System/SystemConfig/CachedSystemConfigLoader.php
--- consumed 0 B, total 835 MB, took 0.02 s
/home/mt/www/6.7/src/Core/System/SystemConfig/MemoizedSystemConfigLoader.php
--- consumed 0 B, total 835 MB, took 0.01 s
/home/mt/www/6.7/src/Core/System/SystemConfig/AbstractSystemConfigLoader.php
--- consumed 0 B, total 835 MB, took 0.00 s
/home/mt/www/6.7/src/Core/System/SystemConfig/SystemConfigException.php
--- consumed 0 B, total 835 MB, took 0.04 s
/home/mt/www/6.7/src/Core/System/SystemConfig/Service/AppConfigReader.php
--- consumed 0 B, total 835 MB, took 0.01 s
/home/mt/www/6.7/src/Core/System/SystemConfig/Service/ConfigurationService.php
--- consumed 0 B, total 835 MB, took 0.18 s
/home/mt/www/6.7/src/Core/System/SystemConfig/SystemConfigEntity.php
--- consumed 0 B, total 835 MB, took 0.02 s
/home/mt/www/6.7/src/Core/System/SystemConfig/SystemConfigCollection.php
--- consumed 0 B, total 835 MB, took 0.01 s
/home/mt/www/6.7/src/Core/System/SystemConfig/SystemConfigService.php
--- consumed 2 MB, total 837 MB, took 0.63 s
/home/mt/www/6.7/src/Core/System/SystemConfig/Exception/InvalidSettingValueException.php
--- consumed 0 B, total 837 MB, took 0.01 s
/home/mt/www/6.7/src/Core/System/SystemConfig/Exception/BundleConfigNotFoundException.php
--- consumed 0 B, total 837 MB, took 0.01 s
/home/mt/www/6.7/src/Core/System/SystemConfig/Exception/InvalidDomainException.php
--- consumed 0 B, total 837 MB, took 0.01 s
/home/mt/www/6.7/src/Core/System/SystemConfig/Exception/InvalidKeyException.php
--- consumed 0 B, total 837 MB, took 0.01 s
/home/mt/www/6.7/src/Core/System/SystemConfig/SystemConfigLoader.php
--- consumed 0 B, total 837 MB, took 0.07 s
/home/mt/www/6.7/src/Core/System/SystemConfig/Facade/SystemConfigFacadeHookFactory.php
--- consumed 0 B, total 837 MB, took 0.02 s
/home/mt/www/6.7/src/Core/System/SystemConfig/Facade/SystemConfigFacade.php
--- consumed 2 MB, total 839 MB, took 0.03 s
/home/mt/www/6.7/src/Core/System/SystemConfig/Command/ConfigGet.php
--- consumed 0 B, total 839 MB, took 0.08 s
/home/mt/www/6.7/src/Core/System/SystemConfig/Command/ConfigSet.php
--- consumed 0 B, total 839 MB, took 0.04 s
/home/mt/www/6.7/src/Core/System/SystemConfig/Util/ConfigReader.php
--- consumed 4 MB, total 843 MB, took 0.39 s
/home/mt/www/6.7/src/Core/System/SystemConfig/SymfonySystemConfigService.php
--- consumed 0 B, total 843 MB, took 0.05 s
/home/mt/www/6.7/src/Core/System/SystemConfig/Store/MemoizedSystemConfigStore.php
--- consumed 0 B, total 843 MB, took 0.02 s
/home/mt/www/6.7/src/Core/System/SystemConfig/SystemConfigDefinition.php
--- consumed 0 B, total 843 MB, took 0.02 s
/home/mt/www/6.7/src/Core/System/SystemConfig/Validation/SystemConfigValidator.php
--- consumed 0 B, total 843 MB, took 0.12 s
/home/mt/www/6.7/src/Core/System/Tag/Service/FilterTagIdsService.php
--- consumed 0 B, total 843 MB, took 0.10 s
/home/mt/www/6.7/src/Core/System/Tag/Struct/FilteredTagIdsStruct.php
--- consumed 0 B, total 843 MB, took 0.01 s
/home/mt/www/6.7/src/Core/System/Tag/TagCollection.php
--- consumed 0 B, total 843 MB, took 0.01 s
/home/mt/www/6.7/src/Core/System/Tag/TagDefinition.php
--- consumed 0 B, total 843 MB, took 0.03 s
/home/mt/www/6.7/src/Core/System/Tag/TagEntity.php
--- consumed 0 B, total 843 MB, took 0.04 s
/home/mt/www/6.7/src/Core/System/StateMachine/Api/StateMachineActionController.php
--- consumed 4 MB, total 847 MB, took 0.26 s
/home/mt/www/6.7/src/Core/System/StateMachine/Transition.php
--- consumed 0 B, total 847 MB, took 0.01 s
/home/mt/www/6.7/src/Core/System/StateMachine/Event/StateMachineTransitionEvent.php
--- consumed 0 B, total 847 MB, took 0.01 s
/home/mt/www/6.7/src/Core/System/StateMachine/Event/StateMachineStateChangeEvent.php
--- consumed 0 B, total 847 MB, took 0.02 s
/home/mt/www/6.7/src/Core/System/StateMachine/StateMachineCollection.php
--- consumed 0 B, total 847 MB, took 0.01 s
/home/mt/www/6.7/src/Core/System/StateMachine/StateMachineException.php
--- consumed 0 B, total 847 MB, took 0.02 s
/home/mt/www/6.7/src/Core/System/StateMachine/Loader/InitialStateIdLoader.php
--- consumed 0 B, total 847 MB, took 0.01 s
/home/mt/www/6.7/src/Core/System/StateMachine/Exception/UnnecessaryTransitionException.php
--- consumed 0 B, total 847 MB, took 0.01 s
/home/mt/www/6.7/src/Core/System/StateMachine/Exception/IllegalTransitionException.php
--- consumed 0 B, total 847 MB, took 0.01 s
/home/mt/www/6.7/src/Core/System/StateMachine/Command/WorkflowDumpCommand.php
--- consumed 0 B, total 847 MB, took 0.04 s
/home/mt/www/6.7/src/Core/System/StateMachine/StateMachineTranslationCollection.php
--- consumed 0 B, total 847 MB, took 0.02 s
/home/mt/www/6.7/src/Core/System/StateMachine/Util/StateMachineGraphvizDumper.php
--- consumed 0 B, total 847 MB, took 0.14 s
/home/mt/www/6.7/src/Core/System/StateMachine/StateMachineTranslationDefinition.php
--- consumed 0 B, total 847 MB, took 0.01 s
/home/mt/www/6.7/src/Core/System/StateMachine/StateMachineEntity.php
--- consumed 0 B, total 847 MB, took 0.05 s
/home/mt/www/6.7/src/Core/System/StateMachine/StateMachineTranslationEntity.php
--- consumed 0 B, total 847 MB, took 0.03 s
/home/mt/www/6.7/src/Core/System/StateMachine/Aggregation/StateMachineTransition/StateMachineTransitionActions.php
--- consumed 0 B, total 847 MB, took 0.00 s
/home/mt/www/6.7/src/Core/System/StateMachine/Aggregation/StateMachineTransition/StateMachineTransitionEntity.php
--- consumed 0 B, total 847 MB, took 0.04 s
/home/mt/www/6.7/src/Core/System/StateMachine/Aggregation/StateMachineTransition/StateMachineTransitionCollection.php
--- consumed 0 B, total 847 MB, took 0.01 s
/home/mt/www/6.7/src/Core/System/StateMachine/Aggregation/StateMachineTransition/StateMachineTransitionDefinition.php
--- consumed 0 B, total 847 MB, took 0.02 s
/home/mt/www/6.7/src/Core/System/StateMachine/Aggregation/StateMachineState/StateMachineStateDefinition.php
--- consumed 0 B, total 847 MB, took 0.03 s
/home/mt/www/6.7/src/Core/System/StateMachine/Aggregation/StateMachineState/StateMachineStateTranslationDefinition.php
--- consumed 0 B, total 847 MB, took 0.01 s
/home/mt/www/6.7/src/Core/System/StateMachine/Aggregation/StateMachineState/StateMachineStateEntity.php
--- consumed 0 B, total 847 MB, took 0.08 s
/home/mt/www/6.7/src/Core/System/StateMachine/Aggregation/StateMachineState/StateMachineStateCollection.php
--- consumed 0 B, total 847 MB, took 0.01 s
/home/mt/www/6.7/src/Core/System/StateMachine/Aggregation/StateMachineState/StateMachineStateTranslationCollection.php
--- consumed 0 B, total 847 MB, took 0.01 s
/home/mt/www/6.7/src/Core/System/StateMachine/Aggregation/StateMachineState/StateMachineStateTranslationEntity.php
--- consumed 0 B, total 847 MB, took 0.03 s
/home/mt/www/6.7/src/Core/System/StateMachine/Aggregation/StateMachineHistory/StateMachineHistoryDefinition.php
--- consumed 0 B, total 847 MB, took 0.02 s
/home/mt/www/6.7/src/Core/System/StateMachine/Aggregation/StateMachineHistory/StateMachineHistoryEntity.php
--- consumed 0 B, total 847 MB, took 0.04 s
/home/mt/www/6.7/src/Core/System/StateMachine/Aggregation/StateMachineHistory/StateMachineHistoryCollection.php
--- consumed 0 B, total 847 MB, took 0.01 s
/home/mt/www/6.7/src/Core/System/StateMachine/StateMachineDefinition.php
--- consumed 0 B, total 847 MB, took 0.02 s
/home/mt/www/6.7/src/Core/System/StateMachine/StateMachineRegistry.php
--- consumed 2 MB, total 849 MB, took 0.19 s
/home/mt/www/6.7/src/Core/System/CustomField/Api/CustomFieldSetActionController.php
--- consumed 0 B, total 849 MB, took 0.02 s
/home/mt/www/6.7/src/Core/System/CustomField/CustomFieldEvents.php
--- consumed 0 B, total 849 MB, took 0.00 s
/home/mt/www/6.7/src/Core/System/CustomField/CustomFieldException.php
--- consumed 0 B, total 849 MB, took 0.01 s
/home/mt/www/6.7/src/Core/System/CustomField/CustomFieldEntity.php
--- consumed 0 B, total 849 MB, took 0.03 s
/home/mt/www/6.7/src/Core/System/CustomField/Aggregate/CustomFieldSet/CustomFieldSetCollection.php
--- consumed 0 B, total 849 MB, took 0.01 s
/home/mt/www/6.7/src/Core/System/CustomField/Aggregate/CustomFieldSet/CustomFieldSetEntity.php
--- consumed 0 B, total 849 MB, took 0.04 s
/home/mt/www/6.7/src/Core/System/CustomField/Aggregate/CustomFieldSet/CustomFieldSetDefinition.php
--- consumed 0 B, total 849 MB, took 0.22 s
/home/mt/www/6.7/src/Core/System/CustomField/Aggregate/CustomFieldSetRelation/CustomFieldSetRelationCollection.php
--- consumed 0 B, total 849 MB, took 0.01 s
/home/mt/www/6.7/src/Core/System/CustomField/Aggregate/CustomFieldSetRelation/CustomFieldSetRelationDefinition.php
--- consumed 0 B, total 849 MB, took 0.01 s
/home/mt/www/6.7/src/Core/System/CustomField/Aggregate/CustomFieldSetRelation/CustomFieldSetRelationEntity.php
--- consumed 0 B, total 849 MB, took 0.01 s
/home/mt/www/6.7/src/Core/System/CustomField/CustomFieldService.php
--- consumed 0 B, total 849 MB, took 0.06 s
/home/mt/www/6.7/src/Core/System/CustomField/CustomFieldDefinition.php
--- consumed 0 B, total 849 MB, took 0.02 s
/home/mt/www/6.7/src/Core/System/CustomField/CustomFieldTypes.php
--- consumed 0 B, total 849 MB, took 0.00 s
/home/mt/www/6.7/src/Core/System/CustomField/CustomFieldCollection.php
--- consumed 0 B, total 849 MB, took 0.01 s
/home/mt/www/6.7/src/Core/System/Integration/IntegrationCollection.php
--- consumed 0 B, total 849 MB, took 0.01 s
/home/mt/www/6.7/src/Core/System/Integration/IntegrationEvents.php
--- consumed 0 B, total 849 MB, took 0.00 s
/home/mt/www/6.7/src/Core/System/Integration/IntegrationDefinition.php
--- consumed 0 B, total 849 MB, took 0.02 s
/home/mt/www/6.7/src/Core/System/Integration/Aggregate/IntegrationRole/IntegrationRoleDefinition.php
--- consumed 0 B, total 849 MB, took 0.01 s
/home/mt/www/6.7/src/Core/System/Integration/IntegrationEntity.php
--- consumed 0 B, total 849 MB, took 0.06 s
/home/mt/www/6.7/src/Core/System/Tax/TaxEntity.php
--- consumed 0 B, total 849 MB, took 0.05 s
/home/mt/www/6.7/src/Core/System/Tax/TaxRuleType/AbstractTaxRuleTypeFilter.php
--- consumed 0 B, total 849 MB, took 0.01 s
/home/mt/www/6.7/src/Core/System/Tax/TaxRuleType/IndividualStatesRuleTypeFilter.php
--- consumed 0 B, total 849 MB, took 0.03 s
/home/mt/www/6.7/src/Core/System/Tax/TaxRuleType/ZipCodeRangeRuleTypeFilter.php
--- consumed 0 B, total 849 MB, took 0.03 s
/home/mt/www/6.7/src/Core/System/Tax/TaxRuleType/ZipCodeRuleTypeFilter.php
--- consumed 0 B, total 849 MB, took 0.02 s
/home/mt/www/6.7/src/Core/System/Tax/TaxRuleType/TaxRuleTypeFilterInterface.php
--- consumed 0 B, total 849 MB, took 0.00 s
/home/mt/www/6.7/src/Core/System/Tax/TaxRuleType/EntireCountryRuleTypeFilter.php
--- consumed 0 B, total 849 MB, took 0.01 s
/home/mt/www/6.7/src/Core/System/Tax/TaxCollection.php
--- consumed 0 B, total 849 MB, took 0.01 s
/home/mt/www/6.7/src/Core/System/Tax/TaxDefinition.php
--- consumed 0 B, total 849 MB, took 0.02 s
/home/mt/www/6.7/src/Core/System/Tax/Aggregate/TaxRuleType/TaxRuleTypeEntity.php
--- consumed 0 B, total 849 MB, took 0.02 s
/home/mt/www/6.7/src/Core/System/Tax/Aggregate/TaxRuleType/TaxRuleTypeCollection.php
--- consumed 0 B, total 849 MB, took 0.01 s
/home/mt/www/6.7/src/Core/System/Tax/Aggregate/TaxRuleType/TaxRuleTypeDefinition.php
--- consumed 0 B, total 849 MB, took 0.02 s
/home/mt/www/6.7/src/Core/System/Tax/Aggregate/TaxRule/TaxRuleCollection.php
--- consumed 0 B, total 849 MB, took 0.04 s
/home/mt/www/6.7/src/Core/System/Tax/Aggregate/TaxRule/TaxRuleDefinition.php
--- consumed 0 B, total 849 MB, took 0.02 s
/home/mt/www/6.7/src/Core/System/Tax/Aggregate/TaxRule/TaxRuleEntity.php
--- consumed 0 B, total 849 MB, took 0.03 s
/home/mt/www/6.7/src/Core/System/Tax/Aggregate/TaxRuleTypeTranslation/TaxRuleTypeTranslationDefinition.php
--- consumed 0 B, total 849 MB, took 0.01 s
/home/mt/www/6.7/src/Core/System/Tax/Aggregate/TaxRuleTypeTranslation/TaxRuleTypeTranslationCollection.php
--- consumed 0 B, total 849 MB, took 0.01 s
/home/mt/www/6.7/src/Core/System/Tax/Aggregate/TaxRuleTypeTranslation/TaxRuleTypeTranslationEntity.php
--- consumed 0 B, total 849 MB, took 0.01 s
/home/mt/www/6.7/src/Core/System/Tax/TaxEvents.php
--- consumed 0 B, total 849 MB, took 0.00 s
/home/mt/www/6.7/src/Core/System/System.php
--- consumed 0 B, total 849 MB, took 0.04 s
/home/mt/www/6.7/src/Core/System/DeliveryTime/DeliveryTimeCollection.php
--- consumed 0 B, total 849 MB, took 0.01 s
/home/mt/www/6.7/src/Core/System/DeliveryTime/DeliveryTimeDefinition.php
--- consumed 0 B, total 849 MB, took 0.02 s
/home/mt/www/6.7/src/Core/System/DeliveryTime/Aggregate/DeliveryTimeTranslation/DeliveryTimeTranslationCollection.php
--- consumed 0 B, total 849 MB, took 0.03 s
/home/mt/www/6.7/src/Core/System/DeliveryTime/Aggregate/DeliveryTimeTranslation/DeliveryTimeTranslationEntity.php
--- consumed 0 B, total 849 MB, took 0.03 s
/home/mt/www/6.7/src/Core/System/DeliveryTime/Aggregate/DeliveryTimeTranslation/DeliveryTimeTranslationDefinition.php
--- consumed 0 B, total 849 MB, took 0.01 s
/home/mt/www/6.7/src/Core/System/DeliveryTime/DeliveryTimeEntity.php
--- consumed 2 MB, total 851 MB, took 0.05 s
/home/mt/www/6.7/src/Core/System/Snippet/SnippetValidator.php
--- consumed 0 B, total 851 MB, took 0.29 s
/home/mt/www/6.7/src/Core/System/Snippet/Api/SnippetController.php
--- consumed 2 MB, total 853 MB, took 0.43 s
/home/mt/www/6.7/src/Core/System/Snippet/Event/SnippetsThemeResolveEvent.php
--- consumed 0 B, total 853 MB, took 0.01 s
/home/mt/www/6.7/src/Core/System/Snippet/SnippetFixer.php
--- consumed 0 B, total 853 MB, took 0.09 s
/home/mt/www/6.7/src/Core/System/Snippet/Filter/TranslationKeyFilter.php
--- consumed 0 B, total 853 MB, took 0.03 s
/home/mt/www/6.7/src/Core/System/Snippet/Filter/AuthorFilter.php
--- consumed 0 B, total 853 MB, took 0.02 s
/home/mt/www/6.7/src/Core/System/Snippet/Filter/TermFilter.php
--- consumed 0 B, total 853 MB, took 0.03 s
/home/mt/www/6.7/src/Core/System/Snippet/Filter/EmptySnippetFilter.php
--- consumed 0 B, total 853 MB, took 0.02 s
/home/mt/www/6.7/src/Core/System/Snippet/Filter/AddedFilter.php
--- consumed 0 B, total 853 MB, took 0.02 s
/home/mt/www/6.7/src/Core/System/Snippet/Filter/AbstractFilter.php
--- consumed 0 B, total 853 MB, took 0.04 s
/home/mt/www/6.7/src/Core/System/Snippet/Filter/SnippetFilterFactory.php
--- consumed 0 B, total 853 MB, took 0.01 s
/home/mt/www/6.7/src/Core/System/Snippet/Filter/SnippetFilterInterface.php
--- consumed 0 B, total 853 MB, took 0.00 s
/home/mt/www/6.7/src/Core/System/Snippet/Filter/NamespaceFilter.php
--- consumed 0 B, total 853 MB, took 0.03 s
/home/mt/www/6.7/src/Core/System/Snippet/Filter/EditedFilter.php
--- consumed 0 B, total 853 MB, took 0.02 s
/home/mt/www/6.7/src/Core/System/Snippet/Extension/StorefrontSnippetsExtension.php
--- consumed 0 B, total 853 MB, took 0.01 s
/home/mt/www/6.7/src/Core/System/Snippet/SnippetDefinition.php
--- consumed 0 B, total 853 MB, took 0.02 s
/home/mt/www/6.7/src/Core/System/Snippet/SnippetEntity.php
--- consumed 0 B, total 853 MB, took 0.04 s
/home/mt/www/6.7/src/Core/System/Snippet/SnippetValidatorInterface.php
--- consumed 0 B, total 853 MB, took 0.00 s
/home/mt/www/6.7/src/Core/System/Snippet/SnippetFileHandler.php
--- consumed 2 MB, total 855 MB, took 0.05 s
/home/mt/www/6.7/src/Core/System/Snippet/Service/TranslationMetadataLoader.php
--- consumed 0 B, total 855 MB, took 0.07 s
/home/mt/www/6.7/src/Core/System/Snippet/Service/TranslationConfigLoader.php
--- consumed 0 B, total 855 MB, took 0.10 s
/home/mt/www/6.7/src/Core/System/Snippet/Service/AbstractTranslationConfigLoader.php
--- consumed 0 B, total 855 MB, took 0.00 s
/home/mt/www/6.7/src/Core/System/Snippet/Service/TranslationLoader.php
--- consumed 0 B, total 855 MB, took 0.12 s
/home/mt/www/6.7/src/Core/System/Snippet/Subscriber/CustomFieldSubscriber.php
--- consumed 0 B, total 855 MB, took 0.06 s
/home/mt/www/6.7/src/Core/System/Snippet/SnippetPatterns.php
--- consumed 0 B, total 855 MB, took 0.00 s
/home/mt/www/6.7/src/Core/System/Snippet/Struct/LintedTranslationFileOptions.php
--- consumed 0 B, total 855 MB, took 0.02 s
/home/mt/www/6.7/src/Core/System/Snippet/Struct/FixableTranslationFileCollection.php
--- consumed 0 B, total 855 MB, took 0.02 s
/home/mt/www/6.7/src/Core/System/Snippet/Struct/TranslationFileCollection.php
--- consumed 0 B, total 855 MB, took 0.01 s
/home/mt/www/6.7/src/Core/System/Snippet/Struct/SnippetValidationStruct.php
--- consumed 0 B, total 855 MB, took 0.00 s
/home/mt/www/6.7/src/Core/System/Snippet/Struct/InvalidPluralizationCollection.php
--- consumed 0 B, total 855 MB, took 0.00 s
/home/mt/www/6.7/src/Core/System/Snippet/Struct/TranslationConfig.php
--- consumed 0 B, total 855 MB, took 0.01 s
/home/mt/www/6.7/src/Core/System/Snippet/Struct/LintedTranslationFileStruct.php
--- consumed 0 B, total 855 MB, took 0.03 s
/home/mt/www/6.7/src/Core/System/Snippet/Struct/TranslationFile.php
--- consumed 0 B, total 855 MB, took 0.01 s
/home/mt/www/6.7/src/Core/System/Snippet/Struct/InvalidPluralizationStruct.php
--- consumed 0 B, total 855 MB, took 0.00 s
/home/mt/www/6.7/src/Core/System/Snippet/Struct/MissingSnippetCollection.php
--- consumed 0 B, total 855 MB, took 0.00 s
/home/mt/www/6.7/src/Core/System/Snippet/Struct/MissingSnippetStruct.php
--- consumed 0 B, total 855 MB, took 0.01 s
/home/mt/www/6.7/src/Core/System/Snippet/SnippetService.php
--- consumed 0 B, total 855 MB, took 0.66 s
/home/mt/www/6.7/src/Core/System/Snippet/Command/UpdateTranslationCommand.php
--- consumed 2 MB, total 857 MB, took 0.03 s
/home/mt/www/6.7/src/Core/System/Snippet/Command/LintTranslationFilesCommand.php
--- consumed 0 B, total 857 MB, took 0.16 s
/home/mt/www/6.7/src/Core/System/Snippet/Command/ValidateSnippetsCommand.php
--- consumed 0 B, total 857 MB, took 0.05 s
/home/mt/www/6.7/src/Core/System/Snippet/Command/InstallTranslationCommand.php
--- consumed 0 B, total 857 MB, took 0.06 s
/home/mt/www/6.7/src/Core/System/Snippet/Command/Util/CountryAgnosticFileLinter.php
--- consumed 4 MB, total 861 MB, took 0.26 s
/home/mt/www/6.7/src/Core/System/Snippet/Command/Util/TranslationCommandHelper.php
--- consumed 0 B, total 861 MB, took 0.02 s
/home/mt/www/6.7/src/Core/System/Snippet/SnippetException.php
--- consumed 0 B, total 861 MB, took 0.05 s
/home/mt/www/6.7/src/Core/System/Snippet/Aggregate/SnippetSet/SnippetSetCollection.php
--- consumed 0 B, total 861 MB, took 0.01 s
/home/mt/www/6.7/src/Core/System/Snippet/Aggregate/SnippetSet/SnippetSetEntity.php
--- consumed 0 B, total 861 MB, took 0.43 s
/home/mt/www/6.7/src/Core/System/Snippet/Aggregate/SnippetSet/SnippetSetDefinition.php
--- consumed 0 B, total 861 MB, took 0.02 s
/home/mt/www/6.7/src/Core/System/Snippet/DataTransfer/PluginMapping/PluginMapping.php
--- consumed 0 B, total 861 MB, took 0.00 s
/home/mt/www/6.7/src/Core/System/Snippet/DataTransfer/PluginMapping/PluginMappingCollection.php
--- consumed 0 B, total 861 MB, took 0.01 s
/home/mt/www/6.7/src/Core/System/Snippet/DataTransfer/Metadata/MetadataEntry.php
--- consumed 0 B, total 861 MB, took 0.02 s
/home/mt/www/6.7/src/Core/System/Snippet/DataTransfer/Metadata/MetadataCollection.php
--- consumed 0 B, total 861 MB, took 0.03 s
/home/mt/www/6.7/src/Core/System/Snippet/DataTransfer/SnippetPath/SnippetPath.php
--- consumed 0 B, total 861 MB, took 0.00 s
/home/mt/www/6.7/src/Core/System/Snippet/DataTransfer/SnippetPath/SnippetPathCollection.php
--- consumed 0 B, total 861 MB, took 0.01 s
/home/mt/www/6.7/src/Core/System/Snippet/DataTransfer/Language/LanguageCollection.php
--- consumed 0 B, total 861 MB, took 0.01 s
/home/mt/www/6.7/src/Core/System/Snippet/DataTransfer/Language/Language.php
--- consumed 0 B, total 861 MB, took 0.01 s
/home/mt/www/6.7/src/Core/System/Snippet/Files/GenericSnippetFile.php
--- consumed 0 B, total 861 MB, took 0.01 s
/home/mt/www/6.7/src/Core/System/Snippet/Files/SnippetFileLoader.php
--- consumed 0 B, total 861 MB, took 0.21 s
/home/mt/www/6.7/src/Core/System/Snippet/Files/AbstractSnippetFile.php
--- consumed 0 B, total 861 MB, took 0.00 s
/home/mt/www/6.7/src/Core/System/Snippet/Files/SnippetFileCollection.php
--- consumed 0 B, total 861 MB, took 0.08 s
/home/mt/www/6.7/src/Core/System/Snippet/Files/RemoteSnippetFile.php
--- consumed 0 B, total 861 MB, took 0.01 s
/home/mt/www/6.7/src/Core/System/Snippet/Files/SnippetFileLoaderInterface.php
--- consumed 0 B, total 861 MB, took 0.00 s
/home/mt/www/6.7/src/Core/System/Snippet/Files/SnippetFileCollectionFactory.php
--- consumed 0 B, total 861 MB, took 0.00 s
/home/mt/www/6.7/src/Core/System/Snippet/Files/AppSnippetFileLoader.php
--- consumed 0 B, total 861 MB, took 0.04 s
/home/mt/www/6.7/src/Core/System/Snippet/SnippetCollection.php
--- consumed 0 B, total 861 MB, took 0.01 s
/home/mt/www/6.7/src/Core/System/Snippet/SnippetEvents.php
--- consumed 0 B, total 861 MB, took 0.00 s
/home/mt/www/6.7/src/Core/System/Currency/Event/CurrencyRouteCacheKeyEvent.php
--- consumed 0 B, total 861 MB, took 0.00 s
/home/mt/www/6.7/src/Core/System/Currency/Event/CurrencyRouteCacheTagsEvent.php
--- consumed 0 B, total 861 MB, took 0.00 s
/home/mt/www/6.7/src/Core/System/Currency/CurrencyCollection.php
--- consumed 0 B, total 861 MB, took 0.01 s
/home/mt/www/6.7/src/Core/System/Currency/CurrencyValidator.php
--- consumed 0 B, total 861 MB, took 0.03 s
/home/mt/www/6.7/src/Core/System/Currency/SalesChannel/CurrencyRoute.php
--- consumed 0 B, total 861 MB, took 0.02 s
/home/mt/www/6.7/src/Core/System/Currency/SalesChannel/CurrencyRouteResponse.php
--- consumed 0 B, total 861 MB, took 0.01 s
/home/mt/www/6.7/src/Core/System/Currency/SalesChannel/SalesChannelCurrencyDefinition.php
--- consumed 0 B, total 861 MB, took 0.01 s
/home/mt/www/6.7/src/Core/System/Currency/SalesChannel/AbstractCurrencyRoute.php
--- consumed 0 B, total 861 MB, took 0.00 s
/home/mt/www/6.7/src/Core/System/Currency/Rule/CurrencyRule.php
--- consumed 0 B, total 861 MB, took 0.02 s
/home/mt/www/6.7/src/Core/System/Currency/CurrencyDefinition.php
--- consumed 0 B, total 861 MB, took 0.04 s
/home/mt/www/6.7/src/Core/System/Currency/CurrencyEvents.php
--- consumed 0 B, total 861 MB, took 0.00 s
/home/mt/www/6.7/src/Core/System/Currency/Aggregate/CurrencyTranslation/CurrencyTranslationEntity.php
--- consumed 0 B, total 861 MB, took 0.04 s
/home/mt/www/6.7/src/Core/System/Currency/Aggregate/CurrencyTranslation/CurrencyTranslationDefinition.php
--- consumed 0 B, total 861 MB, took 0.01 s
/home/mt/www/6.7/src/Core/System/Currency/Aggregate/CurrencyTranslation/CurrencyTranslationCollection.php
--- consumed 0 B, total 861 MB, took 0.02 s
/home/mt/www/6.7/src/Core/System/Currency/Aggregate/CurrencyCountryRounding/CurrencyCountryRoundingEntity.php
--- consumed 0 B, total 861 MB, took 0.02 s
/home/mt/www/6.7/src/Core/System/Currency/Aggregate/CurrencyCountryRounding/CurrencyCountryRoundingDefinition.php
--- consumed 0 B, total 861 MB, took 0.22 s
/home/mt/www/6.7/src/Core/System/Currency/Aggregate/CurrencyCountryRounding/CurrencyCountryRoundingCollection.php
--- consumed 0 B, total 861 MB, took 0.01 s
/home/mt/www/6.7/src/Core/System/Currency/CurrencyLoadSubscriber.php
--- consumed 0 B, total 861 MB, took 0.02 s
/home/mt/www/6.7/src/Core/System/Currency/CurrencyFormatter.php
--- consumed 0 B, total 861 MB, took 0.03 s
/home/mt/www/6.7/src/Core/System/Currency/CurrencyEntity.php
--- consumed 0 B, total 861 MB, took 0.09 s
/home/mt/www/6.7/src/Core/System/NumberRange/Api/NumberRangeController.php
--- consumed 2 MB, total 863 MB, took 0.03 s
/home/mt/www/6.7/src/Core/System/NumberRange/Exception/IncrementStorageNotFoundException.php
--- consumed 0 B, total 863 MB, took 0.01 s
/home/mt/www/6.7/src/Core/System/NumberRange/Exception/NoConfigurationException.php
--- consumed 0 B, total 863 MB, took 0.01 s
/home/mt/www/6.7/src/Core/System/NumberRange/NumberRangeDefinition.php
--- consumed 0 B, total 863 MB, took 0.23 s
/home/mt/www/6.7/src/Core/System/NumberRange/NumberRangeEvents.php
--- consumed 0 B, total 863 MB, took 0.00 s
/home/mt/www/6.7/src/Core/System/NumberRange/ValueGenerator/NumberRangeValueGeneratorInterface.php
--- consumed 0 B, total 863 MB, took 0.00 s
/home/mt/www/6.7/src/Core/System/NumberRange/ValueGenerator/NumberRangeValueGenerator.php
--- consumed 0 B, total 863 MB, took 0.10 s
/home/mt/www/6.7/src/Core/System/NumberRange/ValueGenerator/Pattern/ValueGeneratorPatternRegistry.php
--- consumed 0 B, total 863 MB, took 0.01 s
/home/mt/www/6.7/src/Core/System/NumberRange/ValueGenerator/Pattern/IncrementStorage/IncrementRedisStorage.php
--- consumed 10 MB, total 873 MB, took 0.37 s
/home/mt/www/6.7/src/Core/System/NumberRange/ValueGenerator/Pattern/IncrementStorage/IncrementStorageRegistry.php
--- consumed 0 B, total 873 MB, took 0.22 s
/home/mt/www/6.7/src/Core/System/NumberRange/ValueGenerator/Pattern/IncrementStorage/AbstractIncrementStorage.php
--- consumed 0 B, total 873 MB, took 0.00 s
/home/mt/www/6.7/src/Core/System/NumberRange/ValueGenerator/Pattern/IncrementStorage/IncrementSqlStorage.php
--- consumed 0 B, total 873 MB, took 0.04 s
/home/mt/www/6.7/src/Core/System/NumberRange/ValueGenerator/Pattern/ValueGeneratorPatternDate.php
--- consumed 0 B, total 873 MB, took 0.01 s
/home/mt/www/6.7/src/Core/System/NumberRange/ValueGenerator/Pattern/AbstractValueGenerator.php
--- consumed 0 B, total 873 MB, took 0.00 s
/home/mt/www/6.7/src/Core/System/NumberRange/ValueGenerator/Pattern/ValueGeneratorPatternIncrement.php
--- consumed 0 B, total 873 MB, took 0.01 s
/home/mt/www/6.7/src/Core/System/NumberRange/ValueGenerator/NumberRangeGeneratedEvent.php
--- consumed 0 B, total 873 MB, took 0.01 s
/home/mt/www/6.7/src/Core/System/NumberRange/Command/MigrateIncrementStorageCommand.php
--- consumed 0 B, total 873 MB, took 0.03 s
/home/mt/www/6.7/src/Core/System/NumberRange/Aggregate/NumberRangeTypeTranslation/NumberRangeTypeTranslationDefinition.php
--- consumed 0 B, total 873 MB, took 0.01 s
/home/mt/www/6.7/src/Core/System/NumberRange/Aggregate/NumberRangeTypeTranslation/NumberRangeTypeTranslationEntity.php
--- consumed 0 B, total 873 MB, took 0.03 s
/home/mt/www/6.7/src/Core/System/NumberRange/Aggregate/NumberRangeTypeTranslation/NumberRangeTypeTranslationCollection.php
--- consumed 0 B, total 873 MB, took 0.02 s
/home/mt/www/6.7/src/Core/System/NumberRange/Aggregate/NumberRangeTranslation/NumberRangeTranslationDefinition.php
--- consumed 0 B, total 873 MB, took 0.01 s
/home/mt/www/6.7/src/Core/System/NumberRange/Aggregate/NumberRangeTranslation/NumberRangeTranslationCollection.php
--- consumed 0 B, total 873 MB, took 0.02 s
/home/mt/www/6.7/src/Core/System/NumberRange/Aggregate/NumberRangeTranslation/NumberRangeTranslationEntity.php
--- consumed 0 B, total 873 MB, took 0.03 s
/home/mt/www/6.7/src/Core/System/NumberRange/Aggregate/NumberRangeType/NumberRangeTypeEntity.php
--- consumed 0 B, total 873 MB, took 0.04 s
/home/mt/www/6.7/src/Core/System/NumberRange/Aggregate/NumberRangeType/NumberRangeTypeCollection.php
--- consumed 0 B, total 873 MB, took 0.01 s
/home/mt/www/6.7/src/Core/System/NumberRange/Aggregate/NumberRangeType/NumberRangeTypeDefinition.php
--- consumed 0 B, total 873 MB, took 0.02 s
/home/mt/www/6.7/src/Core/System/NumberRange/Aggregate/NumberRangeSalesChannel/NumberRangeSalesChannelEntity.php
--- consumed 0 B, total 873 MB, took 0.02 s
/home/mt/www/6.7/src/Core/System/NumberRange/Aggregate/NumberRangeSalesChannel/NumberRangeSalesChannelDefinition.php
--- consumed 0 B, total 873 MB, took 0.02 s
/home/mt/www/6.7/src/Core/System/NumberRange/Aggregate/NumberRangeSalesChannel/NumberRangeSalesChannelCollection.php
--- consumed 0 B, total 873 MB, took 0.01 s
/home/mt/www/6.7/src/Core/System/NumberRange/Aggregate/NumberRangeState/NumberRangeStateDefinition.php
--- consumed 0 B, total 873 MB, took 0.02 s
/home/mt/www/6.7/src/Core/System/NumberRange/Aggregate/NumberRangeState/NumberRangeStateCollection.php
--- consumed 0 B, total 873 MB, took 0.01 s
/home/mt/www/6.7/src/Core/System/NumberRange/Aggregate/NumberRangeState/NumberRangeStateEntity.php
--- consumed 0 B, total 873 MB, took 0.01 s
/home/mt/www/6.7/src/Core/System/NumberRange/NumberRangeEntity.php
--- consumed 0 B, total 873 MB, took 0.05 s
/home/mt/www/6.7/src/Core/System/NumberRange/NumberRangeCollection.php
--- consumed 0 B, total 873 MB, took 0.01 s
/home/mt/www/6.7/src/Core/System/NumberRange/DataAbstractionLayer/NumberRangeField.php
--- consumed 0 B, total 873 MB, took 0.00 s
/home/mt/www/6.7/src/Core/System/Language/LanguageEntity.php
--- consumed 2 MB, total 875 MB, took 0.28 s
/home/mt/www/6.7/src/Core/System/Language/Event/LanguageRouteCacheTagsEvent.php
--- consumed 0 B, total 875 MB, took 0.00 s
/home/mt/www/6.7/src/Core/System/Language/Event/LanguageRouteCacheKeyEvent.php
--- consumed 0 B, total 875 MB, took 0.00 s
/home/mt/www/6.7/src/Core/System/Language/LanguageValidator.php
--- consumed 0 B, total 875 MB, took 0.12 s
/home/mt/www/6.7/src/Core/System/Language/LanguageDefinition.php
--- consumed 0 B, total 875 MB, took 0.32 s
/home/mt/www/6.7/src/Core/System/Language/LanguageCollection.php
--- consumed 0 B, total 875 MB, took 0.03 s
/home/mt/www/6.7/src/Core/System/Language/SalesChannel/SalesChannelLanguageDefinition.php
--- consumed 0 B, total 875 MB, took 0.01 s
/home/mt/www/6.7/src/Core/System/Language/SalesChannel/LanguageRoute.php
--- consumed 0 B, total 875 MB, took 0.02 s
/home/mt/www/6.7/src/Core/System/Language/SalesChannel/LanguageRouteResponse.php
--- consumed 0 B, total 875 MB, took 0.01 s
/home/mt/www/6.7/src/Core/System/Language/SalesChannel/AbstractLanguageRoute.php
--- consumed 0 B, total 875 MB, took 0.00 s
/home/mt/www/6.7/src/Core/System/Language/LanguageExceptionHandler.php
--- consumed 0 B, total 875 MB, took 0.00 s
/home/mt/www/6.7/src/Core/System/Language/Rule/LanguageRule.php
--- consumed 0 B, total 875 MB, took 0.02 s
/home/mt/www/6.7/src/Core/System/Language/LanguageLoaderInterface.php
--- consumed 0 B, total 875 MB, took 0.00 s
/home/mt/www/6.7/src/Core/System/Language/SalesChannelLanguageLoader.php
--- consumed 0 B, total 875 MB, took 0.02 s
/home/mt/www/6.7/src/Core/System/Language/Exception/LanguageForeignKeyDeleteException.php
--- consumed 0 B, total 875 MB, took 0.01 s
/home/mt/www/6.7/src/Core/System/Language/TranslationValidator.php
--- consumed 2 MB, total 877 MB, took 0.07 s
/home/mt/www/6.7/src/Core/System/Language/LanguageEvents.php
--- consumed 0 B, total 877 MB, took 0.00 s
/home/mt/www/6.7/src/Core/System/Language/LanguageLoader.php
--- consumed 0 B, total 877 MB, took 0.01 s
/home/mt/www/6.7/src/Core/System/Language/CachedLanguageLoader.php
--- consumed 0 B, total 877 MB, took 0.01 s
/home/mt/www/6.7/src/Core/System/Language/LanguageException.php
--- consumed 0 B, total 877 MB, took 0.01 s
/home/mt/www/6.7/src/Core/System/DependencyInjection/DependencyInjectionException.php
--- consumed 0 B, total 877 MB, took 0.01 s
/home/mt/www/6.7/src/Core/System/DependencyInjection/CompilerPass/NumberRangeIncrementerCompilerPass.php
--- consumed 0 B, total 877 MB, took 0.01 s
/home/mt/www/6.7/src/Core/System/DependencyInjection/CompilerPass/SalesChannelEntityCompilerPass.php
--- consumed 0 B, total 877 MB, took 0.20 s
/home/mt/www/6.7/src/Core/Checkout/CheckoutRuleScope.php
--- consumed 0 B, total 877 MB, took 0.01 s
/home/mt/www/6.7/src/Core/Checkout/Promotion/Api/PromotionActionController.php
--- consumed 0 B, total 877 MB, took 0.03 s
/home/mt/www/6.7/src/Core/Checkout/Promotion/Api/PromotionController.php
--- consumed 0 B, total 877 MB, took 0.05 s
/home/mt/www/6.7/src/Core/Checkout/Promotion/Event/PromotionIndexerEvent.php
--- consumed 0 B, total 877 MB, took 0.01 s
/home/mt/www/6.7/src/Core/Checkout/Promotion/PromotionCollection.php
--- consumed 0 B, total 877 MB, took 0.01 s
/home/mt/www/6.7/src/Core/Checkout/Promotion/PromotionEntity.php
--- consumed 0 B, total 877 MB, took 0.44 s
/home/mt/www/6.7/src/Core/Checkout/Promotion/Rule/PromotionLineItemRule.php
--- consumed 0 B, total 877 MB, took 0.04 s
/home/mt/www/6.7/src/Core/Checkout/Promotion/Rule/PromotionCodeOfTypeRule.php
--- consumed 0 B, total 877 MB, took 0.04 s
/home/mt/www/6.7/src/Core/Checkout/Promotion/Rule/PromotionsInCartCountRule.php
--- consumed 0 B, total 877 MB, took 0.02 s
/home/mt/www/6.7/src/Core/Checkout/Promotion/Rule/PromotionValueRule.php
--- consumed 0 B, total 877 MB, took 0.03 s
/home/mt/www/6.7/src/Core/Checkout/Promotion/Validator/PromotionValidator.php
--- consumed 0 B, total 877 MB, took 0.21 s
/home/mt/www/6.7/src/Core/Checkout/Promotion/Service/PromotionDateTimeServiceInterface.php
--- consumed 0 B, total 877 MB, took 0.00 s
/home/mt/www/6.7/src/Core/Checkout/Promotion/Service/PromotionDateTimeService.php
--- consumed 0 B, total 877 MB, took 0.01 s
/home/mt/www/6.7/src/Core/Checkout/Promotion/Subscriber/Storefront/StorefrontCartSubscriber.php
--- consumed 0 B, total 877 MB, took 0.09 s
/home/mt/www/6.7/src/Core/Checkout/Promotion/Subscriber/PromotionIndividualCodeRedeemer.php
--- consumed 0 B, total 877 MB, took 0.23 s
/home/mt/www/6.7/src/Core/Checkout/Promotion/Exception/InvalidCodePatternException.php
--- consumed 0 B, total 877 MB, took 0.00 s
/home/mt/www/6.7/src/Core/Checkout/Promotion/Exception/DiscountCalculatorNotFoundException.php
--- consumed 0 B, total 877 MB, took 0.01 s
/home/mt/www/6.7/src/Core/Checkout/Promotion/Exception/PriceNotFoundException.php
--- consumed 0 B, total 877 MB, took 0.01 s
/home/mt/www/6.7/src/Core/Checkout/Promotion/Exception/InvalidScopeDefinitionException.php
--- consumed 0 B, total 877 MB, took 0.01 s
/home/mt/www/6.7/src/Core/Checkout/Promotion/Exception/PriceDefinitionNotValidForDiscountTypeException.php
--- consumed 0 B, total 877 MB, took 0.01 s
/home/mt/www/6.7/src/Core/Checkout/Promotion/Exception/PatternNotComplexEnoughException.php
--- consumed 0 B, total 877 MB, took 0.00 s
/home/mt/www/6.7/src/Core/Checkout/Promotion/Aggregate/PromotionOrderRule/PromotionOrderRuleDefinition.php
--- consumed 0 B, total 877 MB, took 0.01 s
/home/mt/www/6.7/src/Core/Checkout/Promotion/Aggregate/PromotionPersonaRule/PromotionPersonaRuleDefinition.php
--- consumed 0 B, total 877 MB, took 0.21 s
/home/mt/www/6.7/src/Core/Checkout/Promotion/Aggregate/PromotionDiscount/PromotionDiscountCollection.php
--- consumed 0 B, total 877 MB, took 0.01 s
/home/mt/www/6.7/src/Core/Checkout/Promotion/Aggregate/PromotionDiscount/PromotionDiscountEntity.php
--- consumed 0 B, total 877 MB, took 0.06 s
/home/mt/www/6.7/src/Core/Checkout/Promotion/Aggregate/PromotionDiscount/PromotionDiscountDefinition.php
--- consumed 0 B, total 877 MB, took 0.03 s
/home/mt/www/6.7/src/Core/Checkout/Promotion/Aggregate/PromotionDiscountPrice/PromotionDiscountPriceDefinition.php
--- consumed 0 B, total 877 MB, took 0.02 s
/home/mt/www/6.7/src/Core/Checkout/Promotion/Aggregate/PromotionDiscountPrice/PromotionDiscountPriceEntity.php
--- consumed 0 B, total 877 MB, took 0.02 s
/home/mt/www/6.7/src/Core/Checkout/Promotion/Aggregate/PromotionDiscountPrice/PromotionDiscountPriceCollection.php
--- consumed 0 B, total 877 MB, took 0.01 s
/home/mt/www/6.7/src/Core/Checkout/Promotion/Aggregate/PromotionSetGroup/PromotionSetGroupEntity.php
--- consumed 0 B, total 877 MB, took 0.02 s
/home/mt/www/6.7/src/Core/Checkout/Promotion/Aggregate/PromotionSetGroup/PromotionSetGroupCollection.php
--- consumed 0 B, total 877 MB, took 0.01 s
/home/mt/www/6.7/src/Core/Checkout/Promotion/Aggregate/PromotionSetGroup/PromotionSetGroupDefinition.php
--- consumed 0 B, total 877 MB, took 0.02 s
/home/mt/www/6.7/src/Core/Checkout/Promotion/Aggregate/PromotionDiscountRule/PromotionDiscountRuleDefinition.php
--- consumed 0 B, total 877 MB, took 0.01 s
/home/mt/www/6.7/src/Core/Checkout/Promotion/Aggregate/PromotionSetGroupRule/PromotionSetGroupRuleDefinition.php
--- consumed 0 B, total 877 MB, took 0.01 s
/home/mt/www/6.7/src/Core/Checkout/Promotion/Aggregate/PromotionPersonaCustomer/PromotionPersonaCustomerDefinition.php
--- consumed 0 B, total 877 MB, took 0.01 s
/home/mt/www/6.7/src/Core/Checkout/Promotion/Aggregate/PromotionSalesChannel/PromotionSalesChannelEntity.php
--- consumed 0 B, total 877 MB, took 0.02 s
/home/mt/www/6.7/src/Core/Checkout/Promotion/Aggregate/PromotionSalesChannel/PromotionSalesChannelDefinition.php
--- consumed 0 B, total 877 MB, took 0.02 s
/home/mt/www/6.7/src/Core/Checkout/Promotion/Aggregate/PromotionSalesChannel/PromotionSalesChannelCollection.php
--- consumed 0 B, total 877 MB, took 0.01 s
/home/mt/www/6.7/src/Core/Checkout/Promotion/Aggregate/PromotionTranslation/PromotionTranslationEntity.php
--- consumed 0 B, total 877 MB, took 0.03 s
/home/mt/www/6.7/src/Core/Checkout/Promotion/Aggregate/PromotionTranslation/PromotionTranslationDefinition.php
--- consumed 0 B, total 877 MB, took 0.01 s
/home/mt/www/6.7/src/Core/Checkout/Promotion/Aggregate/PromotionTranslation/PromotionTranslationCollection.php
--- consumed 0 B, total 877 MB, took 0.01 s
/home/mt/www/6.7/src/Core/Checkout/Promotion/Aggregate/PromotionCartRule/PromotionCartRuleDefinition.php
--- consumed 0 B, total 877 MB, took 0.01 s
/home/mt/www/6.7/src/Core/Checkout/Promotion/Aggregate/PromotionIndividualCode/PromotionIndividualCodeEntity.php
--- consumed 0 B, total 877 MB, took 0.03 s
/home/mt/www/6.7/src/Core/Checkout/Promotion/Aggregate/PromotionIndividualCode/PromotionIndividualCodeCollection.php
--- consumed 2 MB, total 879 MB, took 0.01 s
/home/mt/www/6.7/src/Core/Checkout/Promotion/Aggregate/PromotionIndividualCode/PromotionIndividualCodeDefinition.php
--- consumed 0 B, total 879 MB, took 0.01 s
/home/mt/www/6.7/src/Core/Checkout/Promotion/Util/PromotionCodeService.php
--- consumed 0 B, total 879 MB, took 0.13 s
/home/mt/www/6.7/src/Core/Checkout/Promotion/PromotionDefinition.php
--- consumed 0 B, total 879 MB, took 0.05 s
/home/mt/www/6.7/src/Core/Checkout/Promotion/PromotionException.php
--- consumed 0 B, total 879 MB, took 0.06 s
/home/mt/www/6.7/src/Core/Checkout/Promotion/DataAbstractionLayer/PromotionValidator.php
--- consumed 0 B, total 879 MB, took 0.01 s
/home/mt/www/6.7/src/Core/Checkout/Promotion/DataAbstractionLayer/PromotionIndexingMessage.php
--- consumed 0 B, total 879 MB, took 0.00 s
/home/mt/www/6.7/src/Core/Checkout/Promotion/DataAbstractionLayer/PromotionExclusionUpdater.php
--- consumed 0 B, total 879 MB, took 0.15 s
/home/mt/www/6.7/src/Core/Checkout/Promotion/DataAbstractionLayer/PromotionIndexer.php
--- consumed 0 B, total 879 MB, took 0.06 s
/home/mt/www/6.7/src/Core/Checkout/Promotion/DataAbstractionLayer/PromotionRedemptionUpdater.php
--- consumed 0 B, total 879 MB, took 0.10 s
/home/mt/www/6.7/src/Core/Checkout/Promotion/Gateway/PromotionGateway.php
--- consumed 0 B, total 879 MB, took 0.01 s
/home/mt/www/6.7/src/Core/Checkout/Promotion/Gateway/Template/PermittedIndividualCodePromotions.php
--- consumed 0 B, total 879 MB, took 0.41 s
/home/mt/www/6.7/src/Core/Checkout/Promotion/Gateway/Template/PermittedGlobalCodePromotions.php
--- consumed 0 B, total 879 MB, took 0.01 s
/home/mt/www/6.7/src/Core/Checkout/Promotion/Gateway/Template/ActiveDateRange.php
--- consumed 0 B, total 879 MB, took 0.02 s
/home/mt/www/6.7/src/Core/Checkout/Promotion/Gateway/Template/PermittedAutomaticPromotions.php
--- consumed 0 B, total 879 MB, took 0.01 s
/home/mt/www/6.7/src/Core/Checkout/Promotion/Gateway/PromotionGatewayInterface.php
--- consumed 0 B, total 879 MB, took 0.00 s
/home/mt/www/6.7/src/Core/Checkout/Promotion/Cart/PromotionRedemptionLocker.php
--- consumed 0 B, total 879 MB, took 0.06 s
/home/mt/www/6.7/src/Core/Checkout/Promotion/Cart/PromotionCartInformationTrait.php
--- consumed 0 B, total 879 MB, took 0.00 s
/home/mt/www/6.7/src/Core/Checkout/Promotion/Cart/PromotionCodeTuple.php
--- consumed 0 B, total 879 MB, took 0.01 s
/home/mt/www/6.7/src/Core/Checkout/Promotion/Cart/Extension/CartExtension.php
--- consumed 0 B, total 879 MB, took 0.04 s
/home/mt/www/6.7/src/Core/Checkout/Promotion/Cart/Extension/LockExtension.php
--- consumed 0 B, total 879 MB, took 0.00 s
/home/mt/www/6.7/src/Core/Checkout/Promotion/Cart/PromotionCollector.php
--- consumed 2 MB, total 881 MB, took 0.38 s
/home/mt/www/6.7/src/Core/Checkout/Promotion/Cart/PromotionCalculator.php
--- consumed 2 MB, total 883 MB, took 0.46 s
/home/mt/www/6.7/src/Core/Checkout/Promotion/Cart/CartPromotionsDataDefinition.php
--- consumed 0 B, total 883 MB, took 0.03 s
/home/mt/www/6.7/src/Core/Checkout/Promotion/Cart/PromotionItemBuilder.php
--- consumed 0 B, total 883 MB, took 0.11 s
/home/mt/www/6.7/src/Core/Checkout/Promotion/Cart/Discount/DiscountCalculatorResult.php
--- consumed 0 B, total 883 MB, took 0.01 s
/home/mt/www/6.7/src/Core/Checkout/Promotion/Cart/Discount/Filter/Applier/Applier.php
--- consumed 0 B, total 883 MB, took 0.01 s
/home/mt/www/6.7/src/Core/Checkout/Promotion/Cart/Discount/Filter/MaxUsage/MaxUsage.php
--- consumed 0 B, total 883 MB, took 0.01 s
/home/mt/www/6.7/src/Core/Checkout/Promotion/Cart/Discount/Filter/FilterServiceRegistry.php
--- consumed 0 B, total 883 MB, took 0.02 s
/home/mt/www/6.7/src/Core/Checkout/Promotion/Cart/Discount/Filter/FilterPickerInterface.php
--- consumed 0 B, total 883 MB, took 0.00 s
/home/mt/www/6.7/src/Core/Checkout/Promotion/Cart/Discount/Filter/SetGroupScopeFilter.php
--- consumed 0 B, total 883 MB, took 0.00 s
/home/mt/www/6.7/src/Core/Checkout/Promotion/Cart/Discount/Filter/Sorter/FilterSorterPriceAsc.php
--- consumed 0 B, total 883 MB, took 0.01 s
/home/mt/www/6.7/src/Core/Checkout/Promotion/Cart/Discount/Filter/Sorter/AbstractPriceSorter.php
--- consumed 0 B, total 883 MB, took 0.07 s
/home/mt/www/6.7/src/Core/Checkout/Promotion/Cart/Discount/Filter/Sorter/FilterSorterPriceDesc.php
--- consumed 0 B, total 883 MB, took 0.01 s
/home/mt/www/6.7/src/Core/Checkout/Promotion/Cart/Discount/Filter/AdvancedPackageFilter.php
--- consumed 0 B, total 883 MB, took 0.09 s
/home/mt/www/6.7/src/Core/Checkout/Promotion/Cart/Discount/Filter/FilterSorterInterface.php
--- consumed 0 B, total 883 MB, took 0.00 s
/home/mt/www/6.7/src/Core/Checkout/Promotion/Cart/Discount/Filter/Exception/FilterPickerNotFoundException.php
--- consumed 0 B, total 883 MB, took 0.01 s
/home/mt/www/6.7/src/Core/Checkout/Promotion/Cart/Discount/Filter/Exception/FilterSorterNotFoundException.php
--- consumed 0 B, total 883 MB, took 0.01 s
/home/mt/www/6.7/src/Core/Checkout/Promotion/Cart/Discount/Filter/AdvancedPackagePicker.php
--- consumed 0 B, total 883 MB, took 0.01 s
/home/mt/www/6.7/src/Core/Checkout/Promotion/Cart/Discount/Filter/Picker/HorizontalPicker.php
--- consumed 0 B, total 883 MB, took 0.01 s
/home/mt/www/6.7/src/Core/Checkout/Promotion/Cart/Discount/Filter/Picker/VerticalPicker.php
--- consumed 0 B, total 883 MB, took 0.00 s
/home/mt/www/6.7/src/Core/Checkout/Promotion/Cart/Discount/Filter/PackageFilter.php
--- consumed 0 B, total 883 MB, took 0.00 s
/home/mt/www/6.7/src/Core/Checkout/Promotion/Cart/Discount/Filter/AdvancedPackageRules.php
--- consumed 0 B, total 883 MB, took 0.07 s
/home/mt/www/6.7/src/Core/Checkout/Promotion/Cart/Discount/DiscountPackager.php
--- consumed 0 B, total 883 MB, took 0.00 s
/home/mt/www/6.7/src/Core/Checkout/Promotion/Cart/Discount/DiscountLineItem.php
--- consumed 0 B, total 883 MB, took 0.07 s
/home/mt/www/6.7/src/Core/Checkout/Promotion/Cart/Discount/DiscountPackage.php
--- consumed 0 B, total 883 MB, took 0.04 s
/home/mt/www/6.7/src/Core/Checkout/Promotion/Cart/Discount/Calculator/DiscountAbsoluteCalculator.php
--- consumed 0 B, total 883 MB, took 0.06 s
/home/mt/www/6.7/src/Core/Checkout/Promotion/Cart/Discount/Calculator/DiscountFixedPriceCalculator.php
--- consumed 0 B, total 883 MB, took 0.05 s
/home/mt/www/6.7/src/Core/Checkout/Promotion/Cart/Discount/Calculator/DiscountFixedUnitPriceCalculator.php
--- consumed 0 B, total 883 MB, took 0.03 s
/home/mt/www/6.7/src/Core/Checkout/Promotion/Cart/Discount/Calculator/DiscountPercentageCalculator.php
--- consumed 0 B, total 883 MB, took 0.07 s
/home/mt/www/6.7/src/Core/Checkout/Promotion/Cart/Discount/DiscountPackageCollection.php
--- consumed 0 B, total 883 MB, took 0.03 s
/home/mt/www/6.7/src/Core/Checkout/Promotion/Cart/Discount/ScopePackager/SetGroupScopeDiscountPackager.php
--- consumed 0 B, total 883 MB, took 0.09 s
/home/mt/www/6.7/src/Core/Checkout/Promotion/Cart/Discount/ScopePackager/CartScopeDiscountPackager.php
--- consumed 0 B, total 883 MB, took 0.06 s
/home/mt/www/6.7/src/Core/Checkout/Promotion/Cart/Discount/ScopePackager/SetScopeDiscountPackager.php
--- consumed 0 B, total 883 MB, took 0.08 s
/home/mt/www/6.7/src/Core/Checkout/Promotion/Cart/Discount/DiscountCalculatorInterface.php
--- consumed 0 B, total 883 MB, took 0.00 s
/home/mt/www/6.7/src/Core/Checkout/Promotion/Cart/Discount/Composition/DiscountCompositionBuilder.php
--- consumed 0 B, total 883 MB, took 0.04 s
/home/mt/www/6.7/src/Core/Checkout/Promotion/Cart/Discount/Composition/DiscountCompositionItem.php
--- consumed 0 B, total 883 MB, took 0.00 s
/home/mt/www/6.7/src/Core/Checkout/Promotion/Cart/PromotionProcessor.php
--- consumed 0 B, total 883 MB, took 0.08 s
/home/mt/www/6.7/src/Core/Checkout/Promotion/Cart/PromotionCartDeletedInformationError.php
--- consumed 0 B, total 883 MB, took 0.22 s
/home/mt/www/6.7/src/Core/Checkout/Promotion/Cart/PromotionCartAddedInformationError.php
--- consumed 0 B, total 883 MB, took 0.02 s
/home/mt/www/6.7/src/Core/Checkout/Promotion/Cart/PromotionDeliveryCalculator.php
--- consumed 2 MB, total 885 MB, took 0.28 s
/home/mt/www/6.7/src/Core/Checkout/Promotion/Cart/PromotionDeliveryProcessor.php
--- consumed 0 B, total 885 MB, took 0.01 s
/home/mt/www/6.7/src/Core/Checkout/Promotion/Cart/CartPromotionsSubscriber.php
--- consumed 0 B, total 885 MB, took 0.01 s
/home/mt/www/6.7/src/Core/Checkout/Promotion/Cart/Error/AutoPromotionNotFoundError.php
--- consumed 0 B, total 885 MB, took 0.01 s
/home/mt/www/6.7/src/Core/Checkout/Promotion/Cart/Error/PromotionExcludedError.php
--- consumed 0 B, total 885 MB, took 0.01 s
/home/mt/www/6.7/src/Core/Checkout/Promotion/Cart/Error/PromotionsOnCartPriceZeroError.php
--- consumed 0 B, total 885 MB, took 0.02 s
/home/mt/www/6.7/src/Core/Checkout/Promotion/Cart/Error/PromotionNotEligibleError.php
--- consumed 0 B, total 885 MB, took 0.01 s
/home/mt/www/6.7/src/Core/Checkout/Promotion/Cart/Error/PromotionNotFoundError.php
--- consumed 0 B, total 885 MB, took 0.01 s
/home/mt/www/6.7/src/Core/Checkout/Order/Api/OrderActionController.php
--- consumed 0 B, total 885 MB, took 0.08 s
/home/mt/www/6.7/src/Core/Checkout/Order/Event/OrderCriteriaEvent.php
--- consumed 0 B, total 885 MB, took 0.01 s
/home/mt/www/6.7/src/Core/Checkout/Order/Event/OrderStateMachineStateChangeEvent.php
--- consumed 2 MB, total 887 MB, took 0.03 s
/home/mt/www/6.7/src/Core/Checkout/Order/Event/OrderPaymentMethodChangedEvent.php
--- consumed 0 B, total 887 MB, took 0.03 s
/home/mt/www/6.7/src/Core/Checkout/Order/Event/OrderPaymentMethodChangedCriteriaEvent.php
--- consumed 0 B, total 887 MB, took 0.01 s
/home/mt/www/6.7/src/Core/Checkout/Order/Event/OrderStateChangeCriteriaEvent.php
--- consumed 0 B, total 887 MB, took 0.01 s
/home/mt/www/6.7/src/Core/Checkout/Order/Listener/OrderStateChangeEventListener.php
--- consumed 0 B, total 887 MB, took 0.13 s
/home/mt/www/6.7/src/Core/Checkout/Order/OrderCollection.php
--- consumed 0 B, total 887 MB, took 0.04 s
/home/mt/www/6.7/src/Core/Checkout/Order/OrderEvents.php
--- consumed 0 B, total 887 MB, took 0.00 s
/home/mt/www/6.7/src/Core/Checkout/Order/SalesChannel/AbstractSetPaymentOrderRoute.php
--- consumed 0 B, total 887 MB, took 0.00 s
/home/mt/www/6.7/src/Core/Checkout/Order/SalesChannel/CancelOrderRouteResponse.php
--- consumed 0 B, total 887 MB, took 0.01 s
/home/mt/www/6.7/src/Core/Checkout/Order/SalesChannel/OrderRouteResponse.php
--- consumed 0 B, total 887 MB, took 0.22 s
/home/mt/www/6.7/src/Core/Checkout/Order/SalesChannel/OrderService.php
--- consumed 0 B, total 887 MB, took 0.10 s
/home/mt/www/6.7/src/Core/Checkout/Order/SalesChannel/CancelOrderRoute.php
--- consumed 2 MB, total 889 MB, took 0.03 s
/home/mt/www/6.7/src/Core/Checkout/Order/SalesChannel/SetPaymentOrderRouteResponse.php
--- consumed 0 B, total 889 MB, took 0.00 s
/home/mt/www/6.7/src/Core/Checkout/Order/SalesChannel/AbstractOrderRoute.php
--- consumed 0 B, total 889 MB, took 0.01 s
/home/mt/www/6.7/src/Core/Checkout/Order/SalesChannel/OrderRoute.php
--- consumed 0 B, total 889 MB, took 0.24 s
/home/mt/www/6.7/src/Core/Checkout/Order/SalesChannel/AbstractCancelOrderRoute.php
--- consumed 0 B, total 889 MB, took 0.00 s
/home/mt/www/6.7/src/Core/Checkout/Order/SalesChannel/SetPaymentOrderRoute.php
--- consumed 0 B, total 889 MB, took 0.13 s
/home/mt/www/6.7/src/Core/Checkout/Order/Subscriber/OrderSalutationSubscriber.php
--- consumed 0 B, total 889 MB, took 0.02 s
/home/mt/www/6.7/src/Core/Checkout/Order/Exception/PaymentMethodNotAvailableException.php
--- consumed 0 B, total 889 MB, took 0.01 s
/home/mt/www/6.7/src/Core/Checkout/Order/Exception/WrongGuestCredentialsException.php
--- consumed 0 B, total 889 MB, took 0.01 s
/home/mt/www/6.7/src/Core/Checkout/Order/Exception/PaymentMethodNotChangeableException.php
--- consumed 0 B, total 889 MB, took 0.01 s
/home/mt/www/6.7/src/Core/Checkout/Order/Exception/LanguageOfOrderDeleteException.php
--- consumed 0 B, total 889 MB, took 0.01 s
/home/mt/www/6.7/src/Core/Checkout/Order/Exception/EmptyCartException.php
--- consumed 0 B, total 889 MB, took 0.01 s
/home/mt/www/6.7/src/Core/Checkout/Order/Exception/GuestNotAuthenticatedException.php
--- consumed 0 B, total 889 MB, took 0.01 s
/home/mt/www/6.7/src/Core/Checkout/Order/OrderStates.php
--- consumed 0 B, total 889 MB, took 0.00 s
/home/mt/www/6.7/src/Core/Checkout/Order/Aggregate/OrderTransactionCaptureRefundPosition/OrderTransactionCaptureRefundPositionDefinition.php
--- consumed 0 B, total 889 MB, took 0.04 s
/home/mt/www/6.7/src/Core/Checkout/Order/Aggregate/OrderTransactionCaptureRefundPosition/OrderTransactionCaptureRefundPositionCollection.php
--- consumed 0 B, total 889 MB, took 0.01 s
/home/mt/www/6.7/src/Core/Checkout/Order/Aggregate/OrderTransactionCaptureRefundPosition/OrderTransactionCaptureRefundPositionEntity.php
--- consumed 0 B, total 889 MB, took 0.05 s
/home/mt/www/6.7/src/Core/Checkout/Order/Aggregate/OrderTag/OrderTagDefinition.php
--- consumed 0 B, total 889 MB, took 0.02 s
/home/mt/www/6.7/src/Core/Checkout/Order/Aggregate/OrderAddress/OrderAddressCollection.php
--- consumed 0 B, total 889 MB, took 0.05 s
/home/mt/www/6.7/src/Core/Checkout/Order/Aggregate/OrderAddress/OrderAddressDefinition.php
--- consumed 0 B, total 889 MB, took 0.25 s
/home/mt/www/6.7/src/Core/Checkout/Order/Aggregate/OrderAddress/OrderAddressEntity.php
--- consumed 0 B, total 889 MB, took 0.08 s
/home/mt/www/6.7/src/Core/Checkout/Order/Aggregate/OrderTransactionCaptureRefund/OrderTransactionCaptureRefundStates.php
--- consumed 0 B, total 889 MB, took 0.00 s
/home/mt/www/6.7/src/Core/Checkout/Order/Aggregate/OrderTransactionCaptureRefund/OrderTransactionCaptureRefundEntity.php
--- consumed 0 B, total 889 MB, took 0.05 s
/home/mt/www/6.7/src/Core/Checkout/Order/Aggregate/OrderTransactionCaptureRefund/OrderTransactionCaptureRefundStateHandler.php
--- consumed 0 B, total 889 MB, took 0.02 s
/home/mt/www/6.7/src/Core/Checkout/Order/Aggregate/OrderTransactionCaptureRefund/OrderTransactionCaptureRefundCollection.php
--- consumed 0 B, total 889 MB, took 0.01 s
/home/mt/www/6.7/src/Core/Checkout/Order/Aggregate/OrderTransactionCaptureRefund/OrderTransactionCaptureRefundDefinition.php
--- consumed 0 B, total 889 MB, took 0.03 s
/home/mt/www/6.7/src/Core/Checkout/Order/Aggregate/OrderTransactionCapture/OrderTransactionCaptureStates.php
--- consumed 0 B, total 889 MB, took 0.00 s
/home/mt/www/6.7/src/Core/Checkout/Order/Aggregate/OrderTransactionCapture/OrderTransactionCaptureCollection.php
--- consumed 0 B, total 889 MB, took 0.01 s
/home/mt/www/6.7/src/Core/Checkout/Order/Aggregate/OrderTransactionCapture/OrderTransactionCaptureEntity.php
--- consumed 0 B, total 889 MB, took 0.05 s
/home/mt/www/6.7/src/Core/Checkout/Order/Aggregate/OrderTransactionCapture/OrderTransactionCaptureStateHandler.php
--- consumed 2 MB, total 891 MB, took 0.02 s
/home/mt/www/6.7/src/Core/Checkout/Order/Aggregate/OrderTransactionCapture/OrderTransactionCaptureDefinition.php
--- consumed 0 B, total 891 MB, took 0.02 s
/home/mt/www/6.7/src/Core/Checkout/Order/Aggregate/OrderLineItemDownload/OrderLineItemDownloadEntity.php
--- consumed 0 B, total 891 MB, took 0.04 s
/home/mt/www/6.7/src/Core/Checkout/Order/Aggregate/OrderLineItemDownload/OrderLineItemDownloadCollection.php
--- consumed 0 B, total 891 MB, took 0.01 s
/home/mt/www/6.7/src/Core/Checkout/Order/Aggregate/OrderLineItemDownload/OrderLineItemDownloadDefinition.php
--- consumed 0 B, total 891 MB, took 0.02 s
/home/mt/www/6.7/src/Core/Checkout/Order/Aggregate/OrderTransaction/OrderTransactionCollection.php
--- consumed 0 B, total 891 MB, took 0.03 s
/home/mt/www/6.7/src/Core/Checkout/Order/Aggregate/OrderTransaction/OrderTransactionStates.php
--- consumed 0 B, total 891 MB, took 0.00 s
/home/mt/www/6.7/src/Core/Checkout/Order/Aggregate/OrderTransaction/OrderTransactionStateHandler.php
--- consumed 0 B, total 891 MB, took 0.05 s
/home/mt/www/6.7/src/Core/Checkout/Order/Aggregate/OrderTransaction/OrderTransactionDefinition.php
--- consumed 0 B, total 891 MB, took 0.03 s
/home/mt/www/6.7/src/Core/Checkout/Order/Aggregate/OrderTransaction/OrderTransactionEntity.php
--- consumed 0 B, total 891 MB, took 0.06 s
/home/mt/www/6.7/src/Core/Checkout/Order/Aggregate/OrderLineItem/OrderLineItemEntity.php
--- consumed 0 B, total 891 MB, took 0.33 s
/home/mt/www/6.7/src/Core/Checkout/Order/Aggregate/OrderLineItem/OrderLineItemCollection.php
--- consumed 0 B, total 891 MB, took 0.08 s
/home/mt/www/6.7/src/Core/Checkout/Order/Aggregate/OrderLineItem/OrderLineItemDefinition.php
--- consumed 0 B, total 891 MB, took 0.07 s
/home/mt/www/6.7/src/Core/Checkout/Order/Aggregate/OrderDelivery/OrderDeliveryCollection.php
--- consumed 0 B, total 891 MB, took 0.04 s
/home/mt/www/6.7/src/Core/Checkout/Order/Aggregate/OrderDelivery/OrderDeliveryStates.php
--- consumed 0 B, total 891 MB, took 0.00 s
/home/mt/www/6.7/src/Core/Checkout/Order/Aggregate/OrderDelivery/OrderDeliveryEntity.php
--- consumed 0 B, total 891 MB, took 0.07 s
/home/mt/www/6.7/src/Core/Checkout/Order/Aggregate/OrderDelivery/OrderDeliveryDefinition.php
--- consumed 0 B, total 891 MB, took 0.04 s
/home/mt/www/6.7/src/Core/Checkout/Order/Aggregate/OrderDeliveryPosition/OrderDeliveryPositionDefinition.php
--- consumed 0 B, total 891 MB, took 0.03 s
/home/mt/www/6.7/src/Core/Checkout/Order/Aggregate/OrderDeliveryPosition/OrderDeliveryPositionCollection.php
--- consumed 0 B, total 891 MB, took 0.03 s
/home/mt/www/6.7/src/Core/Checkout/Order/Aggregate/OrderDeliveryPosition/OrderDeliveryPositionEntity.php
--- consumed 0 B, total 891 MB, took 0.05 s
/home/mt/www/6.7/src/Core/Checkout/Order/Aggregate/OrderCustomer/OrderCustomerEntity.php
--- consumed 0 B, total 891 MB, took 0.07 s
/home/mt/www/6.7/src/Core/Checkout/Order/Aggregate/OrderCustomer/OrderCustomerCollection.php
--- consumed 0 B, total 891 MB, took 0.04 s
/home/mt/www/6.7/src/Core/Checkout/Order/Aggregate/OrderCustomer/OrderCustomerDefinition.php
--- consumed 0 B, total 891 MB, took 0.04 s
/home/mt/www/6.7/src/Core/Checkout/Order/OrderEntity.php
--- consumed 2 MB, total 893 MB, took 0.38 s
/home/mt/www/6.7/src/Core/Checkout/Order/OrderAddressService.php
--- consumed 0 B, total 893 MB, took 0.20 s
/home/mt/www/6.7/src/Core/Checkout/Order/OrderExceptionHandler.php
--- consumed 0 B, total 893 MB, took 0.00 s
/home/mt/www/6.7/src/Core/Checkout/Order/OrderException.php
--- consumed 0 B, total 893 MB, took 0.07 s
/home/mt/www/6.7/src/Core/Checkout/Order/Validation/OrderValidationFactory.php
--- consumed 0 B, total 893 MB, took 0.01 s
/home/mt/www/6.7/src/Core/Checkout/Order/OrderDefinition.php
--- consumed 0 B, total 893 MB, took 0.10 s
/home/mt/www/6.7/src/Core/Checkout/Checkout.php
--- consumed 2 MB, total 895 MB, took 0.03 s
/home/mt/www/6.7/src/Core/Checkout/Document/DocumentCollection.php
--- consumed 0 B, total 895 MB, took 0.01 s
/home/mt/www/6.7/src/Core/Checkout/Document/DocumentException.php
--- consumed 0 B, total 895 MB, took 0.05 s
/home/mt/www/6.7/src/Core/Checkout/Document/Event/DocumentTemplateRendererParameterEvent.php
--- consumed 0 B, total 895 MB, took 0.03 s
/home/mt/www/6.7/src/Core/Checkout/Document/Event/DocumentOrderEvent.php
--- consumed 0 B, total 895 MB, took 0.01 s
/home/mt/www/6.7/src/Core/Checkout/Document/Event/CreditNoteOrdersEvent.php
--- consumed 0 B, total 895 MB, took 0.00 s
/home/mt/www/6.7/src/Core/Checkout/Document/Event/StornoOrdersEvent.php
--- consumed 0 B, total 895 MB, took 0.00 s
/home/mt/www/6.7/src/Core/Checkout/Document/Event/InvoiceOrdersEvent.php
--- consumed 0 B, total 895 MB, took 0.00 s
/home/mt/www/6.7/src/Core/Checkout/Document/Event/DocumentOrderCriteriaEvent.php
--- consumed 0 B, total 895 MB, took 0.01 s
/home/mt/www/6.7/src/Core/Checkout/Document/Event/DeliveryNoteOrdersEvent.php
--- consumed 0 B, total 895 MB, took 0.00 s
/home/mt/www/6.7/src/Core/Checkout/Document/Zugferd/ZugferdInvoiceOrdersEvent.php
--- consumed 0 B, total 895 MB, took 0.00 s
/home/mt/www/6.7/src/Core/Checkout/Document/Zugferd/ZugferdBuilder.php
--- consumed 8 MB, total 903 MB, took 0.40 s
/home/mt/www/6.7/src/Core/Checkout/Document/Zugferd/ZugferdInvoiceGeneratedEvent.php
--- consumed 0 B, total 903 MB, took 0.00 s
/home/mt/www/6.7/src/Core/Checkout/Document/Zugferd/ZugferdDocument.php
--- consumed 6 MB, total 909 MB, took 0.54 s
/home/mt/www/6.7/src/Core/Checkout/Document/Zugferd/ZugferdInvoiceItemAddedEvent.php
--- consumed 0 B, total 909 MB, took 0.00 s
/home/mt/www/6.7/src/Core/Checkout/Document/FileGenerator/FileGeneratorInterface.php
--- consumed 0 B, total 909 MB, took 0.00 s
/home/mt/www/6.7/src/Core/Checkout/Document/FileGenerator/FileTypes.php
--- consumed 0 B, total 909 MB, took 0.00 s
/home/mt/www/6.7/src/Core/Checkout/Document/Extension/HtmlRendererExtension.php
--- consumed 0 B, total 909 MB, took 0.00 s
/home/mt/www/6.7/src/Core/Checkout/Document/Extension/PdfRendererExtension.php
--- consumed 0 B, total 909 MB, took 0.00 s
/home/mt/www/6.7/src/Core/Checkout/Document/SalesChannel/DocumentRoute.php
--- consumed 0 B, total 909 MB, took 0.10 s
/home/mt/www/6.7/src/Core/Checkout/Document/SalesChannel/AbstractDocumentRoute.php
--- consumed 0 B, total 909 MB, took 0.00 s
/home/mt/www/6.7/src/Core/Checkout/Document/Service/HtmlRenderer.php
--- consumed 0 B, total 909 MB, took 0.05 s
/home/mt/www/6.7/src/Core/Checkout/Document/Service/DocumentGenerator.php
--- consumed 0 B, total 909 MB, took 0.22 s
/home/mt/www/6.7/src/Core/Checkout/Document/Service/DocumentConfigLoader.php
--- consumed 0 B, total 909 MB, took 0.05 s
/home/mt/www/6.7/src/Core/Checkout/Document/Service/PdfRenderer.php
--- consumed 18 MB, total 927 MB, took 0.40 s
/home/mt/www/6.7/src/Core/Checkout/Document/Service/AbstractDocumentTypeRenderer.php
--- consumed 0 B, total 927 MB, took 0.00 s
/home/mt/www/6.7/src/Core/Checkout/Document/Service/DocumentMerger.php
--- consumed 2 MB, total 929 MB, took 0.31 s
/home/mt/www/6.7/src/Core/Checkout/Document/Service/ReferenceInvoiceLoader.php
--- consumed 0 B, total 929 MB, took 0.04 s
/home/mt/www/6.7/src/Core/Checkout/Document/Service/DocumentFileRendererRegistry.php
--- consumed 0 B, total 929 MB, took 0.01 s
/home/mt/www/6.7/src/Core/Checkout/Document/DocumentIdStruct.php
--- consumed 0 B, total 929 MB, took 0.01 s
/home/mt/www/6.7/src/Core/Checkout/Document/Renderer/StornoRenderer.php
--- consumed 0 B, total 929 MB, took 0.20 s
/home/mt/www/6.7/src/Core/Checkout/Document/Renderer/RendererResult.php
--- consumed 0 B, total 929 MB, took 0.01 s
/home/mt/www/6.7/src/Core/Checkout/Document/Renderer/CreditNoteRenderer.php
--- consumed 0 B, total 929 MB, took 0.30 s
/home/mt/www/6.7/src/Core/Checkout/Document/Renderer/ZugferdRenderer.php
--- consumed 0 B, total 929 MB, took 0.09 s
/home/mt/www/6.7/src/Core/Checkout/Document/Renderer/DocumentRendererRegistry.php
--- consumed 0 B, total 929 MB, took 0.01 s
/home/mt/www/6.7/src/Core/Checkout/Document/Renderer/DeliveryNoteRenderer.php
--- consumed 0 B, total 929 MB, took 0.19 s
/home/mt/www/6.7/src/Core/Checkout/Document/Renderer/RenderedDocument.php
--- consumed 0 B, total 929 MB, took 0.03 s
/home/mt/www/6.7/src/Core/Checkout/Document/Renderer/AbstractDocumentRenderer.php
--- consumed 0 B, total 929 MB, took 0.28 s
/home/mt/www/6.7/src/Core/Checkout/Document/Renderer/DocumentRendererConfig.php
--- consumed 0 B, total 929 MB, took 0.00 s
/home/mt/www/6.7/src/Core/Checkout/Document/Renderer/OrderDocumentCriteriaFactory.php
--- consumed 0 B, total 929 MB, took 0.02 s
/home/mt/www/6.7/src/Core/Checkout/Document/Renderer/ZugferdEmbeddedRenderer.php
--- consumed 0 B, total 929 MB, took 0.08 s
/home/mt/www/6.7/src/Core/Checkout/Document/Renderer/InvoiceRenderer.php
--- consumed 0 B, total 929 MB, took 0.20 s
/home/mt/www/6.7/src/Core/Checkout/Document/DocumentConfiguration.php
--- consumed 0 B, total 929 MB, took 0.09 s
/home/mt/www/6.7/src/Core/Checkout/Document/DocumentGenerationResult.php
--- consumed 0 B, total 929 MB, took 0.03 s
/home/mt/www/6.7/src/Core/Checkout/Document/DocumentGenerator/Counter.php
--- consumed 0 B, total 929 MB, took 0.00 s
/home/mt/www/6.7/src/Core/Checkout/Document/Twig/DocumentTemplateRenderer.php
--- consumed 0 B, total 929 MB, took 0.03 s
/home/mt/www/6.7/src/Core/Checkout/Document/DocumentEvents.php
--- consumed 0 B, total 929 MB, took 0.00 s
/home/mt/www/6.7/src/Core/Checkout/Document/Struct/DocumentGenerateOperation.php
--- consumed 0 B, total 929 MB, took 0.02 s
/home/mt/www/6.7/src/Core/Checkout/Document/DocumentDefinition.php
--- consumed 0 B, total 929 MB, took 0.04 s
/home/mt/www/6.7/src/Core/Checkout/Document/Controller/DocumentController.php
--- consumed 0 B, total 929 MB, took 0.05 s
/home/mt/www/6.7/src/Core/Checkout/Document/Aggregate/DocumentTypeTranslation/DocumentTypeTranslationDefinition.php
--- consumed 0 B, total 929 MB, took 0.01 s
/home/mt/www/6.7/src/Core/Checkout/Document/Aggregate/DocumentTypeTranslation/DocumentTypeTranslationEntity.php
--- consumed 2 MB, total 931 MB, took 0.03 s
/home/mt/www/6.7/src/Core/Checkout/Document/Aggregate/DocumentTypeTranslation/DocumentTypeTranslationCollection.php
--- consumed 0 B, total 931 MB, took 0.01 s
/home/mt/www/6.7/src/Core/Checkout/Document/Aggregate/DocumentBaseConfigSalesChannel/DocumentBaseConfigSalesChannelDefinition.php
--- consumed 0 B, total 931 MB, took 0.02 s
/home/mt/www/6.7/src/Core/Checkout/Document/Aggregate/DocumentBaseConfigSalesChannel/DocumentBaseConfigSalesChannelEntity.php
--- consumed 0 B, total 931 MB, took 0.02 s
/home/mt/www/6.7/src/Core/Checkout/Document/Aggregate/DocumentBaseConfigSalesChannel/DocumentBaseConfigSalesChannelCollection.php
--- consumed 0 B, total 931 MB, took 0.01 s
/home/mt/www/6.7/src/Core/Checkout/Document/Aggregate/DocumentBaseConfig/DocumentBaseConfigDefinition.php
--- consumed 0 B, total 931 MB, took 0.03 s
/home/mt/www/6.7/src/Core/Checkout/Document/Aggregate/DocumentBaseConfig/DocumentBaseConfigCollection.php
--- consumed 0 B, total 931 MB, took 0.01 s
/home/mt/www/6.7/src/Core/Checkout/Document/Aggregate/DocumentBaseConfig/DocumentBaseConfigEntity.php
--- consumed 0 B, total 931 MB, took 0.06 s
/home/mt/www/6.7/src/Core/Checkout/Document/Aggregate/DocumentType/DocumentTypeDefinition.php
--- consumed 0 B, total 931 MB, took 0.02 s
/home/mt/www/6.7/src/Core/Checkout/Document/Aggregate/DocumentType/DocumentTypeCollection.php
--- consumed 0 B, total 931 MB, took 0.01 s
/home/mt/www/6.7/src/Core/Checkout/Document/Aggregate/DocumentType/DocumentTypeEntity.php
--- consumed 0 B, total 931 MB, took 0.04 s
/home/mt/www/6.7/src/Core/Checkout/Document/DocumentIdCollection.php
--- consumed 0 B, total 931 MB, took 0.00 s
/home/mt/www/6.7/src/Core/Checkout/Document/DocumentConfigurationFactory.php
--- consumed 0 B, total 931 MB, took 0.10 s
/home/mt/www/6.7/src/Core/Checkout/Document/DocumentGeneratorController.php
--- consumed 0 B, total 931 MB, took 0.04 s
/home/mt/www/6.7/src/Core/Checkout/Document/DocumentEntity.php
--- consumed 0 B, total 931 MB, took 0.07 s
/home/mt/www/6.7/src/Core/Checkout/Payment/Event/FinalizePaymentOrderTransactionCriteriaEvent.php
--- consumed 0 B, total 931 MB, took 0.01 s
/home/mt/www/6.7/src/Core/Checkout/Payment/Event/PayPaymentOrderCriteriaEvent.php
--- consumed 0 B, total 931 MB, took 0.01 s
/home/mt/www/6.7/src/Core/Checkout/Payment/Event/PaymentMethodIndexerEvent.php
--- consumed 0 B, total 931 MB, took 0.01 s
/home/mt/www/6.7/src/Core/Checkout/Payment/Event/PaymentMethodRouteCacheKeyEvent.php
--- consumed 0 B, total 931 MB, took 0.00 s
/home/mt/www/6.7/src/Core/Checkout/Payment/Event/PaymentMethodRouteCacheTagsEvent.php
--- consumed 0 B, total 931 MB, took 0.00 s
/home/mt/www/6.7/src/Core/Checkout/Payment/PaymentMethodEntity.php
--- consumed 0 B, total 931 MB, took 0.09 s
/home/mt/www/6.7/src/Core/Checkout/Payment/PaymentMethodDefinition.php
--- consumed 0 B, total 931 MB, took 0.04 s
/home/mt/www/6.7/src/Core/Checkout/Payment/SalesChannel/AbstractHandlePaymentMethodRoute.php
--- consumed 0 B, total 931 MB, took 0.00 s
/home/mt/www/6.7/src/Core/Checkout/Payment/SalesChannel/PaymentMethodRoute.php
--- consumed 0 B, total 931 MB, took 0.04 s
/home/mt/www/6.7/src/Core/Checkout/Payment/SalesChannel/SalesChannelPaymentMethodDefinition.php
--- consumed 0 B, total 931 MB, took 0.01 s
/home/mt/www/6.7/src/Core/Checkout/Payment/SalesChannel/HandlePaymentMethodRouteResponse.php
--- consumed 0 B, total 931 MB, took 0.02 s
/home/mt/www/6.7/src/Core/Checkout/Payment/SalesChannel/PaymentMethodRouteResponse.php
--- consumed 0 B, total 931 MB, took 0.01 s
/home/mt/www/6.7/src/Core/Checkout/Payment/SalesChannel/AbstractPaymentMethodRoute.php
--- consumed 0 B, total 931 MB, took 0.00 s
/home/mt/www/6.7/src/Core/Checkout/Payment/SalesChannel/HandlePaymentMethodRoute.php
--- consumed 2 MB, total 933 MB, took 0.26 s
/home/mt/www/6.7/src/Core/Checkout/Payment/Hook/PaymentMethodRouteHook.php
--- consumed 0 B, total 933 MB, took 0.01 s
/home/mt/www/6.7/src/Core/Checkout/Payment/PaymentEvents.php
--- consumed 0 B, total 933 MB, took 0.00 s
/home/mt/www/6.7/src/Core/Checkout/Payment/PaymentMethodCollection.php
--- consumed 0 B, total 933 MB, took 0.03 s
/home/mt/www/6.7/src/Core/Checkout/Payment/Controller/PaymentController.php
--- consumed 0 B, total 933 MB, took 0.07 s
/home/mt/www/6.7/src/Core/Checkout/Payment/Aggregate/PaymentMethodTranslation/PaymentMethodTranslationDefinition.php
--- consumed 0 B, total 933 MB, took 0.01 s
/home/mt/www/6.7/src/Core/Checkout/Payment/Aggregate/PaymentMethodTranslation/PaymentMethodTranslationCollection.php
--- consumed 0 B, total 933 MB, took 0.03 s
/home/mt/www/6.7/src/Core/Checkout/Payment/Aggregate/PaymentMethodTranslation/PaymentMethodTranslationEntity.php
--- consumed 0 B, total 933 MB, took 0.04 s
/home/mt/www/6.7/src/Core/Checkout/Payment/PaymentProcessor.php
--- consumed 0 B, total 933 MB, took 0.12 s
/home/mt/www/6.7/src/Core/Checkout/Payment/DataAbstractionLayer/PaymentMethodValidator.php
--- consumed 0 B, total 933 MB, took 0.01 s
/home/mt/www/6.7/src/Core/Checkout/Payment/DataAbstractionLayer/PaymentHandlerIdentifierSubscriber.php
--- consumed 0 B, total 933 MB, took 0.04 s
/home/mt/www/6.7/src/Core/Checkout/Payment/DataAbstractionLayer/PaymentMethodIndexer.php
--- consumed 0 B, total 933 MB, took 0.04 s
/home/mt/www/6.7/src/Core/Checkout/Payment/DataAbstractionLayer/PaymentMethodIndexingMessage.php
--- consumed 0 B, total 933 MB, took 0.00 s
/home/mt/www/6.7/src/Core/Checkout/Payment/DataAbstractionLayer/PaymentDistinguishableNameSubscriber.php
--- consumed 0 B, total 933 MB, took 0.01 s
/home/mt/www/6.7/src/Core/Checkout/Payment/DataAbstractionLayer/PaymentDistinguishableNameGenerator.php
--- consumed 0 B, total 933 MB, took 0.14 s
/home/mt/www/6.7/src/Core/Checkout/Payment/Cart/PaymentMethodValidator.php
--- consumed 0 B, total 933 MB, took 0.03 s
/home/mt/www/6.7/src/Core/Checkout/Payment/Cart/RefundPaymentTransactionStruct.php
--- consumed 0 B, total 933 MB, took 0.01 s
/home/mt/www/6.7/src/Core/Checkout/Payment/Cart/Recurring/RecurringDataStruct.php
--- consumed 0 B, total 933 MB, took 0.01 s
/home/mt/www/6.7/src/Core/Checkout/Payment/Cart/PaymentRecurringProcessor.php
--- consumed 0 B, total 933 MB, took 0.04 s
/home/mt/www/6.7/src/Core/Checkout/Payment/Cart/PaymentRefundProcessor.php
--- consumed 0 B, total 933 MB, took 0.03 s
/home/mt/www/6.7/src/Core/Checkout/Payment/Cart/AbstractPaymentTransactionStructFactory.php
--- consumed 0 B, total 933 MB, took 0.00 s
/home/mt/www/6.7/src/Core/Checkout/Payment/Cart/Token/TokenFactoryInterfaceV2.php
--- consumed 0 B, total 933 MB, took 0.00 s
/home/mt/www/6.7/src/Core/Checkout/Payment/Cart/Token/TokenStruct.php
--- consumed 0 B, total 933 MB, took 0.02 s
/home/mt/www/6.7/src/Core/Checkout/Payment/Cart/Token/JWTFactoryV2.php
--- consumed 0 B, total 933 MB, took 0.06 s
/home/mt/www/6.7/src/Core/Checkout/Payment/Cart/PaymentTransactionStructFactory.php
--- consumed 0 B, total 933 MB, took 0.01 s
/home/mt/www/6.7/src/Core/Checkout/Payment/Cart/PaymentTransactionStruct.php
--- consumed 0 B, total 933 MB, took 0.01 s
/home/mt/www/6.7/src/Core/Checkout/Payment/Cart/PaymentHandler/DebitPayment.php
--- consumed 0 B, total 933 MB, took 0.00 s
/home/mt/www/6.7/src/Core/Checkout/Payment/Cart/PaymentHandler/PrePayment.php
--- consumed 0 B, total 933 MB, took 0.01 s
/home/mt/www/6.7/src/Core/Checkout/Payment/Cart/PaymentHandler/AbstractPaymentHandler.php
--- consumed 0 B, total 933 MB, took 0.01 s
/home/mt/www/6.7/src/Core/Checkout/Payment/Cart/PaymentHandler/PaymentHandlerType.php
--- consumed 0 B, total 933 MB, took 0.00 s
/home/mt/www/6.7/src/Core/Checkout/Payment/Cart/PaymentHandler/DefaultPayment.php
--- consumed 0 B, total 933 MB, took 0.00 s
/home/mt/www/6.7/src/Core/Checkout/Payment/Cart/PaymentHandler/PaymentHandlerRegistry.php
--- consumed 0 B, total 933 MB, took 0.02 s
/home/mt/www/6.7/src/Core/Checkout/Payment/Cart/PaymentHandler/InvoicePayment.php
--- consumed 0 B, total 933 MB, took 0.00 s
/home/mt/www/6.7/src/Core/Checkout/Payment/Cart/PaymentHandler/CashPayment.php
--- consumed 0 B, total 933 MB, took 0.00 s
/home/mt/www/6.7/src/Core/Checkout/Payment/Cart/Error/PaymentMethodBlockedError.php
--- consumed 0 B, total 933 MB, took 0.03 s
/home/mt/www/6.7/src/Core/Checkout/Payment/PaymentException.php
--- consumed 0 B, total 933 MB, took 0.09 s
/home/mt/www/6.7/src/Core/Checkout/CheckoutPermissions.php
--- consumed 0 B, total 933 MB, took 0.00 s
/home/mt/www/6.7/src/Core/Checkout/Gateway/CheckoutGatewayInterface.php
--- consumed 0 B, total 933 MB, took 0.00 s
/home/mt/www/6.7/src/Core/Checkout/Gateway/SalesChannel/CheckoutGatewayRouteResponse.php
--- consumed 0 B, total 933 MB, took 0.02 s
/home/mt/www/6.7/src/Core/Checkout/Gateway/SalesChannel/AbstractCheckoutGatewayRoute.php
--- consumed 0 B, total 933 MB, took 0.00 s
/home/mt/www/6.7/src/Core/Checkout/Gateway/SalesChannel/CheckoutGatewayRoute.php
--- consumed 0 B, total 933 MB, took 0.06 s
/home/mt/www/6.7/src/Core/Checkout/Gateway/CheckoutGatewayException.php
--- consumed 0 B, total 933 MB, took 0.02 s
/home/mt/www/6.7/src/Core/Checkout/Gateway/Command/Event/CheckoutGatewayCommandsCollectedEvent.php
--- consumed 0 B, total 933 MB, took 0.01 s
/home/mt/www/6.7/src/Core/Checkout/Gateway/Command/Executor/CheckoutGatewayCommandExecutor.php
--- consumed 0 B, total 933 MB, took 0.02 s
/home/mt/www/6.7/src/Core/Checkout/Gateway/Command/RemovePaymentMethodCommand.php
--- consumed 0 B, total 933 MB, took 0.00 s
/home/mt/www/6.7/src/Core/Checkout/Gateway/Command/RemoveShippingMethodCommand.php
--- consumed 0 B, total 933 MB, took 0.00 s
/home/mt/www/6.7/src/Core/Checkout/Gateway/Command/AddCartErrorCommand.php
--- consumed 0 B, total 933 MB, took 0.01 s
/home/mt/www/6.7/src/Core/Checkout/Gateway/Command/Handler/RemovePaymentMethodCommandHandler.php
--- consumed 0 B, total 933 MB, took 0.01 s
/home/mt/www/6.7/src/Core/Checkout/Gateway/Command/Handler/AddCartErrorCommandHandler.php
--- consumed 0 B, total 933 MB, took 0.01 s
/home/mt/www/6.7/src/Core/Checkout/Gateway/Command/Handler/AddPaymentMethodCommandHandler.php
--- consumed 0 B, total 933 MB, took 0.02 s
/home/mt/www/6.7/src/Core/Checkout/Gateway/Command/Handler/AddShippingMethodCommandHandler.php
--- consumed 0 B, total 933 MB, took 0.02 s
/home/mt/www/6.7/src/Core/Checkout/Gateway/Command/Handler/AddPaymentMethodExtensionsCommandHandler.php
--- consumed 2 MB, total 935 MB, took 0.02 s
/home/mt/www/6.7/src/Core/Checkout/Gateway/Command/Handler/RemoveShippingMethodCommandHandler.php
--- consumed 0 B, total 935 MB, took 0.01 s
/home/mt/www/6.7/src/Core/Checkout/Gateway/Command/Handler/AddShippingMethodExtensionsCommandHandler.php
--- consumed 0 B, total 935 MB, took 0.02 s
/home/mt/www/6.7/src/Core/Checkout/Gateway/Command/Handler/AbstractCheckoutGatewayCommandHandler.php
--- consumed 0 B, total 935 MB, took 0.00 s
/home/mt/www/6.7/src/Core/Checkout/Gateway/Command/Struct/CheckoutGatewayPayloadStruct.php
--- consumed 0 B, total 935 MB, took 0.01 s
/home/mt/www/6.7/src/Core/Checkout/Gateway/Command/AddPaymentMethodCommand.php
--- consumed 0 B, total 935 MB, took 0.00 s
/home/mt/www/6.7/src/Core/Checkout/Gateway/Command/AddShippingMethodExtensionCommand.php
--- consumed 0 B, total 935 MB, took 0.00 s
/home/mt/www/6.7/src/Core/Checkout/Gateway/Command/AddPaymentMethodExtensionCommand.php
--- consumed 0 B, total 935 MB, took 0.00 s
/home/mt/www/6.7/src/Core/Checkout/Gateway/Command/Registry/CheckoutGatewayCommandRegistry.php
--- consumed 0 B, total 935 MB, took 0.02 s
/home/mt/www/6.7/src/Core/Checkout/Gateway/Command/AddShippingMethodCommand.php
--- consumed 0 B, total 935 MB, took 0.00 s
/home/mt/www/6.7/src/Core/Checkout/Gateway/Command/CheckoutGatewayCommandCollection.php
--- consumed 0 B, total 935 MB, took 0.00 s
/home/mt/www/6.7/src/Core/Checkout/Gateway/Command/AbstractCheckoutGatewayCommand.php
--- consumed 0 B, total 935 MB, took 0.00 s
/home/mt/www/6.7/src/Core/Checkout/Gateway/CheckoutGatewayResponse.php
--- consumed 0 B, total 935 MB, took 0.01 s
/home/mt/www/6.7/src/Core/Checkout/Gateway/Error/CheckoutGatewayError.php
--- consumed 0 B, total 935 MB, took 0.01 s
/home/mt/www/6.7/src/Core/Checkout/Shipping/ShippingMethodDefinition.php
--- consumed 0 B, total 935 MB, took 0.05 s
/home/mt/www/6.7/src/Core/Checkout/Shipping/Event/ShippingMethodRouteCacheTagsEvent.php
--- consumed 0 B, total 935 MB, took 0.00 s
/home/mt/www/6.7/src/Core/Checkout/Shipping/Event/ShippingMethodRouteCacheKeyEvent.php
--- consumed 0 B, total 935 MB, took 0.00 s
/home/mt/www/6.7/src/Core/Checkout/Shipping/ShippingMethodEntity.php
--- consumed 0 B, total 935 MB, took 0.09 s
/home/mt/www/6.7/src/Core/Checkout/Shipping/SalesChannel/AbstractShippingMethodRoute.php
--- consumed 0 B, total 935 MB, took 0.00 s
/home/mt/www/6.7/src/Core/Checkout/Shipping/SalesChannel/ShippingMethodRouteResponse.php
--- consumed 0 B, total 935 MB, took 0.01 s
/home/mt/www/6.7/src/Core/Checkout/Shipping/SalesChannel/ShippingMethodRoute.php
--- consumed 0 B, total 935 MB, took 0.04 s
/home/mt/www/6.7/src/Core/Checkout/Shipping/SalesChannel/SalesChannelShippingMethodDefinition.php
--- consumed 0 B, total 935 MB, took 0.00 s
/home/mt/www/6.7/src/Core/Checkout/Shipping/Validator/ShippingMethodValidator.php
--- consumed 0 B, total 935 MB, took 0.09 s
/home/mt/www/6.7/src/Core/Checkout/Shipping/ShippingException.php
--- consumed 0 B, total 935 MB, took 0.01 s
/home/mt/www/6.7/src/Core/Checkout/Shipping/Hook/ShippingMethodRouteHook.php
--- consumed 0 B, total 935 MB, took 0.01 s
/home/mt/www/6.7/src/Core/Checkout/Shipping/Aggregate/ShippingMethodTag/ShippingMethodTagDefinition.php
--- consumed 0 B, total 935 MB, took 0.01 s
/home/mt/www/6.7/src/Core/Checkout/Shipping/Aggregate/ShippingMethodPrice/ShippingMethodPriceDefinition.php
--- consumed 0 B, total 935 MB, took 0.03 s
/home/mt/www/6.7/src/Core/Checkout/Shipping/Aggregate/ShippingMethodPrice/ShippingMethodPriceExceptionHandler.php
--- consumed 0 B, total 935 MB, took 0.01 s
/home/mt/www/6.7/src/Core/Checkout/Shipping/Aggregate/ShippingMethodPrice/ShippingMethodPriceCollection.php
--- consumed 0 B, total 935 MB, took 0.02 s
/home/mt/www/6.7/src/Core/Checkout/Shipping/Aggregate/ShippingMethodPrice/ShippingMethodPriceEntity.php
--- consumed 0 B, total 935 MB, took 0.05 s
/home/mt/www/6.7/src/Core/Checkout/Shipping/Aggregate/ShippingMethodTranslation/ShippingMethodTranslationCollection.php
--- consumed 0 B, total 935 MB, took 0.02 s
/home/mt/www/6.7/src/Core/Checkout/Shipping/Aggregate/ShippingMethodTranslation/ShippingMethodTranslationDefinition.php
--- consumed 0 B, total 935 MB, took 0.01 s
/home/mt/www/6.7/src/Core/Checkout/Shipping/Aggregate/ShippingMethodTranslation/ShippingMethodTranslationEntity.php
--- consumed 0 B, total 935 MB, took 0.04 s
/home/mt/www/6.7/src/Core/Checkout/Shipping/ShippingEvents.php
--- consumed 0 B, total 935 MB, took 0.00 s
/home/mt/www/6.7/src/Core/Checkout/Shipping/ShippingMethodCollection.php
--- consumed 0 B, total 935 MB, took 0.25 s
/home/mt/www/6.7/src/Core/Checkout/Shipping/Cart/Error/ShippingMethodBlockedError.php
--- consumed 0 B, total 935 MB, took 0.02 s
/home/mt/www/6.7/src/Core/Checkout/DependencyInjection/DependencyInjectionException.php
--- consumed 0 B, total 935 MB, took 0.01 s
/home/mt/www/6.7/src/Core/Checkout/DependencyInjection/CompilerPass/CartStorageCompilerPass.php
--- consumed 0 B, total 935 MB, took 0.02 s
/home/mt/www/6.7/src/Core/Checkout/Cart/CartSerializationCleaner.php
--- consumed 0 B, total 935 MB, took 0.04 s
/home/mt/www/6.7/src/Core/Checkout/Cart/LineItem/LineItem.php
--- consumed 4 MB, total 939 MB, took 0.20 s
/home/mt/www/6.7/src/Core/Checkout/Cart/LineItem/Group/AbstractProductLineItemProvider.php
--- consumed 0 B, total 939 MB, took 0.00 s
/home/mt/www/6.7/src/Core/Checkout/Cart/LineItem/Group/RulesMatcher/AbstractAnyRuleLineItemMatcher.php
--- consumed 0 B, total 939 MB, took 0.00 s
/home/mt/www/6.7/src/Core/Checkout/Cart/LineItem/Group/RulesMatcher/AnyRuleMatcher.php
--- consumed 0 B, total 939 MB, took 0.01 s
/home/mt/www/6.7/src/Core/Checkout/Cart/LineItem/Group/RulesMatcher/AnyRuleLineItemMatcher.php
--- consumed 0 B, total 939 MB, took 0.02 s
/home/mt/www/6.7/src/Core/Checkout/Cart/LineItem/Group/LineItemGroupSorterInterface.php
--- consumed 0 B, total 939 MB, took 0.00 s
/home/mt/www/6.7/src/Core/Checkout/Cart/LineItem/Group/Packager/LineItemGroupUnitPriceGrossPackager.php
--- consumed 0 B, total 939 MB, took 0.02 s
/home/mt/www/6.7/src/Core/Checkout/Cart/LineItem/Group/Packager/LineItemGroupCountPackager.php
--- consumed 0 B, total 939 MB, took 0.01 s
/home/mt/www/6.7/src/Core/Checkout/Cart/LineItem/Group/Packager/LineItemGroupUnitPriceNetPackager.php
--- consumed 0 B, total 939 MB, took 0.02 s
/home/mt/www/6.7/src/Core/Checkout/Cart/LineItem/Group/Sorter/LineItemGroupPriceDescSorter.php
--- consumed 0 B, total 939 MB, took 0.02 s
/home/mt/www/6.7/src/Core/Checkout/Cart/LineItem/Group/Sorter/LineItemGroupPriceAscSorter.php
--- consumed 0 B, total 939 MB, took 0.02 s
/home/mt/www/6.7/src/Core/Checkout/Cart/LineItem/Group/LineItemGroupServiceRegistry.php
--- consumed 0 B, total 939 MB, took 0.02 s
/home/mt/www/6.7/src/Core/Checkout/Cart/LineItem/Group/LineItemGroupBuilder.php
--- consumed 0 B, total 939 MB, took 0.13 s
/home/mt/www/6.7/src/Core/Checkout/Cart/LineItem/Group/LineItemGroupPackagerInterface.php
--- consumed 0 B, total 939 MB, took 0.00 s
/home/mt/www/6.7/src/Core/Checkout/Cart/LineItem/Group/LineItemGroup.php
--- consumed 0 B, total 939 MB, took 0.01 s
/home/mt/www/6.7/src/Core/Checkout/Cart/LineItem/Group/ProductLineItemProvider.php
--- consumed 0 B, total 939 MB, took 0.01 s
/home/mt/www/6.7/src/Core/Checkout/Cart/LineItem/Group/LineItemQuantityCollection.php
--- consumed 0 B, total 939 MB, took 0.02 s
/home/mt/www/6.7/src/Core/Checkout/Cart/LineItem/Group/LineItemQuantity.php
--- consumed 0 B, total 939 MB, took 0.01 s
/home/mt/www/6.7/src/Core/Checkout/Cart/LineItem/Group/LineItemGroupDefinition.php
--- consumed 0 B, total 939 MB, took 0.01 s
/home/mt/www/6.7/src/Core/Checkout/Cart/LineItem/Group/LineItemGroupBuilderResult.php
--- consumed 0 B, total 939 MB, took 0.08 s
/home/mt/www/6.7/src/Core/Checkout/Cart/LineItem/Group/LineItemGroupRuleMatcherInterface.php
--- consumed 0 B, total 939 MB, took 0.00 s
/home/mt/www/6.7/src/Core/Checkout/Cart/LineItem/LineItemCollection.php
--- consumed 0 B, total 939 MB, took 0.13 s
/home/mt/www/6.7/src/Core/Checkout/Cart/LineItem/LineItemQuantitySplitter.php
--- consumed 0 B, total 939 MB, took 0.02 s
/home/mt/www/6.7/src/Core/Checkout/Cart/LineItem/CartDataCollection.php
--- consumed 0 B, total 939 MB, took 0.00 s
/home/mt/www/6.7/src/Core/Checkout/Cart/LineItem/LineItemFlatCollection.php
--- consumed 0 B, total 939 MB, took 0.00 s
/home/mt/www/6.7/src/Core/Checkout/Cart/LineItem/LineItemValidator.php
--- consumed 0 B, total 939 MB, took 0.02 s
/home/mt/www/6.7/src/Core/Checkout/Cart/LineItem/QuantityInformation.php
--- consumed 0 B, total 939 MB, took 0.01 s
/home/mt/www/6.7/src/Core/Checkout/Cart/Event/CartVerifyPersistEvent.php
--- consumed 0 B, total 939 MB, took 0.01 s
/home/mt/www/6.7/src/Core/Checkout/Cart/Event/SalesChannelContextAssembledEvent.php
--- consumed 0 B, total 939 MB, took 0.01 s
/home/mt/www/6.7/src/Core/Checkout/Cart/Event/AfterLineItemAddedEvent.php
--- consumed 0 B, total 939 MB, took 0.01 s
/home/mt/www/6.7/src/Core/Checkout/Cart/Event/LineItemRemovedEvent.php
--- consumed 0 B, total 939 MB, took 0.01 s
/home/mt/www/6.7/src/Core/Checkout/Cart/Event/CartBeforeSerializationEvent.php
--- consumed 0 B, total 939 MB, took 0.01 s
/home/mt/www/6.7/src/Core/Checkout/Cart/Event/CartCreatedEvent.php
--- consumed 0 B, total 939 MB, took 0.00 s
/home/mt/www/6.7/src/Core/Checkout/Cart/Event/CheckoutOrderPlacedEvent.php
--- consumed 0 B, total 939 MB, took 0.03 s
/home/mt/www/6.7/src/Core/Checkout/Cart/Event/BeforeLineItemRemovedEvent.php
--- consumed 0 B, total 939 MB, took 0.01 s
/home/mt/www/6.7/src/Core/Checkout/Cart/Event/CartEvent.php
--- consumed 0 B, total 939 MB, took 0.00 s
/home/mt/www/6.7/src/Core/Checkout/Cart/Event/CartMergedEvent.php
--- consumed 0 B, total 939 MB, took 0.01 s
/home/mt/www/6.7/src/Core/Checkout/Cart/Event/CartSavedEvent.php
--- consumed 0 B, total 939 MB, took 0.01 s
/home/mt/www/6.7/src/Core/Checkout/Cart/Event/BeforeLineItemQuantityChangedEvent.php
--- consumed 0 B, total 939 MB, took 0.01 s
/home/mt/www/6.7/src/Core/Checkout/Cart/Event/CartChangedEvent.php
--- consumed 0 B, total 939 MB, took 0.01 s
/home/mt/www/6.7/src/Core/Checkout/Cart/Event/CheckoutOrderPlacedCriteriaEvent.php
--- consumed 0 B, total 939 MB, took 0.01 s
/home/mt/www/6.7/src/Core/Checkout/Cart/Event/BeforeCartMergeEvent.php
--- consumed 0 B, total 939 MB, took 0.01 s
/home/mt/www/6.7/src/Core/Checkout/Cart/Event/BeforeLineItemAddedEvent.php
--- consumed 0 B, total 939 MB, took 0.01 s
/home/mt/www/6.7/src/Core/Checkout/Cart/Event/AfterLineItemQuantityChangedEvent.php
--- consumed 0 B, total 939 MB, took 0.01 s
/home/mt/www/6.7/src/Core/Checkout/Cart/Event/CartContextHashEvent.php
--- consumed 0 B, total 939 MB, took 0.01 s
/home/mt/www/6.7/src/Core/Checkout/Cart/Event/CartDeletedEvent.php
--- consumed 0 B, total 939 MB, took 0.01 s
/home/mt/www/6.7/src/Core/Checkout/Cart/Event/AfterLineItemRemovedEvent.php
--- consumed 0 B, total 939 MB, took 0.01 s
/home/mt/www/6.7/src/Core/Checkout/Cart/Event/CartLoadedEvent.php
--- consumed 0 B, total 939 MB, took 0.01 s
/home/mt/www/6.7/src/Core/Checkout/Cart/PriceDefinitionFactory.php
--- consumed 0 B, total 939 MB, took 0.02 s
/home/mt/www/6.7/src/Core/Checkout/Cart/LineItemFactoryRegistry.php
--- consumed 0 B, total 939 MB, took 0.08 s
/home/mt/www/6.7/src/Core/Checkout/Cart/CachedRuleLoader.php
--- consumed 0 B, total 939 MB, took 0.01 s
/home/mt/www/6.7/src/Core/Checkout/Cart/RuleLoader.php
--- consumed 0 B, total 939 MB, took 0.04 s
/home/mt/www/6.7/src/Core/Checkout/Cart/Extension/CheckoutCartRuleLoaderExtension.php
--- consumed 0 B, total 939 MB, took 0.01 s
/home/mt/www/6.7/src/Core/Checkout/Cart/Extension/CheckoutPlaceOrderExtension.php
--- consumed 0 B, total 939 MB, took 0.01 s
/home/mt/www/6.7/src/Core/Checkout/Cart/Order/RecalculationService.php
--- consumed 0 B, total 939 MB, took 0.60 s
/home/mt/www/6.7/src/Core/Checkout/Cart/Order/IdStruct.php
--- consumed 0 B, total 939 MB, took 0.01 s
/home/mt/www/6.7/src/Core/Checkout/Cart/Order/Api/OrderRecalculationController.php
--- consumed 0 B, total 939 MB, took 0.10 s
/home/mt/www/6.7/src/Core/Checkout/Cart/Order/Api/OrderConverterController.php
--- consumed 0 B, total 939 MB, took 0.02 s
/home/mt/www/6.7/src/Core/Checkout/Cart/Order/OrderConverter.php
--- consumed 0 B, total 939 MB, took 0.44 s
/home/mt/www/6.7/src/Core/Checkout/Cart/Order/OrderConversionContext.php
--- consumed 0 B, total 939 MB, took 0.02 s
/home/mt/www/6.7/src/Core/Checkout/Cart/Order/OrderPersister.php
--- consumed 0 B, total 939 MB, took 0.02 s
/home/mt/www/6.7/src/Core/Checkout/Cart/Order/LineItemDownloadLoader.php
--- consumed 0 B, total 939 MB, took 0.06 s
/home/mt/www/6.7/src/Core/Checkout/Cart/Order/OrderPersisterInterface.php
--- consumed 0 B, total 939 MB, took 0.00 s
/home/mt/www/6.7/src/Core/Checkout/Cart/Order/Transformer/DeliveryTransformer.php
--- consumed 2 MB, total 941 MB, took 0.07 s
/home/mt/www/6.7/src/Core/Checkout/Cart/Order/Transformer/CartTransformer.php
--- consumed 0 B, total 941 MB, took 0.02 s
/home/mt/www/6.7/src/Core/Checkout/Cart/Order/Transformer/TransactionTransformer.php
--- consumed 0 B, total 941 MB, took 0.01 s
/home/mt/www/6.7/src/Core/Checkout/Cart/Order/Transformer/LineItemTransformer.php
--- consumed 0 B, total 941 MB, took 0.12 s
/home/mt/www/6.7/src/Core/Checkout/Cart/Order/Transformer/CustomerTransformer.php
--- consumed 0 B, total 941 MB, took 0.02 s
/home/mt/www/6.7/src/Core/Checkout/Cart/Order/Transformer/AddressTransformer.php
--- consumed 0 B, total 941 MB, took 0.04 s
/home/mt/www/6.7/src/Core/Checkout/Cart/Order/OrderConvertedEvent.php
--- consumed 0 B, total 941 MB, took 0.01 s
/home/mt/www/6.7/src/Core/Checkout/Cart/Order/CartConvertedEvent.php
--- consumed 0 B, total 941 MB, took 0.01 s
/home/mt/www/6.7/src/Core/Checkout/Cart/Order/OrderPlaceResult.php
--- consumed 0 B, total 941 MB, took 0.00 s
/home/mt/www/6.7/src/Core/Checkout/Cart/TaxProvider/AbstractTaxProvider.php
--- consumed 0 B, total 941 MB, took 0.00 s
/home/mt/www/6.7/src/Core/Checkout/Cart/TaxProvider/TaxAdjustmentCalculator.php
--- consumed 0 B, total 941 MB, took 0.01 s
/home/mt/www/6.7/src/Core/Checkout/Cart/TaxProvider/TaxProviderProcessor.php
--- consumed 0 B, total 941 MB, took 0.10 s
/home/mt/www/6.7/src/Core/Checkout/Cart/TaxProvider/Struct/TaxProviderResult.php
--- consumed 0 B, total 941 MB, took 0.02 s
/home/mt/www/6.7/src/Core/Checkout/Cart/TaxProvider/TaxAdjustment.php
--- consumed 0 B, total 941 MB, took 0.07 s
/home/mt/www/6.7/src/Core/Checkout/Cart/TaxProvider/TaxProviderRegistry.php
--- consumed 0 B, total 941 MB, took 0.01 s
/home/mt/www/6.7/src/Core/Checkout/Cart/Cart.php
--- consumed 0 B, total 941 MB, took 0.09 s
/home/mt/www/6.7/src/Core/Checkout/Cart/CartContextHashStruct.php
--- consumed 0 B, total 941 MB, took 0.01 s
/home/mt/www/6.7/src/Core/Checkout/Cart/RedisCartPersister.php
--- consumed 0 B, total 941 MB, took 0.31 s
/home/mt/www/6.7/src/Core/Checkout/Cart/SalesChannel/CartOrderRouteResponse.php
--- consumed 0 B, total 941 MB, took 0.00 s
/home/mt/www/6.7/src/Core/Checkout/Cart/SalesChannel/CartOrderRoute.php
--- consumed 0 B, total 941 MB, took 0.13 s
/home/mt/www/6.7/src/Core/Checkout/Cart/SalesChannel/AbstractCartItemRemoveRoute.php
--- consumed 0 B, total 941 MB, took 0.00 s
/home/mt/www/6.7/src/Core/Checkout/Cart/SalesChannel/AbstractCartDeleteRoute.php
--- consumed 0 B, total 941 MB, took 0.00 s
/home/mt/www/6.7/src/Core/Checkout/Cart/SalesChannel/CartLoadRoute.php
--- consumed 0 B, total 941 MB, took 0.02 s
/home/mt/www/6.7/src/Core/Checkout/Cart/SalesChannel/AbstractCartItemUpdateRoute.php
--- consumed 0 B, total 941 MB, took 0.00 s
/home/mt/www/6.7/src/Core/Checkout/Cart/SalesChannel/AbstractCartItemAddRoute.php
--- consumed 0 B, total 941 MB, took 0.00 s
/home/mt/www/6.7/src/Core/Checkout/Cart/SalesChannel/CartDeleteRoute.php
--- consumed 0 B, total 941 MB, took 0.02 s
/home/mt/www/6.7/src/Core/Checkout/Cart/SalesChannel/CartItemAddRoute.php
--- consumed 0 B, total 941 MB, took 0.08 s
/home/mt/www/6.7/src/Core/Checkout/Cart/SalesChannel/CartService.php
--- consumed 0 B, total 941 MB, took 0.07 s
/home/mt/www/6.7/src/Core/Checkout/Cart/SalesChannel/CartResponse.php
--- consumed 0 B, total 941 MB, took 0.01 s
/home/mt/www/6.7/src/Core/Checkout/Cart/SalesChannel/AbstractCartLoadRoute.php
--- consumed 0 B, total 941 MB, took 0.00 s
/home/mt/www/6.7/src/Core/Checkout/Cart/SalesChannel/CartItemUpdateRoute.php
--- consumed 0 B, total 941 MB, took 0.03 s
/home/mt/www/6.7/src/Core/Checkout/Cart/SalesChannel/CartItemRemoveRoute.php
--- consumed 0 B, total 941 MB, took 0.07 s
/home/mt/www/6.7/src/Core/Checkout/Cart/SalesChannel/AbstractCartOrderRoute.php
--- consumed 0 B, total 941 MB, took 0.00 s
/home/mt/www/6.7/src/Core/Checkout/Cart/CartCalculator.php
--- consumed 0 B, total 941 MB, took 0.02 s
/home/mt/www/6.7/src/Core/Checkout/Cart/CartValidatorInterface.php
--- consumed 0 B, total 941 MB, took 0.00 s
/home/mt/www/6.7/src/Core/Checkout/Cart/Rule/LineItemDimensionWeightRule.php
--- consumed 0 B, total 941 MB, took 0.04 s
/home/mt/www/6.7/src/Core/Checkout/Cart/Rule/LineItemPurchasePriceRule.php
--- consumed 0 B, total 941 MB, took 0.04 s
/home/mt/www/6.7/src/Core/Checkout/Cart/Rule/AffiliateCodeOfOrderRule.php
--- consumed 0 B, total 941 MB, took 0.03 s
/home/mt/www/6.7/src/Core/Checkout/Cart/Rule/LineItemListPriceRatioRule.php
--- consumed 0 B, total 941 MB, took 0.03 s
/home/mt/www/6.7/src/Core/Checkout/Cart/Rule/LineItemRule.php
--- consumed 0 B, total 941 MB, took 0.03 s
/home/mt/www/6.7/src/Core/Checkout/Cart/Rule/LineItemOfTypeRule.php
--- consumed 0 B, total 941 MB, took 0.02 s
/home/mt/www/6.7/src/Core/Checkout/Cart/Rule/CartVolumeRule.php
--- consumed 0 B, total 941 MB, took 0.03 s
/home/mt/www/6.7/src/Core/Checkout/Cart/Rule/GoodsCountRule.php
--- consumed 0 B, total 941 MB, took 0.03 s
/home/mt/www/6.7/src/Core/Checkout/Cart/Rule/LineItemReleaseDateRule.php
--- consumed 0 B, total 941 MB, took 0.04 s
/home/mt/www/6.7/src/Core/Checkout/Cart/Rule/CartShippingCostRule.php
--- consumed 0 B, total 941 MB, took 0.02 s
/home/mt/www/6.7/src/Core/Checkout/Cart/Rule/PaymentMethodRule.php
--- consumed 0 B, total 941 MB, took 0.01 s
/home/mt/www/6.7/src/Core/Checkout/Cart/Rule/LineItemInCategoryRule.php
--- consumed 0 B, total 941 MB, took 0.02 s
/home/mt/www/6.7/src/Core/Checkout/Cart/Rule/CartTotalPurchasePriceRule.php
--- consumed 0 B, total 941 MB, took 0.03 s
/home/mt/www/6.7/src/Core/Checkout/Cart/Rule/LineItemOfManufacturerRule.php
--- consumed 0 B, total 941 MB, took 0.03 s
/home/mt/www/6.7/src/Core/Checkout/Cart/Rule/LineItemCustomFieldRule.php
--- consumed 0 B, total 941 MB, took 0.05 s
/home/mt/www/6.7/src/Core/Checkout/Cart/Rule/CartPositionPriceRule.php
--- consumed 0 B, total 941 MB, took 0.02 s
/home/mt/www/6.7/src/Core/Checkout/Cart/Rule/ShippingMethodRule.php
--- consumed 0 B, total 941 MB, took 0.01 s
/home/mt/www/6.7/src/Core/Checkout/Cart/Rule/LineItemIsNewRule.php
--- consumed 0 B, total 941 MB, took 0.02 s
/home/mt/www/6.7/src/Core/Checkout/Cart/Rule/LineItemDimensionWidthRule.php
--- consumed 0 B, total 941 MB, took 0.03 s
/home/mt/www/6.7/src/Core/Checkout/Cart/Rule/LineItemStockRule.php
--- consumed 0 B, total 941 MB, took 0.04 s
/home/mt/www/6.7/src/Core/Checkout/Cart/Rule/LineItemGroupRule.php
--- consumed 0 B, total 941 MB, took 0.02 s
/home/mt/www/6.7/src/Core/Checkout/Cart/Rule/LineItemTaxationRule.php
--- consumed 0 B, total 941 MB, took 0.03 s
/home/mt/www/6.7/src/Core/Checkout/Cart/Rule/AdminSalesChannelSourceRule.php
--- consumed 0 B, total 941 MB, took 0.01 s
/home/mt/www/6.7/src/Core/Checkout/Cart/Rule/LineItemPromotedRule.php
--- consumed 0 B, total 941 MB, took 0.02 s
/home/mt/www/6.7/src/Core/Checkout/Cart/Rule/LineItemsInCartCountRule.php
--- consumed 0 B, total 941 MB, took 0.01 s
/home/mt/www/6.7/src/Core/Checkout/Cart/Rule/LineItemDimensionVolumeRule.php
--- consumed 0 B, total 941 MB, took 0.03 s
/home/mt/www/6.7/src/Core/Checkout/Cart/Rule/CartHasDeliveryFreeItemRule.php
--- consumed 0 B, total 941 MB, took 0.03 s
/home/mt/www/6.7/src/Core/Checkout/Cart/Rule/LineItemWithQuantityRule.php
--- consumed 0 B, total 941 MB, took 0.03 s
/home/mt/www/6.7/src/Core/Checkout/Cart/Rule/LineItemPropertyValueRule.php
--- consumed 0 B, total 941 MB, took 0.03 s
/home/mt/www/6.7/src/Core/Checkout/Cart/Rule/GoodsPriceRule.php
--- consumed 0 B, total 941 MB, took 0.03 s
/home/mt/www/6.7/src/Core/Checkout/Cart/Rule/AlwaysValidRule.php
--- consumed 0 B, total 941 MB, took 0.00 s
/home/mt/www/6.7/src/Core/Checkout/Cart/Rule/LineItemTotalPriceRule.php
--- consumed 0 B, total 941 MB, took 0.03 s
/home/mt/www/6.7/src/Core/Checkout/Cart/Rule/LineItemListPriceRule.php
--- consumed 0 B, total 941 MB, took 0.03 s
/home/mt/www/6.7/src/Core/Checkout/Cart/Rule/LineItemVariantValueRule.php
--- consumed 2 MB, total 943 MB, took 0.03 s
/home/mt/www/6.7/src/Core/Checkout/Cart/Rule/CartRuleScope.php
--- consumed 0 B, total 943 MB, took 0.01 s
/home/mt/www/6.7/src/Core/Checkout/Cart/Rule/LineItemDimensionLengthRule.php
--- consumed 0 B, total 943 MB, took 0.03 s
/home/mt/www/6.7/src/Core/Checkout/Cart/Rule/CartAmountRule.php
--- consumed 0 B, total 943 MB, took 0.02 s
/home/mt/www/6.7/src/Core/Checkout/Cart/Rule/LineItemWrapperRule.php
--- consumed 0 B, total 943 MB, took 0.02 s
/home/mt/www/6.7/src/Core/Checkout/Cart/Rule/LineItemGoodsTotalRule.php
--- consumed 0 B, total 943 MB, took 0.03 s
/home/mt/www/6.7/src/Core/Checkout/Cart/Rule/LineItemClearanceSaleRule.php
--- consumed 0 B, total 943 MB, took 0.02 s
/home/mt/www/6.7/src/Core/Checkout/Cart/Rule/LineItemProductStatesRule.php
--- consumed 0 B, total 943 MB, took 0.03 s
/home/mt/www/6.7/src/Core/Checkout/Cart/Rule/LineItemDimensionHeightRule.php
--- consumed 0 B, total 943 MB, took 0.03 s
/home/mt/www/6.7/src/Core/Checkout/Cart/Rule/CartTaxDisplayRule.php
--- consumed 0 B, total 943 MB, took 0.01 s
/home/mt/www/6.7/src/Core/Checkout/Cart/Rule/LineItemUnitPriceRule.php
--- consumed 0 B, total 943 MB, took 0.03 s
/home/mt/www/6.7/src/Core/Checkout/Cart/Rule/LineItemScope.php
--- consumed 0 B, total 943 MB, took 0.00 s
/home/mt/www/6.7/src/Core/Checkout/Cart/Rule/LineItemTagRule.php
--- consumed 0 B, total 943 MB, took 0.25 s
/home/mt/www/6.7/src/Core/Checkout/Cart/Rule/LineItemPropertyRule.php
--- consumed 0 B, total 943 MB, took 0.03 s
/home/mt/www/6.7/src/Core/Checkout/Cart/Rule/CampaignCodeOfOrderRule.php
--- consumed 0 B, total 943 MB, took 0.03 s
/home/mt/www/6.7/src/Core/Checkout/Cart/Rule/CartWeightRule.php
--- consumed 0 B, total 943 MB, took 0.03 s
/home/mt/www/6.7/src/Core/Checkout/Cart/Rule/LineItemInProductStreamRule.php
--- consumed 0 B, total 943 MB, took 0.03 s
/home/mt/www/6.7/src/Core/Checkout/Cart/Rule/LineItemActualStockRule.php
--- consumed 0 B, total 943 MB, took 0.03 s
/home/mt/www/6.7/src/Core/Checkout/Cart/Rule/LineItemCreationDateRule.php
--- consumed 0 B, total 943 MB, took 0.04 s
/home/mt/www/6.7/src/Core/Checkout/Cart/RuleLoaderResult.php
--- consumed 0 B, total 943 MB, took 0.00 s
/home/mt/www/6.7/src/Core/Checkout/Cart/CartBehavior.php
--- consumed 0 B, total 943 MB, took 0.02 s
/home/mt/www/6.7/src/Core/Checkout/Cart/Processor.php
--- consumed 0 B, total 943 MB, took 0.08 s
/home/mt/www/6.7/src/Core/Checkout/Cart/CartException.php
--- consumed 0 B, total 943 MB, took 0.19 s
/home/mt/www/6.7/src/Core/Checkout/Cart/Delivery/DeliveryCalculator.php
--- consumed 0 B, total 943 MB, took 0.19 s
/home/mt/www/6.7/src/Core/Checkout/Cart/Delivery/DeliveryValidator.php
--- consumed 0 B, total 943 MB, took 0.02 s
/home/mt/www/6.7/src/Core/Checkout/Cart/Delivery/Struct/DeliveryPositionCollection.php
--- consumed 0 B, total 943 MB, took 0.06 s
/home/mt/www/6.7/src/Core/Checkout/Cart/Delivery/Struct/DeliveryPosition.php
--- consumed 0 B, total 943 MB, took 0.01 s
/home/mt/www/6.7/src/Core/Checkout/Cart/Delivery/Struct/Delivery.php
--- consumed 0 B, total 943 MB, took 0.01 s
/home/mt/www/6.7/src/Core/Checkout/Cart/Delivery/Struct/DeliveryCollection.php
--- consumed 0 B, total 943 MB, took 0.06 s
/home/mt/www/6.7/src/Core/Checkout/Cart/Delivery/Struct/DeliveryTime.php
--- consumed 0 B, total 943 MB, took 0.02 s
/home/mt/www/6.7/src/Core/Checkout/Cart/Delivery/Struct/ShippingLocation.php
--- consumed 0 B, total 943 MB, took 0.02 s
/home/mt/www/6.7/src/Core/Checkout/Cart/Delivery/Struct/DeliveryInformation.php
--- consumed 0 B, total 943 MB, took 0.03 s
/home/mt/www/6.7/src/Core/Checkout/Cart/Delivery/Struct/DeliveryDate.php
--- consumed 0 B, total 943 MB, took 0.03 s
/home/mt/www/6.7/src/Core/Checkout/Cart/Delivery/DeliveryProcessor.php
--- consumed 2 MB, total 945 MB, took 0.11 s
/home/mt/www/6.7/src/Core/Checkout/Cart/Delivery/DeliveryBuilder.php
--- consumed 0 B, total 945 MB, took 0.11 s
/home/mt/www/6.7/src/Core/Checkout/Cart/Subscriber/CartOrderEventSubscriber.php
--- consumed 0 B, total 945 MB, took 0.01 s
/home/mt/www/6.7/src/Core/Checkout/Cart/Hook/CartHook.php
--- consumed 0 B, total 945 MB, took 0.01 s
/home/mt/www/6.7/src/Core/Checkout/Cart/Hook/CartAware.php
--- consumed 0 B, total 945 MB, took 0.00 s
/home/mt/www/6.7/src/Core/Checkout/Cart/Exception/InvalidCartException.php
--- consumed 0 B, total 945 MB, took 0.00 s
/home/mt/www/6.7/src/Core/Checkout/Cart/Exception/TaxProviderExceptions.php
--- consumed 0 B, total 945 MB, took 0.04 s
/home/mt/www/6.7/src/Core/Checkout/Cart/Exception/CustomerNotLoggedInException.php
--- consumed 0 B, total 945 MB, took 0.00 s
/home/mt/www/6.7/src/Core/Checkout/Cart/Exception/CartTokenNotFoundException.php
--- consumed 0 B, total 945 MB, took 0.00 s
/home/mt/www/6.7/src/Core/Checkout/Cart/Exception/LineItemNotFoundException.php
--- consumed 0 B, total 945 MB, took 0.00 s
/home/mt/www/6.7/src/Core/Checkout/Cart/Processor/DiscountCartProcessor.php
--- consumed 0 B, total 945 MB, took 0.05 s
/home/mt/www/6.7/src/Core/Checkout/Cart/Processor/ContainerCartProcessor.php
--- consumed 0 B, total 945 MB, took 0.08 s
/home/mt/www/6.7/src/Core/Checkout/Cart/Validator.php
--- consumed 0 B, total 945 MB, took 0.01 s
/home/mt/www/6.7/src/Core/Checkout/Cart/PriceActionController.php
--- consumed 0 B, total 945 MB, took 0.10 s
/home/mt/www/6.7/src/Core/Checkout/Cart/Facade/ContainerFacade.php
--- consumed 0 B, total 945 MB, took 0.37 s
/home/mt/www/6.7/src/Core/Checkout/Cart/Facade/CartFacadeHelper.php
--- consumed 0 B, total 945 MB, took 0.01 s
/home/mt/www/6.7/src/Core/Checkout/Cart/Facade/ItemsFacade.php
--- consumed 0 B, total 945 MB, took 0.05 s
/home/mt/www/6.7/src/Core/Checkout/Cart/Facade/ItemFacade.php
--- consumed 0 B, total 945 MB, took 0.04 s
/home/mt/www/6.7/src/Core/Checkout/Cart/Facade/ProductsFacade.php
--- consumed 0 B, total 945 MB, took 0.07 s
/home/mt/www/6.7/src/Core/Checkout/Cart/Facade/PriceFacade.php
--- consumed 0 B, total 945 MB, took 0.07 s
/home/mt/www/6.7/src/Core/Checkout/Cart/Facade/PriceFactory.php
--- consumed 0 B, total 945 MB, took 0.01 s
/home/mt/www/6.7/src/Core/Checkout/Cart/Facade/CartFacade.php
--- consumed 2 MB, total 947 MB, took 0.13 s
/home/mt/www/6.7/src/Core/Checkout/Cart/Facade/Traits/ItemsRemoveTrait.php
--- consumed 0 B, total 947 MB, took 0.00 s
/home/mt/www/6.7/src/Core/Checkout/Cart/Facade/Traits/PriceFactoryTrait.php
--- consumed 0 B, total 947 MB, took 0.00 s
/home/mt/www/6.7/src/Core/Checkout/Cart/Facade/Traits/DiscountTrait.php
--- consumed 0 B, total 947 MB, took 0.00 s
/home/mt/www/6.7/src/Core/Checkout/Cart/Facade/Traits/SurchargeTrait.php
--- consumed 0 B, total 947 MB, took 0.00 s
/home/mt/www/6.7/src/Core/Checkout/Cart/Facade/Traits/ItemsHasTrait.php
--- consumed 0 B, total 947 MB, took 0.00 s
/home/mt/www/6.7/src/Core/Checkout/Cart/Facade/Traits/ItemsIteratorTrait.php
--- consumed 0 B, total 947 MB, took 0.00 s
/home/mt/www/6.7/src/Core/Checkout/Cart/Facade/Traits/ItemsGetTrait.php
--- consumed 0 B, total 947 MB, took 0.00 s
/home/mt/www/6.7/src/Core/Checkout/Cart/Facade/Traits/ItemsCountTrait.php
--- consumed 0 B, total 947 MB, took 0.00 s
/home/mt/www/6.7/src/Core/Checkout/Cart/Facade/Traits/ItemsAddTrait.php
--- consumed 0 B, total 947 MB, took 0.00 s
/home/mt/www/6.7/src/Core/Checkout/Cart/Facade/Traits/ContainerFactoryTrait.php
--- consumed 0 B, total 947 MB, took 0.00 s
/home/mt/www/6.7/src/Core/Checkout/Cart/Facade/DiscountFacade.php
--- consumed 0 B, total 947 MB, took 0.01 s
/home/mt/www/6.7/src/Core/Checkout/Cart/Facade/ScriptPriceStubs.php
--- consumed 0 B, total 947 MB, took 0.07 s
/home/mt/www/6.7/src/Core/Checkout/Cart/Facade/StatesFacade.php
--- consumed 0 B, total 947 MB, took 0.01 s
/home/mt/www/6.7/src/Core/Checkout/Cart/Facade/CartPriceFacade.php
--- consumed 0 B, total 947 MB, took 0.01 s
/home/mt/www/6.7/src/Core/Checkout/Cart/Facade/PriceFactoryFactory.php
--- consumed 0 B, total 947 MB, took 0.01 s
/home/mt/www/6.7/src/Core/Checkout/Cart/Facade/ErrorsFacade.php
--- consumed 0 B, total 947 MB, took 0.04 s
/home/mt/www/6.7/src/Core/Checkout/Cart/Facade/CartFacadeHookFactory.php
--- consumed 0 B, total 947 MB, took 0.01 s
/home/mt/www/6.7/src/Core/Checkout/Cart/LineItemFactoryHandler/CreditLineItemFactory.php
--- consumed 0 B, total 947 MB, took 0.04 s
/home/mt/www/6.7/src/Core/Checkout/Cart/LineItemFactoryHandler/ProductLineItemFactory.php
--- consumed 0 B, total 947 MB, took 0.04 s
/home/mt/www/6.7/src/Core/Checkout/Cart/LineItemFactoryHandler/LineItemFactoryInterface.php
--- consumed 0 B, total 947 MB, took 0.00 s
/home/mt/www/6.7/src/Core/Checkout/Cart/LineItemFactoryHandler/CustomLineItemFactory.php
--- consumed 0 B, total 947 MB, took 0.04 s
/home/mt/www/6.7/src/Core/Checkout/Cart/LineItemFactoryHandler/PromotionLineItemFactory.php
--- consumed 0 B, total 947 MB, took 0.01 s
/home/mt/www/6.7/src/Core/Checkout/Cart/Tax/TaxCalculator.php
--- consumed 0 B, total 947 MB, took 0.03 s
/home/mt/www/6.7/src/Core/Checkout/Cart/Tax/AbstractTaxDetector.php
--- consumed 0 B, total 947 MB, took 0.00 s
/home/mt/www/6.7/src/Core/Checkout/Cart/Tax/Struct/CalculatedTaxCollection.php
--- consumed 0 B, total 947 MB, took 0.04 s
/home/mt/www/6.7/src/Core/Checkout/Cart/Tax/Struct/TaxRuleCollection.php
--- consumed 2 MB, total 949 MB, took 0.04 s
/home/mt/www/6.7/src/Core/Checkout/Cart/Tax/Struct/CalculatedTax.php
--- consumed 0 B, total 949 MB, took 0.03 s
/home/mt/www/6.7/src/Core/Checkout/Cart/Tax/Struct/TaxRule.php
--- consumed 0 B, total 949 MB, took 0.01 s
/home/mt/www/6.7/src/Core/Checkout/Cart/Tax/PercentageTaxRuleBuilder.php
--- consumed 0 B, total 949 MB, took 0.01 s
/home/mt/www/6.7/src/Core/Checkout/Cart/Tax/TaxDetector.php
--- consumed 0 B, total 949 MB, took 0.05 s
/home/mt/www/6.7/src/Core/Checkout/Cart/CartValueResolver.php
--- consumed 0 B, total 949 MB, took 0.01 s
/home/mt/www/6.7/src/Core/Checkout/Cart/CartContextHasher.php
--- consumed 0 B, total 949 MB, took 0.02 s
/home/mt/www/6.7/src/Core/Checkout/Cart/Cleanup/CleanupCartTask.php
--- consumed 0 B, total 949 MB, took 0.01 s
/home/mt/www/6.7/src/Core/Checkout/Cart/Cleanup/CleanupCartTaskHandler.php
--- consumed 0 B, total 949 MB, took 0.01 s
/home/mt/www/6.7/src/Core/Checkout/Cart/Command/CartMigrateCommand.php
--- consumed 0 B, total 949 MB, took 0.45 s
/home/mt/www/6.7/src/Core/Checkout/Cart/CartProcessorInterface.php
--- consumed 0 B, total 949 MB, took 0.00 s
/home/mt/www/6.7/src/Core/Checkout/Cart/ApiOrderCartService.php
--- consumed 0 B, total 949 MB, took 0.02 s
/home/mt/www/6.7/src/Core/Checkout/Cart/CartCompressor.php
--- consumed 0 B, total 949 MB, took 0.03 s
/home/mt/www/6.7/src/Core/Checkout/Cart/Calculator.php
--- consumed 0 B, total 949 MB, took 0.05 s
/home/mt/www/6.7/src/Core/Checkout/Cart/CreditCartProcessor.php
--- consumed 0 B, total 949 MB, took 0.01 s
/home/mt/www/6.7/src/Core/Checkout/Cart/CartDataCollectorInterface.php
--- consumed 0 B, total 949 MB, took 0.00 s
/home/mt/www/6.7/src/Core/Checkout/Cart/AbstractRuleLoader.php
--- consumed 0 B, total 949 MB, took 0.00 s
/home/mt/www/6.7/src/Core/Checkout/Cart/Address/AddressValidator.php
--- consumed 0 B, total 949 MB, took 0.07 s
/home/mt/www/6.7/src/Core/Checkout/Cart/Address/Error/SalutationMissingError.php
--- consumed 0 B, total 949 MB, took 0.01 s
/home/mt/www/6.7/src/Core/Checkout/Cart/Address/Error/BillingAddressCountryRegionMissingError.php
--- consumed 0 B, total 949 MB, took 0.02 s
/home/mt/www/6.7/src/Core/Checkout/Cart/Address/Error/ShippingAddressBlockedError.php
--- consumed 0 B, total 949 MB, took 0.01 s
/home/mt/www/6.7/src/Core/Checkout/Cart/Address/Error/ShippingAddressCountryRegionMissingError.php
--- consumed 0 B, total 949 MB, took 0.02 s
/home/mt/www/6.7/src/Core/Checkout/Cart/Address/Error/ShippingAddressSalutationMissingError.php
--- consumed 0 B, total 949 MB, took 0.02 s
/home/mt/www/6.7/src/Core/Checkout/Cart/Address/Error/BillingAddressSalutationMissingError.php
--- consumed 0 B, total 949 MB, took 0.01 s
/home/mt/www/6.7/src/Core/Checkout/Cart/Address/Error/BillingAddressBlockedError.php
--- consumed 0 B, total 949 MB, took 0.02 s
/home/mt/www/6.7/src/Core/Checkout/Cart/Address/Error/AddressValidationError.php
--- consumed 0 B, total 949 MB, took 0.02 s
/home/mt/www/6.7/src/Core/Checkout/Cart/Address/Error/CountryRegionMissingError.php
--- consumed 0 B, total 949 MB, took 0.01 s
/home/mt/www/6.7/src/Core/Checkout/Cart/CartLocker.php
--- consumed 0 B, total 949 MB, took 0.02 s
/home/mt/www/6.7/src/Core/Checkout/Cart/CustomCartProcessor.php
--- consumed 0 B, total 949 MB, took 0.03 s
/home/mt/www/6.7/src/Core/Checkout/Cart/AbstractCartPersister.php
--- consumed 0 B, total 949 MB, took 0.07 s
/home/mt/www/6.7/src/Core/Checkout/Cart/CartRuleLoader.php
--- consumed 2 MB, total 951 MB, took 0.27 s
/home/mt/www/6.7/src/Core/Checkout/Cart/CartPersister.php
--- consumed 0 B, total 951 MB, took 0.06 s
/home/mt/www/6.7/src/Core/Checkout/Cart/Error/Error.php
--- consumed 0 B, total 951 MB, took 0.06 s
/home/mt/www/6.7/src/Core/Checkout/Cart/Error/IncompleteLineItemError.php
--- consumed 0 B, total 951 MB, took 0.01 s
/home/mt/www/6.7/src/Core/Checkout/Cart/Error/GenericCartError.php
--- consumed 0 B, total 951 MB, took 0.01 s
/home/mt/www/6.7/src/Core/Checkout/Cart/Error/ErrorCollection.php
--- consumed 0 B, total 951 MB, took 0.26 s
/home/mt/www/6.7/src/Core/Checkout/Cart/Error/ErrorRoute.php
--- consumed 0 B, total 951 MB, took 0.01 s
/home/mt/www/6.7/src/Core/Checkout/Cart/CartFactory.php
--- consumed 0 B, total 951 MB, took 0.01 s
/home/mt/www/6.7/src/Core/Checkout/Cart/Price/QuantityPriceCalculator.php
--- consumed 0 B, total 951 MB, took 0.01 s
/home/mt/www/6.7/src/Core/Checkout/Cart/Price/CashRounding.php
--- consumed 2 MB, total 953 MB, took 0.01 s
/home/mt/www/6.7/src/Core/Checkout/Cart/Price/AbsolutePriceCalculator.php
--- consumed 0 B, total 953 MB, took 0.01 s
/home/mt/www/6.7/src/Core/Checkout/Cart/Price/CurrencyPriceCalculator.php
--- consumed 0 B, total 953 MB, took 0.01 s
/home/mt/www/6.7/src/Core/Checkout/Cart/Price/Struct/CurrencyPriceDefinition.php
--- consumed 0 B, total 953 MB, took 0.02 s
/home/mt/www/6.7/src/Core/Checkout/Cart/Price/Struct/FilterableInterface.php
--- consumed 0 B, total 953 MB, took 0.00 s
/home/mt/www/6.7/src/Core/Checkout/Cart/Price/Struct/PercentagePriceDefinition.php
--- consumed 0 B, total 953 MB, took 0.01 s
/home/mt/www/6.7/src/Core/Checkout/Cart/Price/Struct/CalculatedPrice.php
--- consumed 0 B, total 953 MB, took 0.02 s
/home/mt/www/6.7/src/Core/Checkout/Cart/Price/Struct/ReferencePriceDefinition.php
--- consumed 0 B, total 953 MB, took 0.01 s
/home/mt/www/6.7/src/Core/Checkout/Cart/Price/Struct/AbsolutePriceDefinition.php
--- consumed 0 B, total 953 MB, took 0.01 s
/home/mt/www/6.7/src/Core/Checkout/Cart/Price/Struct/PriceCollection.php
--- consumed 0 B, total 953 MB, took 0.06 s
/home/mt/www/6.7/src/Core/Checkout/Cart/Price/Struct/QuantityPriceDefinition.php
--- consumed 0 B, total 953 MB, took 0.05 s
/home/mt/www/6.7/src/Core/Checkout/Cart/Price/Struct/PriceDefinitionCollection.php
--- consumed 0 B, total 953 MB, took 0.01 s
/home/mt/www/6.7/src/Core/Checkout/Cart/Price/Struct/ListPrice.php
--- consumed 0 B, total 953 MB, took 0.01 s
/home/mt/www/6.7/src/Core/Checkout/Cart/Price/Struct/ReferencePrice.php
--- consumed 0 B, total 953 MB, took 0.01 s
/home/mt/www/6.7/src/Core/Checkout/Cart/Price/Struct/CartPrice.php
--- consumed 0 B, total 953 MB, took 0.02 s
/home/mt/www/6.7/src/Core/Checkout/Cart/Price/Struct/RegulationPrice.php
--- consumed 0 B, total 953 MB, took 0.01 s
/home/mt/www/6.7/src/Core/Checkout/Cart/Price/Struct/PriceDefinitionInterface.php
--- consumed 0 B, total 953 MB, took 0.00 s
/home/mt/www/6.7/src/Core/Checkout/Cart/Price/NetPriceCalculator.php
--- consumed 0 B, total 953 MB, took 0.05 s
/home/mt/www/6.7/src/Core/Checkout/Cart/Price/GrossPriceCalculator.php
--- consumed 0 B, total 953 MB, took 0.05 s
/home/mt/www/6.7/src/Core/Checkout/Cart/Price/PercentagePriceCalculator.php
--- consumed 0 B, total 953 MB, took 0.03 s
/home/mt/www/6.7/src/Core/Checkout/Cart/Price/AmountCalculator.php
--- consumed 0 B, total 953 MB, took 0.05 s
/home/mt/www/6.7/src/Core/Checkout/Cart/Transaction/TransactionProcessor.php
--- consumed 2 MB, total 955 MB, took 0.01 s
/home/mt/www/6.7/src/Core/Checkout/Cart/Transaction/Struct/Transaction.php
--- consumed 0 B, total 955 MB, took 0.01 s
/home/mt/www/6.7/src/Core/Checkout/Cart/Transaction/Struct/TransactionCollection.php
--- consumed 0 B, total 955 MB, took 0.00 s
/home/mt/www/6.7/src/Core/Checkout/Customer/Api/CustomerGroupRegistrationActionController.php
--- consumed 0 B, total 955 MB, took 0.12 s
/home/mt/www/6.7/src/Core/Checkout/Customer/Event/CustomerLoginEvent.php
--- consumed 0 B, total 955 MB, took 0.02 s
/home/mt/www/6.7/src/Core/Checkout/Customer/Event/CustomerConfirmRegisterUrlEvent.php
--- consumed 0 B, total 955 MB, took 0.23 s
/home/mt/www/6.7/src/Core/Checkout/Customer/Event/CustomerBeforeLoginEvent.php
--- consumed 0 B, total 955 MB, took 0.01 s
/home/mt/www/6.7/src/Core/Checkout/Customer/Event/WishlistProductAddedEvent.php
--- consumed 0 B, total 955 MB, took 0.01 s
/home/mt/www/6.7/src/Core/Checkout/Customer/Event/PasswordRecoveryUrlEvent.php
--- consumed 0 B, total 955 MB, took 0.01 s
/home/mt/www/6.7/src/Core/Checkout/Customer/Event/CustomerWishlistLoaderCriteriaEvent.php
--- consumed 0 B, total 955 MB, took 0.01 s
/home/mt/www/6.7/src/Core/Checkout/Customer/Event/WishlistMergedEvent.php
--- consumed 0 B, total 955 MB, took 0.01 s
/home/mt/www/6.7/src/Core/Checkout/Customer/Event/CustomerWishlistProductListingResultEvent.php
--- consumed 0 B, total 955 MB, took 0.02 s
/home/mt/www/6.7/src/Core/Checkout/Customer/Event/WishlistProductRemovedEvent.php
--- consumed 0 B, total 955 MB, took 0.01 s
/home/mt/www/6.7/src/Core/Checkout/Customer/Event/CustomerDeletedEvent.php
--- consumed 0 B, total 955 MB, took 0.02 s
/home/mt/www/6.7/src/Core/Checkout/Customer/Event/CustomerAccountRecoverRequestEvent.php
--- consumed 0 B, total 955 MB, took 0.03 s
/home/mt/www/6.7/src/Core/Checkout/Customer/Event/GuestCustomerRegisterEvent.php
--- consumed 0 B, total 955 MB, took 0.00 s
/home/mt/www/6.7/src/Core/Checkout/Customer/Event/CustomerIndexerEvent.php
--- consumed 0 B, total 955 MB, took 0.01 s
/home/mt/www/6.7/src/Core/Checkout/Customer/Event/CustomerSetDefaultBillingAddressEvent.php
--- consumed 0 B, total 955 MB, took 0.01 s
/home/mt/www/6.7/src/Core/Checkout/Customer/Event/DoubleOptInGuestOrderEvent.php
--- consumed 0 B, total 955 MB, took 0.02 s
/home/mt/www/6.7/src/Core/Checkout/Customer/Event/CustomerDoubleOptInRegistrationEvent.php
--- consumed 0 B, total 955 MB, took 0.02 s
/home/mt/www/6.7/src/Core/Checkout/Customer/Event/AddressListingCriteriaEvent.php
--- consumed 0 B, total 955 MB, took 0.01 s
/home/mt/www/6.7/src/Core/Checkout/Customer/Event/CustomerSetDefaultShippingAddressEvent.php
--- consumed 0 B, total 955 MB, took 0.01 s
/home/mt/www/6.7/src/Core/Checkout/Customer/Event/CustomerLogoutEvent.php
--- consumed 0 B, total 955 MB, took 0.02 s
/home/mt/www/6.7/src/Core/Checkout/Customer/Event/CustomerRegisterEvent.php
--- consumed 2 MB, total 957 MB, took 0.02 s
/home/mt/www/6.7/src/Core/Checkout/Customer/Event/CustomerGroupRegistrationAccepted.php
--- consumed 0 B, total 957 MB, took 0.02 s
/home/mt/www/6.7/src/Core/Checkout/Customer/Event/CustomerGroupRegistrationDeclined.php
--- consumed 0 B, total 957 MB, took 0.02 s
/home/mt/www/6.7/src/Core/Checkout/Customer/CustomerException.php
--- consumed 0 B, total 957 MB, took 0.38 s
/home/mt/www/6.7/src/Core/Checkout/Customer/DeleteUnusedGuestCustomerService.php
--- consumed 0 B, total 957 MB, took 0.05 s
/home/mt/www/6.7/src/Core/Checkout/Customer/CustomerDefinition.php
--- consumed 0 B, total 957 MB, took 0.12 s
/home/mt/www/6.7/src/Core/Checkout/Customer/SalesChannel/AbstractListAddressRoute.php
--- consumed 0 B, total 957 MB, took 0.00 s
/home/mt/www/6.7/src/Core/Checkout/Customer/SalesChannel/SendPasswordRecoveryMailRoute.php
--- consumed 0 B, total 957 MB, took 0.16 s
/home/mt/www/6.7/src/Core/Checkout/Customer/SalesChannel/AbstractRegisterRoute.php
--- consumed 0 B, total 957 MB, took 0.00 s
/home/mt/www/6.7/src/Core/Checkout/Customer/SalesChannel/AbstractSwitchDefaultAddressRoute.php
--- consumed 0 B, total 957 MB, took 0.00 s
/home/mt/www/6.7/src/Core/Checkout/Customer/SalesChannel/ChangeLanguageRoute.php
--- consumed 0 B, total 957 MB, took 0.04 s
/home/mt/www/6.7/src/Core/Checkout/Customer/SalesChannel/CustomerRecoveryIsExpiredRoute.php
--- consumed 0 B, total 957 MB, took 0.26 s
/home/mt/www/6.7/src/Core/Checkout/Customer/SalesChannel/ChangePasswordRoute.php
--- consumed 0 B, total 957 MB, took 0.06 s
/home/mt/www/6.7/src/Core/Checkout/Customer/SalesChannel/CustomerRoute.php
--- consumed 0 B, total 957 MB, took 0.02 s
/home/mt/www/6.7/src/Core/Checkout/Customer/SalesChannel/AccountNewsletterRecipientResult.php
--- consumed 0 B, total 957 MB, took 0.01 s
/home/mt/www/6.7/src/Core/Checkout/Customer/SalesChannel/AbstractDeleteAddressRoute.php
--- consumed 0 B, total 957 MB, took 0.00 s
/home/mt/www/6.7/src/Core/Checkout/Customer/SalesChannel/CustomerGroupRegistrationSettingsRoute.php
--- consumed 0 B, total 957 MB, took 0.03 s
/home/mt/www/6.7/src/Core/Checkout/Customer/SalesChannel/ListAddressRouteResponse.php
--- consumed 0 B, total 957 MB, took 0.01 s
/home/mt/www/6.7/src/Core/Checkout/Customer/SalesChannel/DeleteAddressRoute.php
--- consumed 0 B, total 957 MB, took 0.03 s
/home/mt/www/6.7/src/Core/Checkout/Customer/SalesChannel/ChangeEmailRoute.php
--- consumed 0 B, total 957 MB, took 0.06 s
/home/mt/www/6.7/src/Core/Checkout/Customer/SalesChannel/AccountNewsletterRecipientRouteResponse.php
--- consumed 0 B, total 957 MB, took 0.02 s
/home/mt/www/6.7/src/Core/Checkout/Customer/SalesChannel/AbstractChangeLanguageRoute.php
--- consumed 0 B, total 957 MB, took 0.00 s
/home/mt/www/6.7/src/Core/Checkout/Customer/SalesChannel/DeleteCustomerRoute.php
--- consumed 0 B, total 957 MB, took 0.01 s
/home/mt/www/6.7/src/Core/Checkout/Customer/SalesChannel/AddWishlistProductRoute.php
--- consumed 2 MB, total 959 MB, took 0.26 s
/home/mt/www/6.7/src/Core/Checkout/Customer/SalesChannel/AbstractCustomerRecoveryIsExpiredRoute.php
--- consumed 0 B, total 959 MB, took 0.00 s
/home/mt/www/6.7/src/Core/Checkout/Customer/SalesChannel/AbstractDeleteCustomerRoute.php
--- consumed 0 B, total 959 MB, took 0.00 s
/home/mt/www/6.7/src/Core/Checkout/Customer/SalesChannel/LoadWishlistRouteResponse.php
--- consumed 0 B, total 959 MB, took 0.02 s
/home/mt/www/6.7/src/Core/Checkout/Customer/SalesChannel/AbstractRegisterConfirmRoute.php
--- consumed 0 B, total 959 MB, took 0.00 s
/home/mt/www/6.7/src/Core/Checkout/Customer/SalesChannel/RemoveWishlistProductRoute.php
--- consumed 0 B, total 959 MB, took 0.04 s
/home/mt/www/6.7/src/Core/Checkout/Customer/SalesChannel/ImitateCustomerRoute.php
--- consumed 0 B, total 959 MB, took 0.26 s
/home/mt/www/6.7/src/Core/Checkout/Customer/SalesChannel/AbstractLoginRoute.php
--- consumed 0 B, total 959 MB, took 0.00 s
/home/mt/www/6.7/src/Core/Checkout/Customer/SalesChannel/CustomerGroupRegistrationSettingsRouteResponse.php
--- consumed 0 B, total 959 MB, took 0.44 s
/home/mt/www/6.7/src/Core/Checkout/Customer/SalesChannel/AccountNewsletterRecipientRoute.php
--- consumed 0 B, total 959 MB, took 0.02 s
/home/mt/www/6.7/src/Core/Checkout/Customer/SalesChannel/AbstractRemoveWishlistProductRoute.php
--- consumed 0 B, total 959 MB, took 0.00 s
/home/mt/www/6.7/src/Core/Checkout/Customer/SalesChannel/UpsertAddressRouteResponse.php
--- consumed 0 B, total 959 MB, took 0.00 s
/home/mt/www/6.7/src/Core/Checkout/Customer/SalesChannel/CustomerRecoveryIsExpiredResponse.php
--- consumed 0 B, total 959 MB, took 0.24 s
/home/mt/www/6.7/src/Core/Checkout/Customer/SalesChannel/AbstractMergeWishlistProductRoute.php
--- consumed 0 B, total 959 MB, took 0.00 s
/home/mt/www/6.7/src/Core/Checkout/Customer/SalesChannel/AbstractConvertGuestRoute.php
--- consumed 0 B, total 959 MB, took 0.00 s
/home/mt/www/6.7/src/Core/Checkout/Customer/SalesChannel/LogoutRoute.php
--- consumed 0 B, total 959 MB, took 0.03 s
/home/mt/www/6.7/src/Core/Checkout/Customer/SalesChannel/DownloadRoute.php
--- consumed 0 B, total 959 MB, took 0.04 s
/home/mt/www/6.7/src/Core/Checkout/Customer/SalesChannel/AbstractLogoutRoute.php
--- consumed 0 B, total 959 MB, took 0.00 s
/home/mt/www/6.7/src/Core/Checkout/Customer/SalesChannel/AbstractCustomerRoute.php
--- consumed 0 B, total 959 MB, took 0.00 s
/home/mt/www/6.7/src/Core/Checkout/Customer/SalesChannel/SwitchDefaultAddressRoute.php
--- consumed 0 B, total 959 MB, took 0.03 s
/home/mt/www/6.7/src/Core/Checkout/Customer/SalesChannel/AbstractAddWishlistProductRoute.php
--- consumed 0 B, total 959 MB, took 0.00 s
/home/mt/www/6.7/src/Core/Checkout/Customer/SalesChannel/ResetPasswordRoute.php
--- consumed 0 B, total 959 MB, took 0.31 s
/home/mt/www/6.7/src/Core/Checkout/Customer/SalesChannel/AbstractAccountNewsletterRecipientRoute.php
--- consumed 0 B, total 959 MB, took 0.00 s
/home/mt/www/6.7/src/Core/Checkout/Customer/SalesChannel/RegisterConfirmRoute.php
--- consumed 2 MB, total 961 MB, took 0.51 s
/home/mt/www/6.7/src/Core/Checkout/Customer/SalesChannel/LoginRoute.php
--- consumed 0 B, total 961 MB, took 0.25 s
/home/mt/www/6.7/src/Core/Checkout/Customer/SalesChannel/ChangeCustomerProfileRoute.php
--- consumed 0 B, total 961 MB, took 0.10 s
/home/mt/www/6.7/src/Core/Checkout/Customer/SalesChannel/CustomerResponse.php
--- consumed 0 B, total 961 MB, took 0.00 s
/home/mt/www/6.7/src/Core/Checkout/Customer/SalesChannel/AbstractResetPasswordRoute.php
--- consumed 0 B, total 961 MB, took 0.00 s
/home/mt/www/6.7/src/Core/Checkout/Customer/SalesChannel/MergeWishlistProductRoute.php
--- consumed 0 B, total 961 MB, took 0.33 s
/home/mt/www/6.7/src/Core/Checkout/Customer/SalesChannel/LoadWishlistRoute.php
--- consumed 0 B, total 961 MB, took 0.30 s
/home/mt/www/6.7/src/Core/Checkout/Customer/SalesChannel/ConvertGuestRoute.php
--- consumed 0 B, total 961 MB, took 0.03 s
/home/mt/www/6.7/src/Core/Checkout/Customer/SalesChannel/AbstractCustomerGroupRegistrationSettingsRoute.php
--- consumed 0 B, total 961 MB, took 0.00 s
/home/mt/www/6.7/src/Core/Checkout/Customer/SalesChannel/AbstractChangePasswordRoute.php
--- consumed 0 B, total 961 MB, took 0.00 s
/home/mt/www/6.7/src/Core/Checkout/Customer/SalesChannel/UpsertAddressRoute.php
--- consumed 2 MB, total 963 MB, took 0.54 s
/home/mt/www/6.7/src/Core/Checkout/Customer/SalesChannel/RegisterRoute.php
--- consumed 4 MB, total 967 MB, took 0.58 s
/home/mt/www/6.7/src/Core/Checkout/Customer/SalesChannel/AbstractSendPasswordRecoveryMailRoute.php
--- consumed 0 B, total 967 MB, took 0.00 s
/home/mt/www/6.7/src/Core/Checkout/Customer/SalesChannel/AbstractChangeCustomerProfileRoute.php
--- consumed 0 B, total 967 MB, took 0.00 s
/home/mt/www/6.7/src/Core/Checkout/Customer/SalesChannel/AbstractLoadWishlistRoute.php
--- consumed 0 B, total 967 MB, took 0.00 s
/home/mt/www/6.7/src/Core/Checkout/Customer/SalesChannel/CustomerAddressValidationTrait.php
--- consumed 0 B, total 967 MB, took 0.00 s
/home/mt/www/6.7/src/Core/Checkout/Customer/SalesChannel/ListAddressRoute.php
--- consumed 0 B, total 967 MB, took 0.45 s
/home/mt/www/6.7/src/Core/Checkout/Customer/SalesChannel/AbstractDownloadRoute.php
--- consumed 0 B, total 967 MB, took 0.00 s
/home/mt/www/6.7/src/Core/Checkout/Customer/SalesChannel/AbstractUpsertAddressRoute.php
--- consumed 0 B, total 967 MB, took 0.00 s
/home/mt/www/6.7/src/Core/Checkout/Customer/SalesChannel/AbstractChangeEmailRoute.php
--- consumed 0 B, total 967 MB, took 0.00 s
/home/mt/www/6.7/src/Core/Checkout/Customer/SalesChannel/AccountService.php
--- consumed 0 B, total 967 MB, took 0.54 s
/home/mt/www/6.7/src/Core/Checkout/Customer/SalesChannel/AbstractImitateCustomerRoute.php
--- consumed 0 B, total 967 MB, took 0.00 s
/home/mt/www/6.7/src/Core/Checkout/Customer/Rule/CustomerNumberRule.php
--- consumed 0 B, total 967 MB, took 0.25 s
/home/mt/www/6.7/src/Core/Checkout/Customer/Rule/CustomerCreatedByAdminRule.php
--- consumed 0 B, total 967 MB, took 0.01 s
/home/mt/www/6.7/src/Core/Checkout/Customer/Rule/DaysSinceFirstLoginRule.php
--- consumed 0 B, total 967 MB, took 0.01 s
/home/mt/www/6.7/src/Core/Checkout/Customer/Rule/ShippingStreetRule.php
--- consumed 0 B, total 967 MB, took 0.03 s
/home/mt/www/6.7/src/Core/Checkout/Customer/Rule/CustomerSalutationRule.php
--- consumed 0 B, total 967 MB, took 0.02 s
/home/mt/www/6.7/src/Core/Checkout/Customer/Rule/CustomerLoggedInRule.php
--- consumed 0 B, total 967 MB, took 0.01 s
/home/mt/www/6.7/src/Core/Checkout/Customer/Rule/ShippingZipCodeRule.php
--- consumed 0 B, total 967 MB, took 0.01 s
/home/mt/www/6.7/src/Core/Checkout/Customer/Rule/BillingStateRule.php
--- consumed 0 B, total 967 MB, took 0.03 s
/home/mt/www/6.7/src/Core/Checkout/Customer/Rule/ShippingCountryRule.php
--- consumed 0 B, total 967 MB, took 0.02 s
/home/mt/www/6.7/src/Core/Checkout/Customer/Rule/DaysSinceLastOrderRule.php
--- consumed 0 B, total 967 MB, took 0.01 s
/home/mt/www/6.7/src/Core/Checkout/Customer/Rule/CustomerGroupRule.php
--- consumed 0 B, total 967 MB, took 0.24 s
/home/mt/www/6.7/src/Core/Checkout/Customer/Rule/OrderTotalAmountRule.php
--- consumed 0 B, total 967 MB, took 0.01 s
/home/mt/www/6.7/src/Core/Checkout/Customer/Rule/DaysSinceLastLoginRule.php
--- consumed 0 B, total 967 MB, took 0.01 s
/home/mt/www/6.7/src/Core/Checkout/Customer/Rule/CampaignCodeRule.php
--- consumed 0 B, total 967 MB, took 0.03 s
/home/mt/www/6.7/src/Core/Checkout/Customer/Rule/OrderCountRule.php
--- consumed 0 B, total 967 MB, took 0.01 s
/home/mt/www/6.7/src/Core/Checkout/Customer/Rule/CustomerBirthdayRule.php
--- consumed 0 B, total 967 MB, took 0.03 s
/home/mt/www/6.7/src/Core/Checkout/Customer/Rule/CustomerRequestedGroupRule.php
--- consumed 0 B, total 967 MB, took 0.03 s
/home/mt/www/6.7/src/Core/Checkout/Customer/Rule/LastNameRule.php
--- consumed 0 B, total 967 MB, took 0.02 s
/home/mt/www/6.7/src/Core/Checkout/Customer/Rule/CustomerTagRule.php
--- consumed 0 B, total 967 MB, took 0.03 s
/home/mt/www/6.7/src/Core/Checkout/Customer/Rule/BillingCountryRule.php
--- consumed 0 B, total 967 MB, took 0.02 s
/home/mt/www/6.7/src/Core/Checkout/Customer/Rule/BillingStreetRule.php
--- consumed 0 B, total 967 MB, took 0.03 s
/home/mt/www/6.7/src/Core/Checkout/Customer/Rule/DifferentAddressesRule.php
--- consumed 0 B, total 967 MB, took 0.02 s
/home/mt/www/6.7/src/Core/Checkout/Customer/Rule/ShippingCityRule.php
--- consumed 0 B, total 967 MB, took 0.03 s
/home/mt/www/6.7/src/Core/Checkout/Customer/Rule/BillingCityRule.php
--- consumed 0 B, total 967 MB, took 0.03 s
/home/mt/www/6.7/src/Core/Checkout/Customer/Rule/CustomerCustomFieldRule.php
--- consumed 0 B, total 967 MB, took 0.02 s
/home/mt/www/6.7/src/Core/Checkout/Customer/Rule/BillingZipCodeRule.php
--- consumed 0 B, total 967 MB, took 0.01 s
/home/mt/www/6.7/src/Core/Checkout/Customer/Rule/CustomerAgeRule.php
--- consumed 0 B, total 967 MB, took 0.03 s
/home/mt/www/6.7/src/Core/Checkout/Customer/Rule/ShippingStateRule.php
--- consumed 2 MB, total 969 MB, took 0.03 s
/home/mt/www/6.7/src/Core/Checkout/Customer/Rule/IsGuestCustomerRule.php
--- consumed 0 B, total 969 MB, took 0.01 s
/home/mt/www/6.7/src/Core/Checkout/Customer/Rule/IsActiveRule.php
--- consumed 0 B, total 969 MB, took 0.01 s
/home/mt/www/6.7/src/Core/Checkout/Customer/Rule/EmailRule.php
--- consumed 0 B, total 969 MB, took 0.27 s
/home/mt/www/6.7/src/Core/Checkout/Customer/Rule/IsNewsletterRecipientRule.php
--- consumed 0 B, total 969 MB, took 0.02 s
/home/mt/www/6.7/src/Core/Checkout/Customer/Rule/IsCompanyRule.php
--- consumed 0 B, total 969 MB, took 0.01 s
/home/mt/www/6.7/src/Core/Checkout/Customer/Rule/NumberOfReviewsRule.php
--- consumed 0 B, total 969 MB, took 0.01 s
/home/mt/www/6.7/src/Core/Checkout/Customer/Rule/AffiliateCodeRule.php
--- consumed 0 B, total 969 MB, took 0.03 s
/home/mt/www/6.7/src/Core/Checkout/Customer/Service/GuestAuthenticator.php
--- consumed 0 B, total 969 MB, took 0.04 s
/home/mt/www/6.7/src/Core/Checkout/Customer/Service/ProductReviewCountService.php
--- consumed 0 B, total 969 MB, took 0.01 s
/home/mt/www/6.7/src/Core/Checkout/Customer/Service/EmailIdnConverter.php
--- consumed 8 MB, total 977 MB, took 0.56 s
/home/mt/www/6.7/src/Core/Checkout/Customer/Password/LegacyEncoder/Md5.php
--- consumed 0 B, total 977 MB, took 0.01 s
/home/mt/www/6.7/src/Core/Checkout/Customer/Password/LegacyEncoder/Sha256.php
--- consumed 0 B, total 977 MB, took 0.02 s
/home/mt/www/6.7/src/Core/Checkout/Customer/Password/LegacyEncoder/LegacyEncoderInterface.php
--- consumed 0 B, total 977 MB, took 0.00 s
/home/mt/www/6.7/src/Core/Checkout/Customer/Password/LegacyPasswordVerifier.php
--- consumed 0 B, total 977 MB, took 0.01 s
/home/mt/www/6.7/src/Core/Checkout/Customer/Subscriber/CustomerRemoteAddressSubscriber.php
--- consumed 0 B, total 977 MB, took 0.01 s
/home/mt/www/6.7/src/Core/Checkout/Customer/Subscriber/CustomerLogoutSubscriber.php
--- consumed 0 B, total 977 MB, took 0.01 s
/home/mt/www/6.7/src/Core/Checkout/Customer/Subscriber/CustomerMetaFieldSubscriber.php
--- consumed 0 B, total 977 MB, took 0.05 s
/home/mt/www/6.7/src/Core/Checkout/Customer/Subscriber/CustomerChangePasswordSubscriber.php
--- consumed 2 MB, total 979 MB, took 0.01 s
/home/mt/www/6.7/src/Core/Checkout/Customer/Subscriber/AddressHashSubscriber.php
--- consumed 0 B, total 979 MB, took 0.02 s
/home/mt/www/6.7/src/Core/Checkout/Customer/Subscriber/CustomerTokenSubscriber.php
--- consumed 0 B, total 979 MB, took 0.26 s
/home/mt/www/6.7/src/Core/Checkout/Customer/Subscriber/CustomerGroupSubscriber.php
--- consumed 0 B, total 979 MB, took 0.19 s
/home/mt/www/6.7/src/Core/Checkout/Customer/Subscriber/CustomerBeforeDeleteSubscriber.php
--- consumed 0 B, total 979 MB, took 0.06 s
/home/mt/www/6.7/src/Core/Checkout/Customer/Subscriber/CustomerFlowEventsSubscriber.php
--- consumed 0 B, total 979 MB, took 0.03 s
/home/mt/www/6.7/src/Core/Checkout/Customer/Subscriber/CustomerSalutationSubscriber.php
--- consumed 0 B, total 979 MB, took 0.02 s
/home/mt/www/6.7/src/Core/Checkout/Customer/Subscriber/ProductReviewSubscriber.php
--- consumed 0 B, total 979 MB, took 0.02 s
/home/mt/www/6.7/src/Core/Checkout/Customer/DeleteUnusedGuestCustomerTask.php
--- consumed 0 B, total 979 MB, took 0.00 s
/home/mt/www/6.7/src/Core/Checkout/Customer/Exception/AddressNotFoundException.php
--- consumed 0 B, total 979 MB, took 0.01 s
/home/mt/www/6.7/src/Core/Checkout/Customer/Exception/InvalidImitateCustomerTokenException.php
--- consumed 0 B, total 979 MB, took 0.01 s
/home/mt/www/6.7/src/Core/Checkout/Customer/Exception/CustomerWishlistNotFoundException.php
--- consumed 0 B, total 979 MB, took 0.01 s
/home/mt/www/6.7/src/Core/Checkout/Customer/Exception/CustomerAlreadyConfirmedException.php
--- consumed 0 B, total 979 MB, took 0.01 s
/home/mt/www/6.7/src/Core/Checkout/Customer/Exception/PasswordPoliciesUpdatedException.php
--- consumed 0 B, total 979 MB, took 0.00 s
/home/mt/www/6.7/src/Core/Checkout/Customer/Exception/CustomerRecoveryHashExpiredException.php
--- consumed 0 B, total 979 MB, took 0.01 s
/home/mt/www/6.7/src/Core/Checkout/Customer/Exception/CustomerAuthThrottledException.php
--- consumed 0 B, total 979 MB, took 0.01 s
/home/mt/www/6.7/src/Core/Checkout/Customer/Exception/BadCredentialsException.php
--- consumed 0 B, total 979 MB, took 0.01 s
/home/mt/www/6.7/src/Core/Checkout/Customer/Exception/CustomerNotFoundByIdException.php
--- consumed 0 B, total 979 MB, took 0.01 s
/home/mt/www/6.7/src/Core/Checkout/Customer/Exception/CustomerOptinNotCompletedException.php
--- consumed 0 B, total 979 MB, took 0.01 s
/home/mt/www/6.7/src/Core/Checkout/Customer/Exception/CustomerNotFoundByHashException.php
--- consumed 0 B, total 979 MB, took 0.01 s
/home/mt/www/6.7/src/Core/Checkout/Customer/Exception/DuplicateWishlistProductException.php
--- consumed 0 B, total 979 MB, took 0.01 s
/home/mt/www/6.7/src/Core/Checkout/Customer/Exception/CannotDeleteDefaultAddressException.php
--- consumed 0 B, total 979 MB, took 0.01 s
/home/mt/www/6.7/src/Core/Checkout/Customer/Exception/CustomerNotFoundException.php
--- consumed 0 B, total 979 MB, took 0.01 s
/home/mt/www/6.7/src/Core/Checkout/Customer/CustomerEntity.php
--- consumed 0 B, total 979 MB, took 0.43 s
/home/mt/www/6.7/src/Core/Checkout/Customer/CustomerCollection.php
--- consumed 0 B, total 979 MB, took 0.10 s
/home/mt/www/6.7/src/Core/Checkout/Customer/DeleteUnusedGuestCustomerHandler.php
--- consumed 0 B, total 979 MB, took 0.01 s
/home/mt/www/6.7/src/Core/Checkout/Customer/Command/DeleteUnusedGuestCustomersCommand.php
--- consumed 0 B, total 979 MB, took 0.03 s
/home/mt/www/6.7/src/Core/Checkout/Customer/Aggregate/CustomerWishlistProduct/CustomerWishlistProductDefinition.php
--- consumed 0 B, total 979 MB, took 0.02 s
/home/mt/www/6.7/src/Core/Checkout/Customer/Aggregate/CustomerWishlistProduct/CustomerWishlistProductEntity.php
--- consumed 0 B, total 979 MB, took 0.02 s
/home/mt/www/6.7/src/Core/Checkout/Customer/Aggregate/CustomerWishlistProduct/CustomerWishlistProductCollection.php
--- consumed 0 B, total 979 MB, took 0.02 s
/home/mt/www/6.7/src/Core/Checkout/Customer/Aggregate/CustomerGroup/CustomerGroupCollection.php
--- consumed 0 B, total 979 MB, took 0.01 s
/home/mt/www/6.7/src/Core/Checkout/Customer/Aggregate/CustomerGroup/CustomerGroupDefinition.php
--- consumed 0 B, total 979 MB, took 0.03 s
/home/mt/www/6.7/src/Core/Checkout/Customer/Aggregate/CustomerGroup/CustomerGroupEntity.php
--- consumed 0 B, total 979 MB, took 0.06 s
/home/mt/www/6.7/src/Core/Checkout/Customer/Aggregate/CustomerWishlist/CustomerWishlistCollection.php
--- consumed 0 B, total 979 MB, took 0.01 s
/home/mt/www/6.7/src/Core/Checkout/Customer/Aggregate/CustomerWishlist/CustomerWishlistEntity.php
--- consumed 0 B, total 979 MB, took 0.04 s
/home/mt/www/6.7/src/Core/Checkout/Customer/Aggregate/CustomerWishlist/CustomerWishlistDefinition.php
--- consumed 0 B, total 979 MB, took 0.02 s
/home/mt/www/6.7/src/Core/Checkout/Customer/Aggregate/CustomerAddress/CustomerAddressEntity.php
--- consumed 2 MB, total 981 MB, took 0.30 s
/home/mt/www/6.7/src/Core/Checkout/Customer/Aggregate/CustomerAddress/CustomerAddressDefinition.php
--- consumed 0 B, total 981 MB, took 0.05 s
/home/mt/www/6.7/src/Core/Checkout/Customer/Aggregate/CustomerAddress/CustomerAddressCollection.php
--- consumed 0 B, total 981 MB, took 0.05 s
/home/mt/www/6.7/src/Core/Checkout/Customer/Aggregate/CustomerRecovery/CustomerRecoveryEntity.php
--- consumed 0 B, total 981 MB, took 0.01 s
/home/mt/www/6.7/src/Core/Checkout/Customer/Aggregate/CustomerRecovery/CustomerRecoveryCollection.php
--- consumed 0 B, total 981 MB, took 0.01 s
/home/mt/www/6.7/src/Core/Checkout/Customer/Aggregate/CustomerRecovery/CustomerRecoveryDefinition.php
--- consumed 0 B, total 981 MB, took 0.01 s
/home/mt/www/6.7/src/Core/Checkout/Customer/Aggregate/CustomerGroupRegistrationSalesChannel/CustomerGroupRegistrationSalesChannelDefinition.php
--- consumed 0 B, total 981 MB, took 0.01 s
/home/mt/www/6.7/src/Core/Checkout/Customer/Aggregate/CustomerTag/CustomerTagDefinition.php
--- consumed 0 B, total 981 MB, took 0.01 s
/home/mt/www/6.7/src/Core/Checkout/Customer/Aggregate/CustomerGroupTranslation/CustomerGroupTranslationCollection.php
--- consumed 0 B, total 981 MB, took 0.02 s
/home/mt/www/6.7/src/Core/Checkout/Customer/Aggregate/CustomerGroupTranslation/CustomerGroupTranslationEntity.php
--- consumed 0 B, total 981 MB, took 0.04 s
/home/mt/www/6.7/src/Core/Checkout/Customer/Aggregate/CustomerGroupTranslation/CustomerGroupTranslationDefinition.php
--- consumed 0 B, total 981 MB, took 0.02 s
/home/mt/www/6.7/src/Core/Checkout/Customer/ImitateCustomerTokenGenerator.php
--- consumed 4 MB, total 985 MB, took 0.07 s
/home/mt/www/6.7/src/Core/Checkout/Customer/CustomerEvents.php
--- consumed 0 B, total 985 MB, took 0.00 s
/home/mt/www/6.7/src/Core/Checkout/Customer/DataAbstractionLayer/CustomerIndexingMessage.php
--- consumed 0 B, total 985 MB, took 0.01 s
/home/mt/www/6.7/src/Core/Checkout/Customer/DataAbstractionLayer/CustomerWishlistProductExceptionHandler.php
--- consumed 0 B, total 985 MB, took 0.01 s
/home/mt/www/6.7/src/Core/Checkout/Customer/DataAbstractionLayer/CustomerIndexer.php
--- consumed 0 B, total 985 MB, took 0.05 s
/home/mt/www/6.7/src/Core/Checkout/Customer/Cookie/WishlistCookieCollectListener.php
--- consumed 0 B, total 985 MB, took 0.01 s
/home/mt/www/6.7/src/Core/Checkout/Customer/CustomerValueResolver.php
--- consumed 0 B, total 985 MB, took 0.01 s
/home/mt/www/6.7/src/Core/Checkout/Customer/Validation/PasswordValidationFactory.php
--- consumed 0 B, total 985 MB, took 0.02 s
/home/mt/www/6.7/src/Core/Checkout/Customer/Validation/Constraint/CustomerPasswordMatches.php
--- consumed 0 B, total 985 MB, took 0.03 s
/home/mt/www/6.7/src/Core/Checkout/Customer/Validation/Constraint/CustomerPasswordMatchesValidator.php
--- consumed 0 B, total 985 MB, took 0.01 s
/home/mt/www/6.7/src/Core/Checkout/Customer/Validation/Constraint/CustomerVatIdentificationValidator.php
--- consumed 0 B, total 985 MB, took 0.04 s
/home/mt/www/6.7/src/Core/Checkout/Customer/Validation/Constraint/CustomerEmailUniqueValidator.php
--- consumed 0 B, total 985 MB, took 0.25 s
/home/mt/www/6.7/src/Core/Checkout/Customer/Validation/Constraint/CustomerZipCodeValidator.php
--- consumed 0 B, total 985 MB, took 0.04 s
/home/mt/www/6.7/src/Core/Checkout/Customer/Validation/Constraint/CustomerZipCode.php
--- consumed 0 B, total 985 MB, took 0.03 s
/home/mt/www/6.7/src/Core/Checkout/Customer/Validation/Constraint/CustomerEmailUnique.php
--- consumed 0 B, total 985 MB, took 0.03 s
/home/mt/www/6.7/src/Core/Checkout/Customer/Validation/Constraint/CustomerVatIdentification.php
--- consumed 0 B, total 985 MB, took 0.03 s
/home/mt/www/6.7/src/Core/Checkout/Customer/Validation/AddressValidationFactory.php
--- consumed 0 B, total 985 MB, took 0.08 s
/home/mt/www/6.7/src/Core/Checkout/Customer/Validation/CustomerValidationFactory.php
--- consumed 0 B, total 985 MB, took 0.02 s
/home/mt/www/6.7/src/Core/Checkout/Customer/Validation/CustomerProfileValidationFactory.php
--- consumed 0 B, total 985 MB, took 0.04 s
/home/mt/www/6.7/src/Core/Service/MessageHandler/UpdateServiceHandler.php
--- consumed 0 B, total 985 MB, took 0.01 s
/home/mt/www/6.7/src/Core/Service/MessageHandler/LogConsentToRegistryHandler.php
--- consumed 0 B, total 985 MB, took 0.01 s
/home/mt/www/6.7/src/Core/Service/MessageHandler/InstallServicesHandler.php
--- consumed 0 B, total 985 MB, took 0.01 s
/home/mt/www/6.7/src/Core/Service/Api/PermissionController.php
--- consumed 0 B, total 985 MB, took 0.01 s
/home/mt/www/6.7/src/Core/Service/Api/ServiceController.php
--- consumed 0 B, total 985 MB, took 0.14 s
/home/mt/www/6.7/src/Core/Service/Event/NewServicesInstalledEvent.php
--- consumed 0 B, total 985 MB, took 0.00 s
/home/mt/www/6.7/src/Core/Service/Event/ServiceInstalledEvent.php
--- consumed 0 B, total 985 MB, took 0.01 s
/home/mt/www/6.7/src/Core/Service/Event/PermissionsRevokedEvent.php
--- consumed 0 B, total 985 MB, took 0.00 s
/home/mt/www/6.7/src/Core/Service/Event/PermissionsGrantedEvent.php
--- consumed 0 B, total 985 MB, took 0.00 s
/home/mt/www/6.7/src/Core/Service/Event/ServiceUpdatedEvent.php
--- consumed 0 B, total 985 MB, took 0.00 s
/home/mt/www/6.7/src/Core/Service/ServiceRegistry/Client.php
--- consumed 2 MB, total 987 MB, took 0.47 s
/home/mt/www/6.7/src/Core/Service/ServiceRegistry/PermissionLogger.php
--- consumed 0 B, total 987 MB, took 0.01 s
/home/mt/www/6.7/src/Core/Service/ServiceRegistry/SaveConsentRequest.php
--- consumed 0 B, total 987 MB, took 0.00 s
/home/mt/www/6.7/src/Core/Service/ServiceRegistry/ServiceEntry.php
--- consumed 0 B, total 987 MB, took 0.00 s
/home/mt/www/6.7/src/Core/Service/Permission/PermissionsService.php
--- consumed 0 B, total 987 MB, took 0.03 s
/home/mt/www/6.7/src/Core/Service/Permission/RemoteLogger.php
--- consumed 0 B, total 987 MB, took 0.00 s
/home/mt/www/6.7/src/Core/Service/Permission/PermissionsConsent.php
--- consumed 0 B, total 987 MB, took 0.02 s
/home/mt/www/6.7/src/Core/Service/Permission/ConsentState.php
--- consumed 0 B, total 987 MB, took 0.00 s
/home/mt/www/6.7/src/Core/Service/ServiceException.php
--- consumed 0 B, total 987 MB, took 0.06 s
/home/mt/www/6.7/src/Core/Service/Subscriber/PermissionsSubscriber.php
--- consumed 0 B, total 987 MB, took 0.01 s
/home/mt/www/6.7/src/Core/Service/Subscriber/InstalledExtensionsListingLoadedSubscriber.php
--- consumed 0 B, total 987 MB, took 0.02 s
/home/mt/www/6.7/src/Core/Service/Subscriber/LicenseSyncSubscriber.php
--- consumed 0 B, total 987 MB, took 0.07 s
/home/mt/www/6.7/src/Core/Service/Subscriber/SystemUpdateSubscriber.php
--- consumed 0 B, total 987 MB, took 0.01 s
/home/mt/www/6.7/src/Core/Service/Subscriber/WebhookManagerSubscriber.php
--- consumed 0 B, total 987 MB, took 0.04 s
/home/mt/www/6.7/src/Core/Service/Subscriber/ExtensionCompatibilitiesResolvedSubscriber.php
--- consumed 0 B, total 987 MB, took 0.02 s
/home/mt/www/6.7/src/Core/Service/Subscriber/ServiceLifecycleSubscriber.php
--- consumed 0 B, total 987 MB, took 0.01 s
/home/mt/www/6.7/src/Core/Service/Message/UpdateServiceMessage.php
--- consumed 0 B, total 987 MB, took 0.00 s
/home/mt/www/6.7/src/Core/Service/Message/LogPermissionToRegistryMessage.php
--- consumed 0 B, total 987 MB, took 0.00 s
/home/mt/www/6.7/src/Core/Service/Message/InstallServicesMessage.php
--- consumed 0 B, total 987 MB, took 0.00 s
/home/mt/www/6.7/src/Core/Service/LifecycleManager.php
--- consumed 2 MB, total 989 MB, took 0.07 s
/home/mt/www/6.7/src/Core/Service/ServiceClient.php
--- consumed 0 B, total 989 MB, took 0.01 s
/home/mt/www/6.7/src/Core/Service/ServiceLifecycle.php
--- consumed 0 B, total 989 MB, took 0.09 s
/home/mt/www/6.7/src/Core/Service/Command/Install.php
--- consumed 0 B, total 989 MB, took 0.02 s
/home/mt/www/6.7/src/Core/Service/ServiceSourceResolver.php
--- consumed 0 B, total 989 MB, took 0.04 s
/home/mt/www/6.7/src/Core/Service/TemporaryDirectoryFactory.php
--- consumed 0 B, total 989 MB, took 0.01 s
/home/mt/www/6.7/src/Core/Service/Service.php
--- consumed 0 B, total 989 MB, took 0.01 s
/home/mt/www/6.7/src/Core/Service/State.php
--- consumed 0 B, total 989 MB, took 0.01 s
/home/mt/www/6.7/src/Core/Service/AllServiceInstaller.php
--- consumed 0 B, total 989 MB, took 0.04 s
/home/mt/www/6.7/src/Core/Service/ServiceClientFactory.php
--- consumed 0 B, total 989 MB, took 0.04 s
/home/mt/www/6.7/src/Core/Service/ScheduledTask/InstallServicesTask.php
--- consumed 0 B, total 989 MB, took 0.01 s
/home/mt/www/6.7/src/Core/Service/ScheduledTask/InstallServicesTaskHandler.php
--- consumed 2 MB, total 991 MB, took 0.01 s
/home/mt/www/6.7/src/Core/Service/Notification.php
--- consumed 0 B, total 991 MB, took 0.00 s
/home/mt/www/6.7/src/Core/Service/AuthenticatedServiceClient.php
--- consumed 0 B, total 991 MB, took 0.01 s
/home/mt/www/6.7/src/Core/Service/AppInfo.php
--- consumed 0 B, total 991 MB, took 0.03 s
/home/mt/www/6.7/src/Core/PlatformRequest.php
--- consumed 0 B, total 991 MB, took 0.01 s
/home/mt/www/6.7/src/Core/Test/Stub/Framework/BundleFixture.php
--- consumed 0 B, total 991 MB, took 0.00 s
/home/mt/www/6.7/src/Core/Test/Stub/Framework/IdsCollection.php
--- consumed 0 B, total 991 MB, took 0.06 s
/home/mt/www/6.7/src/Core/Test/Stub/Framework/Util/StaticFilesystem.php
--- consumed 0 B, total 991 MB, took 0.01 s
/home/mt/www/6.7/src/Core/Test/Stub/Framework/Adapter/Storage/ArrayKeyValueStorage.php
--- consumed 0 B, total 991 MB, took 0.02 s
/home/mt/www/6.7/src/Core/Test/Stub/Framework/DataAbstractionLayer/TestEntityDefinition.php
--- consumed 0 B, total 991 MB, took 0.24 s
/home/mt/www/6.7/src/Core/Test/Stub/Translator/StaticTranslator.php
--- consumed 0 B, total 991 MB, took 0.04 s
/home/mt/www/6.7/src/Core/Test/Stub/System/NumberRange/ValueGenerator/IncrementArrayStorage.php
--- consumed 0 B, total 991 MB, took 0.02 s
/home/mt/www/6.7/src/Core/Test/Stub/Checkout/Payment/Cart/Token/TestKey.php
--- consumed 0 B, total 991 MB, took 0.00 s
/home/mt/www/6.7/src/Core/Test/Stub/Checkout/Payment/Cart/Token/TestSigner.php
--- consumed 0 B, total 991 MB, took 0.01 s
/home/mt/www/6.7/src/Core/Test/Stub/Checkout/EmptyPrice.php
--- consumed 0 B, total 991 MB, took 0.01 s
/home/mt/www/6.7/src/Core/Test/Stub/Rule/TrueRule.php
--- consumed 0 B, total 991 MB, took 0.01 s
/home/mt/www/6.7/src/Core/Test/Stub/Rule/FalseRule.php
--- consumed 0 B, total 991 MB, took 0.01 s
/home/mt/www/6.7/src/Core/Test/Stub/SystemConfigService/StaticSystemConfigService.php
--- consumed 0 B, total 991 MB, took 0.06 s
/home/mt/www/6.7/src/Core/Test/Stub/Flow/DummyEvent.php
--- consumed 0 B, total 991 MB, took 0.01 s
/home/mt/www/6.7/src/Core/Test/Stub/Doctrine/FakeResultFactory.php
--- consumed 0 B, total 991 MB, took 0.03 s
/home/mt/www/6.7/src/Core/Test/Stub/Doctrine/FakeQueryBuilder.php
--- consumed 0 B, total 991 MB, took 0.02 s
/home/mt/www/6.7/src/Core/Test/Stub/Doctrine/TestExceptionFactory.php
--- consumed 0 B, total 991 MB, took 0.02 s
/home/mt/www/6.7/src/Core/Test/Stub/Doctrine/QueryBuilderDataExtractor.php
--- consumed 2 MB, total 993 MB, took 0.30 s
/home/mt/www/6.7/src/Core/Test/Stub/Doctrine/FakeConnection.php
--- consumed 0 B, total 993 MB, took 0.04 s
/home/mt/www/6.7/src/Core/Test/Stub/MessageBus/CollectingMessageBus.php
--- consumed 0 B, total 993 MB, took 0.01 s
/home/mt/www/6.7/src/Core/Test/Stub/App/StaticSourceResolver.php
--- consumed 0 B, total 993 MB, took 0.02 s
/home/mt/www/6.7/src/Core/Test/Stub/Symfony/StubKernel.php
--- consumed 2 MB, total 995 MB, took 0.06 s
/home/mt/www/6.7/src/Core/Test/Stub/Redis/RedisMultiWrapper.php
--- consumed 2 MB, total 997 MB, took 0.04 s
/home/mt/www/6.7/src/Core/Test/Stub/Redis/RedisStub.php
--- consumed 0 B, total 997 MB, took 0.06 s
/home/mt/www/6.7/src/Core/Test/Stub/DataAbstractionLayer/StaticEntityRepository.php
--- consumed 2 MB, total 999 MB, took 0.44 s
/home/mt/www/6.7/src/Core/Test/Stub/DataAbstractionLayer/StaticDefinitionInstanceRegistry.php
--- consumed 2 MB, total 1001 MB, took 0.13 s
/home/mt/www/6.7/src/Core/Test/Stub/DataAbstractionLayer/StaticEntityWriterGateway.php
--- consumed 0 B, total 1001 MB, took 0.01 s
/home/mt/www/6.7/src/Core/Test/Stub/DataAbstractionLayer/StaticSalesChannelRepository.php
--- consumed 0 B, total 1001 MB, took 0.06 s
/home/mt/www/6.7/src/Core/Test/Stub/DataAbstractionLayer/EmptyEntityExistence.php
--- consumed 0 B, total 1001 MB, took 0.01 s
/home/mt/www/6.7/src/Core/Test/Stub/EventDispatcher/CollectingEventDispatcher.php
--- consumed 0 B, total 1001 MB, took 0.02 s
/home/mt/www/6.7/src/Core/Test/Stub/EventDispatcher/AssertingEventDispatcher.php
--- consumed 0 B, total 1001 MB, took 0.05 s
/home/mt/www/6.7/src/Core/Test/PHPUnit/Extension/FeatureFlag/Subscriber/TestPreparationStartedSubscriber.php
--- consumed 2 MB, total 1003 MB, took 0.31 s
/home/mt/www/6.7/src/Core/Test/PHPUnit/Extension/FeatureFlag/Subscriber/TestFinishedSubscriber.php
--- consumed 0 B, total 1003 MB, took 0.01 s
/home/mt/www/6.7/src/Core/Test/PHPUnit/Extension/FeatureFlag/Subscriber/TestSkippedSubscriber.php
--- consumed 0 B, total 1003 MB, took 0.01 s
/home/mt/www/6.7/src/Core/Test/PHPUnit/Extension/FeatureFlag/SavedConfig.php
--- consumed 0 B, total 1003 MB, took 0.01 s
/home/mt/www/6.7/src/Core/Test/PHPUnit/Extension/FeatureFlag/FeatureFlagExtension.php
--- consumed 0 B, total 1003 MB, took 0.04 s
/home/mt/www/6.7/src/Core/Test/PHPUnit/Extension/Common/TimeKeeper.php
--- consumed 0 B, total 1003 MB, took 0.01 s
/home/mt/www/6.7/src/Core/Test/PHPUnit/Extension/DatabaseDiff/Subscriber/TestFinishedSubscriber.php
--- consumed 0 B, total 1003 MB, took 0.01 s
/home/mt/www/6.7/src/Core/Test/PHPUnit/Extension/DatabaseDiff/Subscriber/BeforeTestMethodCalledSubscriber.php
--- consumed 0 B, total 1003 MB, took 0.01 s
/home/mt/www/6.7/src/Core/Test/PHPUnit/Extension/DatabaseDiff/DbState.php
--- consumed 0 B, total 1003 MB, took 0.05 s
/home/mt/www/6.7/src/Core/Test/PHPUnit/Extension/DatabaseDiff/DatabaseDiffExtension.php
--- consumed 0 B, total 1003 MB, took 0.01 s
/home/mt/www/6.7/src/Core/Test/PHPUnit/Extension/Datadog/DatadogExtension.php
--- consumed 0 B, total 1003 MB, took 0.03 s
/home/mt/www/6.7/src/Core/Test/PHPUnit/Extension/Datadog/DatadogPayload.php
--- consumed 0 B, total 1003 MB, took 0.03 s
/home/mt/www/6.7/src/Core/Test/PHPUnit/Extension/Datadog/DatadogPayloadCollection.php
--- consumed 0 B, total 1003 MB, took 0.00 s
/home/mt/www/6.7/src/Core/Test/PHPUnit/Extension/Datadog/Subscriber/TestFailedSubscriber.php
--- consumed 0 B, total 1003 MB, took 0.02 s
/home/mt/www/6.7/src/Core/Test/PHPUnit/Extension/Datadog/Subscriber/TestRunnerExecutionFinishedSubscriber.php
--- consumed 0 B, total 1003 MB, took 0.02 s
/home/mt/www/6.7/src/Core/Test/PHPUnit/Extension/Datadog/Subscriber/TestPreparedSubscriber.php
--- consumed 0 B, total 1003 MB, took 0.01 s
/home/mt/www/6.7/src/Core/Test/PHPUnit/Extension/Datadog/Subscriber/TestFinishedSubscriber.php
--- consumed 0 B, total 1003 MB, took 0.01 s
/home/mt/www/6.7/src/Core/Test/PHPUnit/Extension/Datadog/Subscriber/TestErroredSubscriber.php
--- consumed 0 B, total 1003 MB, took 0.02 s
/home/mt/www/6.7/src/Core/Test/PHPUnit/Extension/Datadog/Gateway/DatadogGateway.php
--- consumed 2 MB, total 1005 MB, took 0.08 s
/home/mt/www/6.7/src/Core/Test/AppSystemTestBehaviour.php
--- consumed 0 B, total 1005 MB, took 0.00 s
/home/mt/www/6.7/src/Core/Test/Integration/Builder/Promotion/PromotionFixtureBuilder.php
--- consumed 0 B, total 1005 MB, took 0.04 s
/home/mt/www/6.7/src/Core/Test/Integration/Builder/Order/OrderBuilder.php
--- consumed 2 MB, total 1007 MB, took 0.48 s
/home/mt/www/6.7/src/Core/Test/Integration/Builder/Order/OrderTransactionBuilder.php
--- consumed 0 B, total 1007 MB, took 0.18 s
/home/mt/www/6.7/src/Core/Test/Integration/Builder/Order/OrderTransactionCaptureRefundBuilder.php
--- consumed 0 B, total 1007 MB, took 0.21 s
/home/mt/www/6.7/src/Core/Test/Integration/Builder/Order/OrderTransactionCaptureRefundPositionBuilder.php
--- consumed 0 B, total 1007 MB, took 0.03 s
/home/mt/www/6.7/src/Core/Test/Integration/Builder/Order/OrderTransactionCaptureBuilder.php
--- consumed 0 B, total 1007 MB, took 0.19 s
/home/mt/www/6.7/src/Core/Test/Integration/Builder/Customer/CustomerBuilder.php
--- consumed 0 B, total 1007 MB, took 0.08 s
/home/mt/www/6.7/src/Core/Test/Integration/Helper/MailEventListener.php
--- consumed 0 B, total 1007 MB, took 0.05 s
/home/mt/www/6.7/src/Core/Test/Integration/Traits/Promotion/PromotionIntegrationTestBehaviour.php
--- consumed 0 B, total 1007 MB, took 0.00 s
/home/mt/www/6.7/src/Core/Test/Integration/Traits/Promotion/PromotionLineItemTestFixtureBehaviour.php
--- consumed 0 B, total 1007 MB, took 0.00 s
/home/mt/www/6.7/src/Core/Test/Integration/Traits/Promotion/ShippingMethodPricesTestBehaviour.php
--- consumed 0 B, total 1007 MB, took 0.00 s
/home/mt/www/6.7/src/Core/Test/Integration/Traits/Promotion/PromotionTestFixtureBehaviour.php
--- consumed 0 B, total 1007 MB, took 0.01 s
/home/mt/www/6.7/src/Core/Test/Integration/Traits/Promotion/PromotionSetGroupTestFixtureBehaviour.php
--- consumed 0 B, total 1007 MB, took 0.00 s
/home/mt/www/6.7/src/Core/Test/Integration/Traits/EntityFixturesBase.php
--- consumed 0 B, total 1007 MB, took 0.00 s
/home/mt/www/6.7/src/Core/Test/Integration/Traits/SnapshotTesting.php
--- consumed 0 B, total 1007 MB, took 0.00 s
/home/mt/www/6.7/src/Core/Test/Integration/Traits/TestShortHands.php
--- consumed 0 B, total 1007 MB, took 0.01 s
/home/mt/www/6.7/src/Core/Test/Integration/Traits/CustomerTestTrait.php
--- consumed 0 B, total 1007 MB, took 0.02 s
/home/mt/www/6.7/src/Core/Test/Integration/Traits/OrderFixture.php
--- consumed 0 B, total 1007 MB, took 0.01 s
/home/mt/www/6.7/src/Core/Test/Integration/App/TestAppServer.php
--- consumed 0 B, total 1007 MB, took 0.08 s
/home/mt/www/6.7/src/Core/Test/Integration/App/GuzzleHistoryCollector.php
--- consumed 0 B, total 1007 MB, took 0.01 s
/home/mt/www/6.7/src/Core/Test/Integration/PaymentHandler/TestPaymentHandler.php
--- consumed 0 B, total 1007 MB, took 0.03 s
/home/mt/www/6.7/src/Core/Test/FixtureLoader.php
--- consumed 0 B, total 1007 MB, took 0.05 s
/home/mt/www/6.7/src/Core/Test/Annotation/DisabledFeatures.php
--- consumed 0 B, total 1007 MB, took 0.00 s
/home/mt/www/6.7/src/Core/Test/TestBuilderTrait.php
--- consumed 0 B, total 1007 MB, took 0.00 s
/home/mt/www/6.7/src/Core/Test/TestDefaults.php
--- consumed 0 B, total 1007 MB, took 0.00 s
/home/mt/www/6.7/src/Core/Test/Generator.php
--- consumed 4 MB, total 1011 MB, took 0.67 s
/home/mt/www/6.7/src/Core/DevOps/System/Command/SyncComposerVersionCommand.php
--- consumed 2 MB, total 1013 MB, took 0.11 s
/home/mt/www/6.7/src/Core/DevOps/System/Command/SystemRestoreDatabaseCommand.php
--- consumed 0 B, total 1013 MB, took 0.05 s
/home/mt/www/6.7/src/Core/DevOps/System/Command/SystemDumpDatabaseCommand.php
--- consumed 0 B, total 1013 MB, took 0.07 s
/home/mt/www/6.7/src/Core/DevOps/System/Command/OpenApiValidationCommand.php
--- consumed 0 B, total 1013 MB, took 0.05 s
/home/mt/www/6.7/src/Core/DevOps/Docs/ArrayWriter.php
--- consumed 0 B, total 1013 MB, took 0.06 s
/home/mt/www/6.7/src/Core/DevOps/Docs/Script/ScriptReferenceGeneratorCommand.php
--- consumed 0 B, total 1013 MB, took 0.02 s
/home/mt/www/6.7/src/Core/DevOps/Docs/Script/ServiceReferenceGenerator.php
--- consumed 2 MB, total 1015 MB, took 0.80 s
/home/mt/www/6.7/src/Core/DevOps/Docs/Script/ScriptReferenceDataCollector.php
--- consumed 0 B, total 1015 MB, took 0.02 s
/home/mt/www/6.7/src/Core/DevOps/Docs/Script/ScriptReferenceGenerator.php
--- consumed 0 B, total 1015 MB, took 0.00 s
/home/mt/www/6.7/src/Core/DevOps/Docs/Script/HooksReferenceGenerator.php
--- consumed 2 MB, total 1017 MB, took 0.31 s
/home/mt/www/6.7/src/Core/DevOps/Docs/DocsException.php
--- consumed 0 B, total 1017 MB, took 0.03 s
/home/mt/www/6.7/src/Core/DevOps/Docs/App/HookableEventDoc.php
--- consumed 0 B, total 1017 MB, took 0.04 s
/home/mt/www/6.7/src/Core/DevOps/Docs/App/DocsAppEventCommand.php
--- consumed 0 B, total 1017 MB, took 0.07 s
/home/mt/www/6.7/src/Core/DevOps/Test/Environment/EnvironmentHelperTest.php
--- consumed 0 B, total 1017 MB, took 0.08 s
/home/mt/www/6.7/src/Core/DevOps/Test/Environment/_fixtures/EnvironmentHelperTransformer.php
--- consumed 0 B, total 1017 MB, took 0.01 s
/home/mt/www/6.7/src/Core/DevOps/Test/Environment/_fixtures/EnvironmentHelperTransformer2.php
--- consumed 0 B, total 1017 MB, took 0.00 s
/home/mt/www/6.7/src/Core/DevOps/Test/AnnotationTagTester.php
--- consumed 0 B, total 1017 MB, took 0.25 s
/home/mt/www/6.7/src/Core/DevOps/Test/Command/MakeCoverageTestCommand.php
--- consumed 32 MB, total 1.02 GB, took 0.32 s
/home/mt/www/6.7/src/Core/DevOps/Environment/EnvironmentHelperTransformerInterface.php
--- consumed 0 B, total 1.02 GB, took 0.00 s
/home/mt/www/6.7/src/Core/DevOps/Environment/EnvironmentHelper.php
--- consumed 0 B, total 1.02 GB, took 0.03 s
/home/mt/www/6.7/src/Core/DevOps/Environment/EnvironmentHelperTransformerData.php
--- consumed 0 B, total 1.02 GB, took 0.01 s
/home/mt/www/6.7/src/Core/DevOps/StaticAnalyze/StaticAnalyzeKernel.php
--- consumed 0 B, total 1.02 GB, took 0.01 s
/home/mt/www/6.7/src/Core/DevOps/StaticAnalyze/PHPStan/Rules/MessageHandlerFinalRule.php
--- consumed 0 B, total 1.02 GB, took 0.02 s
/home/mt/www/6.7/src/Core/DevOps/StaticAnalyze/PHPStan/Rules/InTestClassTrait.php
--- consumed 0 B, total 1.02 GB, took 0.00 s
/home/mt/www/6.7/src/Core/DevOps/StaticAnalyze/PHPStan/Rules/PackageAnnotationRule.php
--- consumed 0 B, total 1.02 GB, took 0.56 s
/home/mt/www/6.7/src/Core/DevOps/StaticAnalyze/PHPStan/Rules/ScheduledTaskTooLowIntervalRule.php
--- consumed 0 B, total 1.02 GB, took 0.04 s
/home/mt/www/6.7/src/Core/DevOps/StaticAnalyze/PHPStan/Rules/AttributeFinalRule.php
--- consumed 0 B, total 1.02 GB, took 0.02 s
/home/mt/www/6.7/src/Core/DevOps/StaticAnalyze/PHPStan/Rules/DomainExceptionRule.php
--- consumed 0 B, total 1.02 GB, took 0.15 s
/home/mt/www/6.7/src/Core/DevOps/StaticAnalyze/PHPStan/Rules/AbstractClassUsageRule.php
--- consumed 0 B, total 1.02 GB, took 0.09 s
/home/mt/www/6.7/src/Core/DevOps/StaticAnalyze/PHPStan/Rules/ExtensionRule.php
--- consumed 0 B, total 1.02 GB, took 0.09 s
/home/mt/www/6.7/src/Core/DevOps/StaticAnalyze/PHPStan/Rules/PropertyNativeTypeRule.php
--- consumed 0 B, total 1.02 GB, took 0.39 s
/home/mt/www/6.7/src/Core/DevOps/StaticAnalyze/PHPStan/Rules/Internal/InternalMethodRule.php
--- consumed 0 B, total 1.02 GB, took 0.04 s
/home/mt/www/6.7/src/Core/DevOps/StaticAnalyze/PHPStan/Rules/Internal/InternalClassRule.php
--- consumed 0 B, total 1.02 GB, took 0.13 s
/home/mt/www/6.7/src/Core/DevOps/StaticAnalyze/PHPStan/Rules/Tests/MockingSimpleObjectsNotAllowedRule.php
--- consumed 0 B, total 1.02 GB, took 0.06 s
/home/mt/www/6.7/src/Core/DevOps/StaticAnalyze/PHPStan/Rules/Tests/PHPUnitClassAttributesOverAnnotationsRule.php
--- consumed 0 B, total 1.02 GB, took 0.06 s
/home/mt/www/6.7/src/Core/DevOps/StaticAnalyze/PHPStan/Rules/Tests/CoversAttributeRule.php
--- consumed 0 B, total 1.02 GB, took 0.03 s
/home/mt/www/6.7/src/Core/DevOps/StaticAnalyze/PHPStan/Rules/Tests/TestRuleHelper.php
--- consumed 0 B, total 1.02 GB, took 0.02 s
/home/mt/www/6.7/src/Core/DevOps/StaticAnalyze/PHPStan/Rules/Tests/NoAssertsOnObjectsRule.php
--- consumed 0 B, total 1.02 GB, took 0.06 s
/home/mt/www/6.7/src/Core/DevOps/StaticAnalyze/PHPStan/Rules/Tests/PHPUnitMethodAttributesOverAnnotationsRule.php
--- consumed 0 B, total 1.02 GB, took 0.06 s
/home/mt/www/6.7/src/Core/DevOps/StaticAnalyze/PHPStan/Rules/Tests/TestReflectionClassInterface.php
--- consumed 0 B, total 1.02 GB, took 0.00 s
/home/mt/www/6.7/src/Core/DevOps/StaticAnalyze/PHPStan/Rules/DALFieldsMustBeRegisteredWithSchemaBuilder.php
--- consumed 0 B, total 1.02 GB, took 0.06 s
/home/mt/www/6.7/src/Core/DevOps/StaticAnalyze/PHPStan/Rules/NoUpdatesInExecuteQueryRule.php
--- consumed 0 B, total 1.02 GB, took 0.09 s
/home/mt/www/6.7/src/Core/DevOps/StaticAnalyze/PHPStan/Rules/NoUnconfiguredMetricAllowed.php
--- consumed 0 B, total 1.02 GB, took 0.05 s
/home/mt/www/6.7/src/Core/DevOps/StaticAnalyze/PHPStan/Rules/AclValidPermissionsInRouteAttributesRule.php
--- consumed 0 B, total 1.02 GB, took 0.18 s
/home/mt/www/6.7/src/Core/DevOps/StaticAnalyze/PHPStan/Rules/RouteScopeRule.php
--- consumed 0 B, total 1.02 GB, took 0.11 s
/home/mt/www/6.7/src/Core/DevOps/StaticAnalyze/PHPStan/Rules/NoDALAutoload.php
--- consumed 0 B, total 1.02 GB, took 0.06 s
/home/mt/www/6.7/src/Core/DevOps/StaticAnalyze/PHPStan/Rules/ShopwareNamespaceStyleRule.php
--- consumed 0 B, total 1.02 GB, took 0.04 s
/home/mt/www/6.7/src/Core/DevOps/StaticAnalyze/PHPStan/Rules/NoFlowStoreFunctionRule.php
--- consumed 0 B, total 1.02 GB, took 0.03 s
/home/mt/www/6.7/src/Core/DevOps/StaticAnalyze/PHPStan/Rules/NoSuperGlobalsInsideCompilerPassRule.php
--- consumed 0 B, total 1.02 GB, took 0.02 s
/home/mt/www/6.7/src/Core/DevOps/StaticAnalyze/PHPStan/Rules/UseCLIContextRule.php
--- consumed 0 B, total 1.02 GB, took 0.02 s
/home/mt/www/6.7/src/Core/DevOps/StaticAnalyze/PHPStan/Rules/RuleAreasFlagNotAllowedRule.php
--- consumed 0 B, total 1.02 GB, took 0.06 s
/home/mt/www/6.7/src/Core/DevOps/StaticAnalyze/PHPStan/Rules/NotExtendFlowEventAwareRule.php
--- consumed 0 B, total 1.02 GB, took 0.01 s
/home/mt/www/6.7/src/Core/DevOps/StaticAnalyze/PHPStan/Rules/NoManualSalesChannelContextCreationRule.php
--- consumed 0 B, total 1.02 GB, took 0.04 s
/home/mt/www/6.7/src/Core/DevOps/StaticAnalyze/PHPStan/Rules/Deprecation/DeprecatedMethodsThrowDeprecationRule.php
--- consumed 0 B, total 1.02 GB, took 0.57 s
/home/mt/www/6.7/src/Core/DevOps/StaticAnalyze/PHPStan/Rules/AclValidPermissionsInMethodRule.php
--- consumed 0 B, total 1.02 GB, took 0.03 s
/home/mt/www/6.7/src/Core/DevOps/StaticAnalyze/PHPStan/Rules/NameConstantEntityDefinition.php
--- consumed 0 B, total 1.02 GB, took 0.04 s
/home/mt/www/6.7/src/Core/DevOps/StaticAnalyze/PHPStan/Rules/NoDelayStampRule.php
--- consumed 0 B, total 1.02 GB, took 0.02 s
/home/mt/www/6.7/src/Core/DevOps/StaticAnalyze/PHPStan/Rules/NoFileExistsRule.php
--- consumed 0 B, total 1.02 GB, took 0.02 s
/home/mt/www/6.7/src/Core/DevOps/StaticAnalyze/PHPStan/Rules/RestrictNamespacesRule.php
--- consumed 0 B, total 1.02 GB, took 0.02 s
/home/mt/www/6.7/src/Core/DevOps/StaticAnalyze/PHPStan/Rules/NoAddCacheTagEventRule.php
--- consumed 0 B, total 1.02 GB, took 0.10 s
/home/mt/www/6.7/src/Core/DevOps/StaticAnalyze/PHPStan/Rules/AclValidPermissionsHelper.php
--- consumed 0 B, total 1.02 GB, took 0.05 s
/home/mt/www/6.7/src/Core/DevOps/StaticAnalyze/PHPStan/Rules/Migration/NoDropStatementInUpdateRule.php
--- consumed 0 B, total 1.02 GB, took 0.18 s
/home/mt/www/6.7/src/Core/DevOps/StaticAnalyze/PHPStan/Rules/Migration/AddColumnRule.php
--- consumed 0 B, total 1.02 GB, took 0.06 s
/home/mt/www/6.7/src/Core/DevOps/StaticAnalyze/PHPStan/Rules/Migration/NoAfterStatementRule.php
--- consumed 0 B, total 1.02 GB, took 0.06 s
/home/mt/www/6.7/src/Core/DevOps/StaticAnalyze/PHPStan/Rules/Migration/InMigrationClassTrait.php
--- consumed 0 B, total 1.02 GB, took 0.00 s
/home/mt/www/6.7/src/Core/DevOps/StaticAnalyze/PHPStan/Rules/UseHasherRule.php
--- consumed 0 B, total 1.02 GB, took 0.04 s
/home/mt/www/6.7/src/Core/DevOps/StaticAnalyze/PHPStan/Rules/MessagesShouldNotUsePHPStanTypes.php
--- consumed 0 B, total 1.02 GB, took 0.12 s
/home/mt/www/6.7/src/Core/DevOps/StaticAnalyze/PHPStan/Rules/PublicServiceDecoratorRule.php
--- consumed 0 B, total 1.02 GB, took 0.04 s
/home/mt/www/6.7/src/Core/DevOps/StaticAnalyze/PHPStan/Rules/RuleConditionHasRuleConfigRule.php
--- consumed 0 B, total 1.02 GB, took 0.05 s
/home/mt/www/6.7/src/Core/DevOps/StaticAnalyze/PHPStan/Rules/DecorationPatternRule.php
--- consumed 0 B, total 1.02 GB, took 0.16 s
/home/mt/www/6.7/src/Core/DevOps/StaticAnalyze/PHPStan/Rules/StorefrontRouteUsageRule.php
--- consumed 0 B, total 1.02 GB, took 0.04 s
/home/mt/www/6.7/src/Core/DevOps/StaticAnalyze/PHPStan/Rules/NoEnvironmentHelperInsideCompilerPassRule.php
--- consumed 0 B, total 1.02 GB, took 0.02 s
/home/mt/www/6.7/src/Core/DevOps/StaticAnalyze/PHPStan/Rules/NoNewRequestInStorefrontRule.php
--- consumed 0 B, total 1.02 GB, took 0.02 s
/home/mt/www/6.7/src/Core/DevOps/StaticAnalyze/PHPStan/Rules/Symplify/NoReturnSetterMethodWithFluentSettersRule.php
--- consumed 0 B, total 1.02 GB, took 0.04 s
/home/mt/www/6.7/src/Core/DevOps/StaticAnalyze/PHPStan/Configuration.php
--- consumed 0 B, total 1.02 GB, took 0.01 s
/home/mt/www/6.7/src/Core/DevOps/StaticAnalyze/PHPStan/Type/CollectionHasSpecifyingExtension.php
--- consumed 0 B, total 1.02 GB, took 0.56 s
/home/mt/www/6.7/src/Core/DevOps/StaticAnalyze/phpstan-bootstrap.php
--- consumed 0 B, total 1.02 GB, took 0.06 s
/home/mt/www/6.7/src/Core/DevOps/StaticAnalyze/print-ignored-errors-by-area.php
--- consumed 0 B, total 1.02 GB, took 0.03 s
/home/mt/www/6.7/src/Core/DevOps/StaticAnalyze/console-application.php
--- consumed 0 B, total 1.02 GB, took 0.00 s
/home/mt/www/6.7/src/Core/DevOps/Resources/templates/app-system-event-description-permissions.php
--- consumed 0 B, total 1.02 GB, took 0.00 s
/home/mt/www/6.7/src/Core/DevOps/DevOps.php
--- consumed 0 B, total 1.02 GB, took 0.01 s
/home/mt/www/6.7/src/Core/SalesChannelRequest.php
--- consumed 0 B, total 1.02 GB, took 0.00 s
/home/mt/www/6.7/src/Core/Profiling/FeatureFlag/FeatureFlagProfiler.php
--- consumed 0 B, total 1.02 GB, took 0.03 s
/home/mt/www/6.7/src/Core/Profiling/Routing/ProfilerWhitelist.php
--- consumed 0 B, total 1.02 GB, took 0.01 s
/home/mt/www/6.7/src/Core/Profiling/Profiler.php
--- consumed 0 B, total 1.02 GB, took 0.05 s
/home/mt/www/6.7/src/Core/Profiling/Doctrine/ProfilingMiddleware.php
--- consumed 0 B, total 1.02 GB, took 0.02 s
/home/mt/www/6.7/src/Core/Profiling/Doctrine/BacktraceDebugDataHolder.php
--- consumed 0 B, total 1.02 GB, took 0.06 s
/home/mt/www/6.7/src/Core/Profiling/Doctrine/ConnectionProfiler.php
--- consumed 0 B, total 1.02 GB, took 0.59 s
/home/mt/www/6.7/src/Core/Profiling/Subscriber/CacheTagCollectorSubscriber.php
--- consumed 0 B, total 1.02 GB, took 0.12 s
/home/mt/www/6.7/src/Core/Profiling/Subscriber/ActiveRulesDataCollectorSubscriber.php
--- consumed 0 B, total 1.02 GB, took 0.03 s
/home/mt/www/6.7/src/Core/Profiling/Subscriber/CartDataCollectorSubscriber.php
--- consumed 0 B, total 1.02 GB, took 0.06 s
/home/mt/www/6.7/src/Core/Profiling/Twig/DoctrineExtension.php
--- consumed 0 B, total 1.02 GB, took 0.14 s
/home/mt/www/6.7/src/Core/Profiling/Integration/ServerTiming.php
--- consumed 0 B, total 1.02 GB, took 0.02 s
/home/mt/www/6.7/src/Core/Profiling/Integration/Datadog.php
--- consumed 0 B, total 1.02 GB, took 0.02 s
/home/mt/www/6.7/src/Core/Profiling/Integration/ProfilerInterface.php
--- consumed 0 B, total 1.02 GB, took 0.00 s
/home/mt/www/6.7/src/Core/Profiling/Integration/Stopwatch.php
--- consumed 0 B, total 1.02 GB, took 0.01 s
/home/mt/www/6.7/src/Core/Profiling/Integration/Tideways.php
--- consumed 0 B, total 1.02 GB, took 0.02 s
/home/mt/www/6.7/src/Core/Profiling/Compiler/RemoveDevServices.php
--- consumed 0 B, total 1.02 GB, took 0.01 s
/home/mt/www/6.7/src/Core/Profiling/Controller/ProfilerController.php
--- consumed 0 B, total 1.02 GB, took 0.05 s
/home/mt/www/6.7/src/Core/Profiling/Profiling.php
--- consumed 0 B, total 1.02 GB, took 0.03 s
/home/mt/www/6.7/src/Core/Profiling/DependencyInjection/CompilerPass/CartServiceCompilerPass.php
--- consumed 0 B, total 1.02 GB, took 0.12 s
/home/mt/www/6.7/src/Core/Defaults.php
--- consumed 0 B, total 1.02 GB, took 0.00 s
/home/mt/www/6.7/src/Core/locales.php
--- consumed 0 B, total 1.02 GB, took 0.62 s
/home/mt/www/6.7/src/Core/Migration/Fixtures/stopwords/en.php
--- consumed 0 B, total 1.02 GB, took 0.00 s
/home/mt/www/6.7/src/Core/Migration/Fixtures/stopwords/de.php
--- consumed 0 B, total 1.02 GB, took 0.00 s
/home/mt/www/6.7/src/Core/Migration/Fixtures/productComparison-export-profiles/templates.php
--- consumed 0 B, total 1.02 GB, took 0.02 s
/home/mt/www/6.7/src/Core/Migration/Fixtures/import-export-profiles/ProductMappingProfile.php
--- consumed 0 B, total 1.02 GB, took 0.01 s
/home/mt/www/6.7/src/Core/Migration/Fixtures/MailTemplateContent.php
--- consumed 0 B, total 1.02 GB, took 0.00 s
/home/mt/www/6.7/src/Core/Migration/V6_4/Migration1665267882RenameCountryVat.php
--- consumed 0 B, total 1.02 GB, took 0.09 s
/home/mt/www/6.7/src/Core/Migration/V6_4/Migration1617896006MakeNameNullable.php
--- consumed 0 B, total 1.02 GB, took 0.01 s
/home/mt/www/6.7/src/Core/Migration/V6_4/Migration1617864895UpdateMailTemplateForNestedLineItems.php
--- consumed 0 B, total 1.02 GB, took 0.11 s
/home/mt/www/6.7/src/Core/Migration/V6_4/Migration1617868381AddVersionIndex.php
--- consumed 0 B, total 1.02 GB, took 0.01 s
/home/mt/www/6.7/src/Core/Migration/V6_4/Migration1625816310AddDefaultToCartRuleIds.php
--- consumed 0 B, total 1.02 GB, took 0.01 s
/home/mt/www/6.7/src/Core/Migration/V6_4/Migration1618569201AddCustomFieldToDocumentBaseConfig.php
--- consumed 0 B, total 1.02 GB, took 0.01 s
/home/mt/www/6.7/src/Core/Migration/V6_4/Migration1610621999UpdateDateOfDefaultMailTemplates.php
--- consumed 0 B, total 1.02 GB, took 0.12 s
/home/mt/www/6.7/src/Core/Migration/V6_4/Migration1625304609UpdateRolePrivileges.php
--- consumed 0 B, total 1.02 GB, took 0.04 s
/home/mt/www/6.7/src/Core/Migration/V6_4/Migration1627540693MakeAccessTokenNullable.php
--- consumed 0 B, total 1.02 GB, took 0.01 s
/home/mt/www/6.7/src/Core/Migration/V6_4/Migration1620632460AddedCategoryIds.php
--- consumed 0 B, total 1.02 GB, took 0.01 s
/home/mt/www/6.7/src/Core/Migration/V6_4/Migration1624262862UpdateDefaultValueOnCaptchaV2.php
--- consumed 0 B, total 1.02 GB, took 0.03 s
/home/mt/www/6.7/src/Core/Migration/V6_4/Migration1660814397UpdateOrderCancelledMailTemplate.php
--- consumed 0 B, total 1.02 GB, took 0.10 s
/home/mt/www/6.7/src/Core/Migration/V6_4/Migration1617356092UpdateCmsPdpLayoutSection.php
--- consumed 0 B, total 1.02 GB, took 0.06 s
/home/mt/www/6.7/src/Core/Migration/V6_4/Migration1656928097AddNewsletterRecipientEmailIndex.php
--- consumed 0 B, total 1.02 GB, took 0.01 s
/home/mt/www/6.7/src/Core/Migration/V6_4/Migration1625505190AddOrderTotalAmountToCustomerTable.php
--- consumed 0 B, total 1.02 GB, took 0.01 s
/home/mt/www/6.7/src/Core/Migration/V6_4/Migration1625583596CreateActionEventFlowMigrateTable.php
--- consumed 0 B, total 1.02 GB, took 0.01 s
/home/mt/www/6.7/src/Core/Migration/V6_4/Migration1641289204FixProductComparisonGoogleShippingPriceDisplay.php
--- consumed 0 B, total 1.02 GB, took 0.01 s
/home/mt/www/6.7/src/Core/Migration/V6_4/Migration1638365464CheapestPricePercentageDynamicProductGroups.php
--- consumed 0 B, total 1.02 GB, took 0.01 s
/home/mt/www/6.7/src/Core/Migration/V6_4/Migration1612970642AddHomeSettingsToSalesChannel.php
--- consumed 0 B, total 1.02 GB, took 0.01 s
/home/mt/www/6.7/src/Core/Migration/V6_4/Migration1615452749ChangeDefaultMailSendAddress.php
--- consumed 0 B, total 1.02 GB, took 0.02 s
/home/mt/www/6.7/src/Core/Migration/V6_4/Migration1661771388FixDefaultCountryStatesTranslationAreMissing.php
--- consumed 0 B, total 1.02 GB, took 0.05 s
/home/mt/www/6.7/src/Core/Migration/V6_4/Migration1614249488ChangeProductSortingsToCheapestPrice.php
--- consumed 0 B, total 1.02 GB, took 0.08 s
/home/mt/www/6.7/src/Core/Migration/V6_4/Migration1653385302AddHeadlineColumnToAppFlowActionTable.php
--- consumed 0 B, total 1.02 GB, took 0.01 s
/home/mt/www/6.7/src/Core/Migration/V6_4/Migration1664541794AddIndexForLogEntryTask.php
--- consumed 0 B, total 1.02 GB, took 0.01 s
/home/mt/www/6.7/src/Core/Migration/V6_4/Migration1627983652AddOrderExportProfile.php
--- consumed 0 B, total 1.02 GB, took 0.07 s
/home/mt/www/6.7/src/Core/Migration/V6_4/Migration1632215760MoveDataFromEventActionToFlow.php
--- consumed 0 B, total 1.02 GB, took 0.05 s
/home/mt/www/6.7/src/Core/Migration/V6_4/Migration1673001912AddUserPermissionRolePrivilege.php
--- consumed 0 B, total 1.02 GB, took 0.01 s
/home/mt/www/6.7/src/Core/Migration/V6_4/Migration1618218491AddCustomFieldToSalutationTranslation.php
--- consumed 0 B, total 1.02 GB, took 0.01 s
/home/mt/www/6.7/src/Core/Migration/V6_4/Migration1617935350ActiveCaptchasV2.php
--- consumed 0 B, total 1.02 GB, took 0.02 s
/home/mt/www/6.7/src/Core/Migration/V6_4/Migration1625819412ChangeOrderCreatedByIdConstraint.php
--- consumed 0 B, total 1.02 GB, took 0.01 s
/home/mt/www/6.7/src/Core/Migration/V6_4/Migration1627929168UpdatePriceFieldInProductTable.php
--- consumed 0 B, total 1.02 GB, took 0.01 s
/home/mt/www/6.7/src/Core/Migration/V6_4/Migration1636018970UnusedGuestCustomerLifetime.php
--- consumed 0 B, total 1.02 GB, took 0.01 s
/home/mt/www/6.7/src/Core/Migration/V6_4/Migration1643386819AddPreparedPaymentsToAppPaymentMethod.php
--- consumed 0 B, total 1.02 GB, took 0.01 s
/home/mt/www/6.7/src/Core/Migration/V6_4/Migration1633422057AddSalutationPrivilegeForOrderViewerRole.php
--- consumed 0 B, total 1.02 GB, took 0.01 s
/home/mt/www/6.7/src/Core/Migration/V6_4/Migration1621845357AddFlow.php
--- consumed 0 B, total 1.02 GB, took 0.01 s
/home/mt/www/6.7/src/Core/Migration/V6_4/Migration1617953690AddCustomFieldToProductReview.php
--- consumed 0 B, total 1.02 GB, took 0.01 s
/home/mt/www/6.7/src/Core/Migration/V6_4/Migration1612442685AddDeleteCascadeToMediaTagTable.php
--- consumed 0 B, total 1.02 GB, took 0.01 s
/home/mt/www/6.7/src/Core/Migration/V6_4/Migration1620147234CreateWebhookEventLogTable.php
--- consumed 0 B, total 1.02 GB, took 0.01 s
/home/mt/www/6.7/src/Core/Migration/V6_4/Migration1617960456AddCustomFieldToEventAction.php
--- consumed 0 B, total 1.02 GB, took 0.01 s
/home/mt/www/6.7/src/Core/Migration/V6_4/Migration1631625055AddPositionToImportExportMappings.php
--- consumed 0 B, total 1.02 GB, took 0.02 s
/home/mt/www/6.7/src/Core/Migration/V6_4/Migration1664894872AddDelayableColumnToAppFlowActionTable.php
--- consumed 0 B, total 1.02 GB, took 0.01 s
/home/mt/www/6.7/src/Core/Migration/V6_4/Migration1625583619MoveDataFromEventActionToFlow.php
--- consumed 2 MB, total 1.03 GB, took 0.24 s
/home/mt/www/6.7/src/Core/Migration/V6_4/Migration1620733405UpdateRolePrivilegesForDistinguishablePaymentName.php
--- consumed 0 B, total 1.03 GB, took 0.01 s
/home/mt/www/6.7/src/Core/Migration/V6_4/Migration1639139581AddPriorityToPromotions.php
--- consumed 0 B, total 1.03 GB, took 0.01 s
/home/mt/www/6.7/src/Core/Migration/V6_4/Migration1649040981CorrectStateMachineStateTranslationName.php
--- consumed 0 B, total 1.03 GB, took 0.01 s
/home/mt/www/6.7/src/Core/Migration/V6_4/Migration1657011337AddFillableInStorefront.php
--- consumed 0 B, total 1.03 GB, took 0.01 s
/home/mt/www/6.7/src/Core/Migration/V6_4/Migration1619428555AddDefaultMailFooter.php
--- consumed 0 B, total 1.03 GB, took 0.07 s
/home/mt/www/6.7/src/Core/Migration/V6_4/Migration1620634856UpdateRolePrivileges.php
--- consumed 0 B, total 1.03 GB, took 0.02 s
/home/mt/www/6.7/src/Core/Migration/V6_4/Migration1626241110PromotionPreventCombination.php
--- consumed 0 B, total 1.03 GB, took 0.01 s
/home/mt/www/6.7/src/Core/Migration/V6_4/Migration1615802866ElasticsearchStreamFieldMigration.php
--- consumed 0 B, total 1.03 GB, took 0.01 s
/home/mt/www/6.7/src/Core/Migration/V6_4/Migration1611817467ChangeDefaultProductSettingConfigField.php
--- consumed 0 B, total 1.03 GB, took 0.01 s
/home/mt/www/6.7/src/Core/Migration/V6_4/Migration1650981517RemoveShopwareId.php
--- consumed 0 B, total 1.03 GB, took 0.01 s
/home/mt/www/6.7/src/Core/Migration/V6_4/Migration1659257396DownloadFlow.php
--- consumed 0 B, total 1.03 GB, took 0.07 s
/home/mt/www/6.7/src/Core/Migration/V6_4/Migration1648709176CartCompression.php
--- consumed 0 B, total 1.03 GB, took 0.02 s
/home/mt/www/6.7/src/Core/Migration/V6_4/Migration1650548599AppAllowedHosts.php
--- consumed 0 B, total 1.03 GB, took 0.01 s
/home/mt/www/6.7/src/Core/Migration/V6_4/Migration1648803451FixInvalidMigrationOfBusinessEventToFlow.php
--- consumed 0 B, total 1.03 GB, took 0.27 s
/home/mt/www/6.7/src/Core/Migration/V6_4/Migration1623828962ChangeColumnAppNameAndAppVersionInWebhookEventLog.php
--- consumed 0 B, total 1.03 GB, took 0.01 s
/home/mt/www/6.7/src/Core/Migration/V6_4/Migration1643724178ChangePromotionCodesProfile.php
--- consumed 0 B, total 1.03 GB, took 0.01 s
/home/mt/www/6.7/src/Core/Migration/V6_4/Migration1636362839FlowBuilderGenerateMultipleDoc.php
--- consumed 0 B, total 1.03 GB, took 0.01 s
/home/mt/www/6.7/src/Core/Migration/V6_4/Migration1629700169AddEnqueueIndex.php
--- consumed 0 B, total 1.03 GB, took 0.01 s
/home/mt/www/6.7/src/Core/Migration/V6_4/Migration1643892702AddCaptureRefundTables.php
--- consumed 0 B, total 1.03 GB, took 0.01 s
/home/mt/www/6.7/src/Core/Migration/V6_4/Migration1659257496OrderLineItemDownload.php
--- consumed 0 B, total 1.03 GB, took 0.01 s
/home/mt/www/6.7/src/Core/Migration/V6_4/Migration1610337444AddSlotConfigToProductTranslationTable.php
--- consumed 0 B, total 1.03 GB, took 0.01 s
/home/mt/www/6.7/src/Core/Migration/V6_4/Migration1594104496CashRounding.php
--- consumed 0 B, total 1.03 GB, took 0.04 s
/home/mt/www/6.7/src/Core/Migration/V6_4/Migration1612442786ChangeVersionOfDocuments.php
--- consumed 0 B, total 1.03 GB, took 0.04 s
/home/mt/www/6.7/src/Core/Migration/V6_4/Migration1622782058AddDeleteAtIntoIntegrationAndAclRole.php
--- consumed 0 B, total 1.03 GB, took 0.01 s
/home/mt/www/6.7/src/Core/Migration/V6_4/Migration1625831469AddImportExportCrossSellingProfile.php
--- consumed 0 B, total 1.03 GB, took 0.30 s
/home/mt/www/6.7/src/Core/Migration/V6_4/Migration1635388654CreateIncrementTable.php
--- consumed 0 B, total 1.03 GB, took 0.01 s
/home/mt/www/6.7/src/Core/Migration/V6_4/Migration1646817331AddCmsClassColumnCmsPage.php
--- consumed 0 B, total 1.03 GB, took 0.01 s
/home/mt/www/6.7/src/Core/Migration/V6_4/Migration1652441129ReplaceIconNames.php
--- consumed 0 B, total 1.03 GB, took 0.02 s
/home/mt/www/6.7/src/Core/Migration/V6_4/Migration1652345915UpdateSubjectMailTemplate.php
--- consumed 0 B, total 1.03 GB, took 0.10 s
/home/mt/www/6.7/src/Core/Migration/V6_4/Migration1672164687FixTypoInUserRecoveryPasswordResetMail.php
--- consumed 0 B, total 1.03 GB, took 0.10 s
/home/mt/www/6.7/src/Core/Migration/V6_4/Migration1664512574AddConfigShowHideSectionBlock.php
--- consumed 0 B, total 1.03 GB, took 0.01 s
/home/mt/www/6.7/src/Core/Migration/V6_4/Migration1612865237AddCheapestPrice.php
--- consumed 0 B, total 1.03 GB, took 0.01 s
/home/mt/www/6.7/src/Core/Migration/V6_4/Migration1639122665AddCustomEntities.php
--- consumed 0 B, total 1.03 GB, took 0.01 s
/home/mt/www/6.7/src/Core/Migration/V6_4/Migration1627541488AddForeignKeyForSalesChannelIdIntoSystemConfigTable.php
--- consumed 0 B, total 1.03 GB, took 0.01 s
/home/mt/www/6.7/src/Core/Migration/V6_4/Migration1616076922AppPaymentMethod.php
--- consumed 0 B, total 1.03 GB, took 0.02 s
/home/mt/www/6.7/src/Core/Migration/V6_4/Migration1610904608TemporarilyDisableWishlistAsDefault.php
--- consumed 0 B, total 1.03 GB, took 0.01 s
/home/mt/www/6.7/src/Core/Migration/V6_4/Migration1632721037OrderDocumentMailTemplate.php
--- consumed 0 B, total 1.03 GB, took 0.11 s
/home/mt/www/6.7/src/Core/Migration/V6_4/Migration1618900427FixTotalRounding.php
--- consumed 0 B, total 1.03 GB, took 0.01 s
/home/mt/www/6.7/src/Core/Migration/V6_4/Migration1611732852UpdateCmsPdpLayout.php
--- consumed 0 B, total 1.03 GB, took 0.08 s
/home/mt/www/6.7/src/Core/Migration/V6_4/Migration1654839361ProductDownload.php
--- consumed 0 B, total 1.03 GB, took 0.01 s
/home/mt/www/6.7/src/Core/Migration/V6_4/Migration1626696809AddImportExportCustomerProfile.php
--- consumed 2 MB, total 1.03 GB, took 0.06 s
/home/mt/www/6.7/src/Core/Migration/V6_4/Migration1646125417AddPathFieldToMediaFolder.php
--- consumed 0 B, total 1.03 GB, took 0.01 s
/home/mt/www/6.7/src/Core/Migration/V6_4/Migration1619703075ScheduleIndexers.php
--- consumed 0 B, total 1.03 GB, took 0.01 s
/home/mt/www/6.7/src/Core/Migration/V6_4/Migration1635936029MigrateMessageQueueStatsToIncrement.php
--- consumed 0 B, total 1.03 GB, took 0.01 s
/home/mt/www/6.7/src/Core/Migration/V6_4/Migration1647443222AllowLongLogEntryMessages.php
--- consumed 0 B, total 1.03 GB, took 0.01 s
/home/mt/www/6.7/src/Core/Migration/V6_4/Migration1642732351AddAppFlowActionId.php
--- consumed 0 B, total 1.03 GB, took 0.01 s
/home/mt/www/6.7/src/Core/Migration/V6_4/Migration1638514913RemovedUnusedVarsInMailTemplates.php
--- consumed 0 B, total 1.03 GB, took 0.10 s
/home/mt/www/6.7/src/Core/Migration/V6_4/Migration1622104463AddPaymentTokenTable.php
--- consumed 0 B, total 1.03 GB, took 0.01 s
/home/mt/www/6.7/src/Core/Migration/V6_4/Migration1636449347AddImportExportAdvancedPricesProfile.php
--- consumed 0 B, total 1.03 GB, took 0.05 s
/home/mt/www/6.7/src/Core/Migration/V6_4/Migration1612184092AddUrlLandingPage.php
--- consumed 0 B, total 1.03 GB, took 0.01 s
/home/mt/www/6.7/src/Core/Migration/V6_4/Migration1618476427ElasticsearchStreamFieldManufacturerRevert.php
--- consumed 0 B, total 1.03 GB, took 0.01 s
/home/mt/www/6.7/src/Core/Migration/V6_4/Migration1617974402AddCustomFieldsToApp.php
--- consumed 0 B, total 1.03 GB, took 0.01 s
/home/mt/www/6.7/src/Core/Migration/V6_4/Migration1621845370AddFlowSequence.php
--- consumed 0 B, total 1.03 GB, took 0.01 s
/home/mt/www/6.7/src/Core/Migration/V6_4/Migration1650620993SetDefaultCmsPagesAndSetCategoryCmsPageToNull.php
--- consumed 0 B, total 1.03 GB, took 0.03 s
/home/mt/www/6.7/src/Core/Migration/V6_4/Migration1630074081AddDeleteCascadeToImportExportLogTable.php
--- consumed 0 B, total 1.03 GB, took 0.01 s
/home/mt/www/6.7/src/Core/Migration/V6_4/Migration1657173907DownloadMailTemplate.php
--- consumed 0 B, total 1.03 GB, took 0.16 s
/home/mt/www/6.7/src/Core/Migration/V6_4/Migration1615359964AddTaxFreeFromAmountForCurrencyAndCountry.php
--- consumed 0 B, total 1.03 GB, took 0.01 s
/home/mt/www/6.7/src/Core/Migration/V6_4/Migration1626785125AddImportExportType.php
--- consumed 0 B, total 1.03 GB, took 0.01 s
/home/mt/www/6.7/src/Core/Migration/V6_4/Migration1647260673AddIndexForEmail.php
--- consumed 0 B, total 1.03 GB, took 0.01 s
/home/mt/www/6.7/src/Core/Migration/V6_4/Migration1643366069AddSeoUrlUpdaterIndex.php
--- consumed 0 B, total 1.03 GB, took 0.04 s
/home/mt/www/6.7/src/Core/Migration/V6_4/Migration1636014089UpdateOrderConfirmationMailTemplates.php
--- consumed 0 B, total 1.03 GB, took 0.10 s
/home/mt/www/6.7/src/Core/Migration/V6_4/Migration1630485317UpdateContactFormMailTemplates.php
--- consumed 2 MB, total 1.03 GB, took 0.09 s
/home/mt/www/6.7/src/Core/Migration/V6_4/Migration1610439375AddEUStatesAsDefaultForIntraCommunityDeliveryLabel.php
--- consumed 0 B, total 1.03 GB, took 0.03 s
/home/mt/www/6.7/src/Core/Migration/V6_4/Migration1659257296GenerateFlowTemplateDataFromEventAction.php
--- consumed 0 B, total 1.03 GB, took 0.11 s
/home/mt/www/6.7/src/Core/Migration/V6_4/Migration1659256999CreateFlowTemplateTable.php
--- consumed 0 B, total 1.03 GB, took 0.01 s
/home/mt/www/6.7/src/Core/Migration/V6_4/Migration1619070236AppCmsBlock.php
--- consumed 0 B, total 1.03 GB, took 0.01 s
/home/mt/www/6.7/src/Core/Migration/V6_4/Migration1652864153ReindexMediaFolders.php
--- consumed 0 B, total 1.03 GB, took 0.01 s
/home/mt/www/6.7/src/Core/Migration/V6_4/Migration1657027979AddOrderRefundPrivilegeForOrderEditor.php
--- consumed 0 B, total 1.03 GB, took 0.01 s
/home/mt/www/6.7/src/Core/Migration/V6_4/Migration1631703921MigrateLineItemsInCartRule.php
--- consumed 0 B, total 1.03 GB, took 0.00 s
/home/mt/www/6.7/src/Core/Migration/V6_4/Migration1620376945AddCompanyTaxAndCustomerTaxToCountry.php
--- consumed 0 B, total 1.03 GB, took 0.02 s
/home/mt/www/6.7/src/Core/Migration/V6_4/Migration1610523204AddInheritanceForProductCmsPage.php
--- consumed 0 B, total 1.03 GB, took 0.01 s
/home/mt/www/6.7/src/Core/Migration/V6_4/Migration1620820321AddDefaultDomainForHeadlessSaleschannel.php
--- consumed 0 B, total 1.03 GB, took 0.02 s
/home/mt/www/6.7/src/Core/Migration/V6_4/Migration1649315608AllowDisable.php
--- consumed 0 B, total 1.03 GB, took 0.01 s
/home/mt/www/6.7/src/Core/Migration/V6_4/Migration1651118773UpdateZipCodeOfTableCustomerAddressToNullable.php
--- consumed 0 B, total 1.03 GB, took 0.01 s
/home/mt/www/6.7/src/Core/Migration/V6_4/Migration1604585230UpdateOrderMailsForCashRounding.php
--- consumed 0 B, total 1.03 GB, took 0.11 s
/home/mt/www/6.7/src/Core/Migration/V6_4/Migration1610523548FixCustomerColumns.php
--- consumed 0 B, total 1.03 GB, took 0.02 s
/home/mt/www/6.7/src/Core/Migration/V6_4/Migration1672743034AddDefaultAdminUserPasswordMinLength.php
--- consumed 0 B, total 1.03 GB, took 0.01 s
/home/mt/www/6.7/src/Core/Migration/V6_4/Migration1616555956AddPurchasePricesPropertyToProductProfile.php
--- consumed 0 B, total 1.03 GB, took 0.01 s
/home/mt/www/6.7/src/Core/Migration/V6_4/Migration1633347511ChangeProductExportInterval.php
--- consumed 0 B, total 1.03 GB, took 0.01 s
/home/mt/www/6.7/src/Core/Migration/V6_4/Migration1658786605AddAddressFormatIntoCountryTranslation.php
--- consumed 0 B, total 1.03 GB, took 0.01 s
/home/mt/www/6.7/src/Core/Migration/V6_4/Migration1631790054AddedStreamIds.php
--- consumed 0 B, total 1.03 GB, took 0.01 s
/home/mt/www/6.7/src/Core/Migration/V6_4/Migration1614691876AddMainModuleToApp.php
--- consumed 0 B, total 1.03 GB, took 0.01 s
/home/mt/www/6.7/src/Core/Migration/V6_4/Migration1654839361ProductDownloadDelivery.php
--- consumed 0 B, total 1.03 GB, took 0.05 s
/home/mt/www/6.7/src/Core/Migration/V6_4/Migration1625554302UpdateMailTemplateForContactForm.php
--- consumed 0 B, total 1.03 GB, took 0.10 s
/home/mt/www/6.7/src/Core/Migration/V6_4/Migration1610616655AddVisibleOnDetailToPropertyGroup.php
--- consumed 0 B, total 1.03 GB, took 0.01 s
/home/mt/www/6.7/src/Core/Migration/V6_4/Migration1610448012LandingPage.php
--- consumed 0 B, total 1.03 GB, took 0.01 s
/home/mt/www/6.7/src/Core/Migration/V6_4/Migration1667806582AddCreatedByIdAndUpdatedByIdToCustomer.php
--- consumed 0 B, total 1.03 GB, took 0.01 s
/home/mt/www/6.7/src/Core/Migration/V6_4/Migration1618389817RemoveTaxFreeFromColumnInCountryTable.php
--- consumed 0 B, total 1.03 GB, took 0.00 s
/home/mt/www/6.7/src/Core/Migration/V6_4/Migration1634735841AddedNewsletterSalesChannelIds.php
--- consumed 0 B, total 1.03 GB, took 0.01 s
/home/mt/www/6.7/src/Core/Migration/V6_4/Migration1648031636AddPositionFieldToShippingMethod.php
--- consumed 0 B, total 1.03 GB, took 0.01 s
/home/mt/www/6.7/src/Core/Migration/V6_4/Migration1612980753AddLinkSettingsToCategory.php
--- consumed 0 B, total 1.03 GB, took 0.01 s
/home/mt/www/6.7/src/Core/Migration/V6_4/Migration1643878976AddCaptureRefundStateMachines.php
--- consumed 0 B, total 1.03 GB, took 0.05 s
/home/mt/www/6.7/src/Core/Migration/V6_4/Migration1610634383AddPositionToTaxEntity.php
--- consumed 0 B, total 1.03 GB, took 0.01 s
/home/mt/www/6.7/src/Core/Migration/V6_4/Migration1613665555AddHomeCmsVersionToSalesChannel.php
--- consumed 0 B, total 1.03 GB, took 0.01 s
/home/mt/www/6.7/src/Core/Migration/V6_4/Migration1620215586FixManufacturerForeignKey.php
--- consumed 0 B, total 1.03 GB, took 0.01 s
/home/mt/www/6.7/src/Core/Migration/V6_4/Migration1655730949AddIsRunningColumnToProductExport.php
--- consumed 0 B, total 1.03 GB, took 0.01 s
/home/mt/www/6.7/src/Core/Migration/V6_4/Migration1615819992AddVatIdRequiredToCountry.php
--- consumed 0 B, total 1.03 GB, took 0.01 s
/home/mt/www/6.7/src/Core/Migration/V6_4/Migration1620733405DistinguishablePaymentMethodName.php
--- consumed 0 B, total 1.03 GB, took 0.01 s
/home/mt/www/6.7/src/Core/Migration/V6_4/Migration1656397126AddMainVariantConfiguration.php
--- consumed 0 B, total 1.03 GB, took 0.01 s
/home/mt/www/6.7/src/Core/Migration/V6_4/Migration1624967118updateMailTemplatesWithOptionalSalutation.php
--- consumed 0 B, total 1.03 GB, took 0.13 s
/home/mt/www/6.7/src/Core/Migration/V6_4/Migration1624884801MakeMailLinksConfigurable.php
--- consumed 0 B, total 1.03 GB, took 0.01 s
/home/mt/www/6.7/src/Core/Migration/V6_4/Migration1620201616AddUpdatedAtToCart.php
--- consumed 0 B, total 1.03 GB, took 0.01 s
/home/mt/www/6.7/src/Core/Migration/V6_4/Migration1628519513AddUnconfirmedTransactionState.php
--- consumed 0 B, total 1.03 GB, took 0.08 s
/home/mt/www/6.7/src/Core/Migration/V6_4/Migration1642757286FixProductMediaForeignKey.php
--- consumed 0 B, total 1.03 GB, took 0.01 s
/home/mt/www/6.7/src/Core/Migration/V6_4/Migration1653376989ResetDefaultAlwaysValidConditionValue.php
--- consumed 0 B, total 1.03 GB, took 0.01 s
/home/mt/www/6.7/src/Core/Migration/V6_4/Migration1622010069AddCartRules.php
--- consumed 0 B, total 1.03 GB, took 0.01 s
/home/mt/www/6.7/src/Core/Migration/V6_4/Migration1625569667NewsletterDoiForRegistered.php
--- consumed 0 B, total 1.03 GB, took 0.01 s
/home/mt/www/6.7/src/Core/Migration/V6_4/Migration1635230747UpdateProductExportTemplate.php
--- consumed 0 B, total 1.03 GB, took 0.01 s
/home/mt/www/6.7/src/Core/Migration/V6_4/Migration1667731399AdminElasticsearchIndexTask.php
--- consumed 0 B, total 1.03 GB, took 0.00 s
/home/mt/www/6.7/src/Core/Migration/V6_4/Migration1669316067ChangeColumnTitleInDownloadsDeliveryMailTemplate.php
--- consumed 0 B, total 1.03 GB, took 0.10 s
/home/mt/www/6.7/src/Core/Migration/V6_4/Migration1647511158AddRefundUrlToAppPaymentMethod.php
--- consumed 0 B, total 1.03 GB, took 0.01 s
/home/mt/www/6.7/src/Core/Migration/V6_4/Migration1652166447AppLoadPriority.php
--- consumed 0 B, total 1.03 GB, took 0.01 s
/home/mt/www/6.7/src/Core/Migration/V6_4/Migration1668677456AddAppReadPrivilegeForIntegrationRoles.php
--- consumed 0 B, total 1.03 GB, took 0.01 s
/home/mt/www/6.7/src/Core/Migration/V6_4/Migration1675218708UpdateDeliverOrderedProductDownloadsFlowTemplate.php
--- consumed 0 B, total 1.03 GB, took 0.03 s
/home/mt/www/6.7/src/Core/Migration/V6_4/Migration1610625925RequireDataProtectionCheckbox.php
--- consumed 0 B, total 1.03 GB, took 0.01 s
/home/mt/www/6.7/src/Core/Migration/V6_4/Migration1635147952ShowShippingCostsInCartAnMailTemplates.php
--- consumed 0 B, total 1.03 GB, took 0.11 s
/home/mt/www/6.7/src/Core/Migration/V6_4/Migration1615366708AddProductStreamMapping.php
--- consumed 0 B, total 1.03 GB, took 0.01 s
/home/mt/www/6.7/src/Core/Migration/V6_4/Migration1617877887AddCustomFieldToPromotionTranslation.php
--- consumed 0 B, total 1.03 GB, took 0.01 s
/home/mt/www/6.7/src/Core/Migration/V6_4/Migration1629877210UpdateWebhookNameAndSerializedWebhookMessageOfWebhookEventLog.php
--- consumed 0 B, total 1.03 GB, took 0.01 s
/home/mt/www/6.7/src/Core/Migration/V6_4/Migration1633358879AddUpdateByColumnToImportExportProfile.php
--- consumed 0 B, total 1.03 GB, took 0.01 s
/home/mt/www/6.7/src/Core/Migration/V6_4/Migration1636964297AddDefaultTaxRate.php
--- consumed 0 B, total 1.03 GB, took 0.01 s
/home/mt/www/6.7/src/Core/Migration/V6_4/Migration1638195971AddBaseAppUrl.php
--- consumed 0 B, total 1.03 GB, took 0.01 s
/home/mt/www/6.7/src/Core/Migration/V6_4/Migration1619604605FixListingPricesUsage.php
--- consumed 0 B, total 1.03 GB, took 0.01 s
/home/mt/www/6.7/src/Core/Migration/V6_4/Migration1636971615AddImportExportPromotionDiscountProfile.php
--- consumed 0 B, total 1.03 GB, took 0.06 s
/home/mt/www/6.7/src/Core/Migration/V6_4/Migration1629204538AddTimeZoneField.php
--- consumed 0 B, total 1.03 GB, took 0.01 s
/home/mt/www/6.7/src/Core/Migration/V6_4/Migration1648031611AddOrderLineItemPromotionId.php
--- consumed 0 B, total 1.03 GB, took 0.01 s
/home/mt/www/6.7/src/Core/Migration/V6_4/Migration1661759290AddDateAndCurrencyIndexToOrderTable.php
--- consumed 0 B, total 1.03 GB, took 0.01 s
/home/mt/www/6.7/src/Core/Migration/V6_4/Migration1616496610CheapestPriceCustomProductGroups.php
--- consumed 0 B, total 1.03 GB, took 0.01 s
/home/mt/www/6.7/src/Core/Migration/V6_4/Migration1648543185AddAppScriptConditionTables.php
--- consumed 0 B, total 1.03 GB, took 0.01 s
/home/mt/www/6.7/src/Core/Migration/V6_4/Migration1665064823AddRuleAreas.php
--- consumed 0 B, total 1.03 GB, took 0.01 s
/home/mt/www/6.7/src/Core/Migration/V6_4/Migration1654839361ProductDownloadMedia.php
--- consumed 0 B, total 1.03 GB, took 0.02 s
/home/mt/www/6.7/src/Core/Migration/V6_4/Migration1617784658AddCartIndex.php
--- consumed 0 B, total 1.03 GB, took 0.01 s
/home/mt/www/6.7/src/Core/Migration/V6_4/Migration1639992771MoveDataFromEventActionToFlow.php
--- consumed 0 B, total 1.03 GB, took 0.01 s
/home/mt/www/6.7/src/Core/Migration/V6_4/Migration1617000878AddTemplateDataToMailTemplateType.php
--- consumed 12 MB, total 1.04 GB, took 0.58 s
/home/mt/www/6.7/src/Core/Migration/V6_4/Migration1628749113Migration1628749113AddDefaultSalesChannelLanguageIdsInLanguagesLists.php
--- consumed 0 B, total 1.04 GB, took 0.01 s
/home/mt/www/6.7/src/Core/Migration/V6_4/Migration1627650101AddUploadPluginRolePrivilege.php
--- consumed 0 B, total 1.04 GB, took 0.01 s
/home/mt/www/6.7/src/Core/Migration/V6_4/Migration1645453538AddRuleTag.php
--- consumed 0 B, total 1.04 GB, took 0.01 s
/home/mt/www/6.7/src/Core/Migration/V6_4/Migration1627562945AddImportExportPromotionCodesProfile.php
--- consumed 0 B, total 1.04 GB, took 0.05 s
/home/mt/www/6.7/src/Core/Migration/V6_4/Migration1649858046UpdateConfigurableFormatAndValidationForAddressCountry.php
--- consumed 0 B, total 1.04 GB, took 0.03 s
/home/mt/www/6.7/src/Core/Migration/V6_4/Migration1650872291CartAutoIncrement.php
--- consumed 0 B, total 1.04 GB, took 0.01 s
/home/mt/www/6.7/src/Core/Migration/V6_4/Migration1638993987AddAppFlowActionTable.php
--- consumed 0 B, total 1.04 GB, took 0.01 s
/home/mt/www/6.7/src/Core/Migration/V6_4/Migration1663238480FixMailTemplateFallbackChainUsage.php
--- consumed 0 B, total 1.04 GB, took 0.10 s
/home/mt/www/6.7/src/Core/Migration/V6_4/Migration1646397836UpdateRolePrivilegesOfOrderCreator.php
--- consumed 0 B, total 1.04 GB, took 0.01 s
/home/mt/www/6.7/src/Core/Migration/V6_4/Migration1625465756DefaultSalutation.php
--- consumed 0 B, total 1.04 GB, took 0.05 s
/home/mt/www/6.7/src/Core/Migration/V6_4/Migration1623391399ChangeConstraintAclRoleAndIntegrationInApp.php
--- consumed 0 B, total 1.04 GB, took 0.01 s
/home/mt/www/6.7/src/Core/Migration/V6_4/Migration1642517958AddCascadeDeleteToTagRelations.php
--- consumed 0 B, total 1.04 GB, took 0.02 s
/home/mt/www/6.7/src/Core/Migration/V6_4/Migration1626442868AddGermanSalesChannelDescription.php
--- consumed 0 B, total 1.04 GB, took 0.01 s
/home/mt/www/6.7/src/Core/Migration/V6_4/Migration1618989442AddProductConfigurationSettingsUniqKey.php
--- consumed 0 B, total 1.04 GB, took 0.01 s
/home/mt/www/6.7/src/Core/Migration/V6_4/Migration1612851765MakeCmsVersionable.php
--- consumed 0 B, total 1.04 GB, took 0.02 s
/home/mt/www/6.7/src/Core/Migration/V6_4/Migration1627292049AddResultColumnForImportExportLog.php
--- consumed 0 B, total 1.04 GB, took 0.01 s
/home/mt/www/6.7/src/Core/Migration/V6_4/Migration1650249241UpdateTypeOfDepartmentAddress.php
--- consumed 0 B, total 1.04 GB, took 0.01 s
/home/mt/www/6.7/src/Core/Migration/V6_4/Migration1673966228UpdateVersionAndOrderLineItemPrivilegeForOrderRoles.php
--- consumed 0 B, total 1.04 GB, took 0.01 s
/home/mt/www/6.7/src/Core/Migration/V6_4/Migration1609140710AddCmsPdpLayout.php
--- consumed 0 B, total 1.04 GB, took 0.09 s
/home/mt/www/6.7/src/Core/Migration/V6_4/Migration1635237551Script.php
--- consumed 0 B, total 1.04 GB, took 0.01 s
/home/mt/www/6.7/src/Core/Migration/V6_4/Migration1650444800AddDefaultSettingConfigValueForUseDefaultCookiesConsent.php
--- consumed 0 B, total 1.04 GB, took 0.01 s
/home/mt/www/6.7/src/Core/Migration/V6_4/Migration1632111590AddOrderTagPrivilegeForOrderRoles.php
--- consumed 0 B, total 1.04 GB, took 0.01 s
/home/mt/www/6.7/src/Core/Migration/V6_4/Migration1620374229UpdateCustomFieldNameInProductStreamTable.php
--- consumed 0 B, total 1.04 GB, took 0.01 s
/home/mt/www/6.7/src/Core/Migration/V6_4/Migration1620146632AddActiveAndErrorCountIntoWebhook.php
--- consumed 0 B, total 1.04 GB, took 0.01 s
/home/mt/www/6.7/src/Core/Migration/V6_4/Migration1645019769UpdateCmsPageTranslation.php
--- consumed 0 B, total 1.04 GB, took 0.02 s
/home/mt/www/6.7/src/Core/Migration/V6_4/Migration1623305620ChangeSalutationIdNullable.php
--- consumed 2 MB, total 1.04 GB, took 0.02 s
/home/mt/www/6.7/src/Core/Migration/V6_4/Migration1667983492UpdateQueuedTasksToSkipped.php
--- consumed 0 B, total 1.04 GB, took 0.01 s
/home/mt/www/6.7/src/Core/Migration/V6_4/Migration1614765785ChangeDefaultValueOfAndLogicForSearchRankingConfig.php
--- consumed 0 B, total 1.04 GB, took 0.01 s
/home/mt/www/6.7/src/Core/Migration/V6_4/Migration1631863869AddLogEntryCreateAndStateMachineTransitionReadPrivilege.php
--- consumed 0 B, total 1.04 GB, took 0.01 s
/home/mt/www/6.7/src/Core/Migration/V6_4/Migration1612442686AddDeleteCascadeToCustomerTagTable.php
--- consumed 0 B, total 1.04 GB, took 0.01 s
/home/mt/www/6.7/src/Core/Migration/V6_4/Migration1614765170UpdateAppModulesWithNavigationInformation.php
--- consumed 0 B, total 1.04 GB, took 0.05 s
/home/mt/www/6.7/src/Core/Migration/Test/NullConnection.php
--- consumed 0 B, total 1.04 GB, took 0.32 s
/home/mt/www/6.7/src/Core/Migration/V6_7/Migration1754295570DocumentActivateReturnAddress.php
--- consumed 2 MB, total 1.05 GB, took 0.04 s
/home/mt/www/6.7/src/Core/Migration/V6_7/Migration1756068711FixOrderAddressFirstNameLength.php
--- consumed 0 B, total 1.05 GB, took 0.01 s
/home/mt/www/6.7/src/Core/Migration/V6_7/Migration1737430168RemoveFileTypeOfDocumentTable.php
--- consumed 0 B, total 1.05 GB, took 0.01 s
/home/mt/www/6.7/src/Core/Migration/V6_7/Migration1743151679AddContextGatewayUrl.php
--- consumed 0 B, total 1.05 GB, took 0.00 s
/home/mt/www/6.7/src/Core/Migration/V6_7/Migration1717573310ImportExportTechnicalNameRequired.php
--- consumed 0 B, total 1.05 GB, took 0.06 s
/home/mt/www/6.7/src/Core/Migration/V6_7/Migration1726135997CreateMessengerStatsTable.php
--- consumed 0 B, total 1.05 GB, took 0.01 s
/home/mt/www/6.7/src/Core/Migration/V6_7/Migration1720603803RemoveDefaultPaymentMethodFlows.php
--- consumed 0 B, total 1.05 GB, took 0.01 s
/home/mt/www/6.7/src/Core/Migration/V6_7/Migration1728119898AddRobotsTxt.php
--- consumed 0 B, total 1.05 GB, took 0.01 s
/home/mt/www/6.7/src/Core/Migration/V6_7/Migration1742897274RegistrationSalutationToggleConfig.php
--- consumed 0 B, total 1.05 GB, took 0.01 s
/home/mt/www/6.7/src/Core/Migration/V6_7/Migration1740321707SetAutoplayTimeoutAndSpeedSettingsForProductSlider.php
--- consumed 0 B, total 1.05 GB, took 0.01 s
/home/mt/www/6.7/src/Core/Migration/V6_7/Migration1720603803RemoveDefaultPaymentMethodRule.php
--- consumed 0 B, total 1.05 GB, took 0.01 s
/home/mt/www/6.7/src/Core/Migration/V6_7/Migration1728040169AddPrimaryOrderDelivery.php
--- consumed 0 B, total 1.05 GB, took 0.02 s
/home/mt/www/6.7/src/Core/Migration/V6_7/Migration1742563555AddNotificationTable.php
--- consumed 0 B, total 1.05 GB, took 0.01 s
/home/mt/www/6.7/src/Core/Migration/V6_7/Migration1742199550MeasurementDisplayUnitTable.php
--- consumed 0 B, total 1.05 GB, took 0.09 s
/home/mt/www/6.7/src/Core/Migration/V6_7/Migration1752499887UpdateAppRequestedPrivileges.php
--- consumed 0 B, total 1.05 GB, took 0.01 s
/home/mt/www/6.7/src/Core/Migration/V6_7/Migration1754892246FixWordingMistakeInEmailTemplates.php
--- consumed 0 B, total 1.05 GB, took 0.11 s
/home/mt/www/6.7/src/Core/Migration/V6_7/Migration1748326970UpdateMailTemplatesForAccessibility.php
--- consumed 0 B, total 1.05 GB, took 0.10 s
/home/mt/www/6.7/src/Core/Migration/V6_7/Migration1728040170AddPrimaryOrderTransaction.php
--- consumed 0 B, total 1.05 GB, took 0.02 s
/home/mt/www/6.7/src/Core/Migration/V6_7/Migration1752750234AddIndexToOrderTransactionCreateAndUpdate.php
--- consumed 0 B, total 1.05 GB, took 0.01 s
/home/mt/www/6.7/src/Core/Migration/V6_7/Migration1745319883AddDefaultConfigForMeasurementSystem.php
--- consumed 0 B, total 1.05 GB, took 0.01 s
/home/mt/www/6.7/src/Core/Migration/V6_7/Migration1756305375AddCategoriesIndexToProduct.php
--- consumed 0 B, total 1.05 GB, took 0.01 s
/home/mt/www/6.7/src/Core/Migration/V6_7/Migration1756068710FixCustomerAddressLastNameLength.php
--- consumed 0 B, total 1.05 GB, took 0.00 s
/home/mt/www/6.7/src/Core/Migration/V6_7/Migration1742302302RenamePaidTransitionActions.php
--- consumed 0 B, total 1.05 GB, took 0.02 s
/home/mt/www/6.7/src/Core/Migration/V6_7/Migration1756296414UpdateSnippetSetBaseFiles.php
--- consumed 0 B, total 1.05 GB, took 0.01 s
/home/mt/www/6.7/src/Core/Migration/V6_7/Migration1739197440ChangeCmsBlockDefaultMargin.php
--- consumed 0 B, total 1.05 GB, took 0.03 s
/home/mt/www/6.7/src/Core/Migration/V6_7/Migration1752750086AddIndexToOrderLineItemCreateAndUpdate.php
--- consumed 0 B, total 1.05 GB, took 0.01 s
/home/mt/www/6.7/src/Core/Migration/V6_7/Migration1754398573ChangeAllLineItemsRuleValueType.php
--- consumed 0 B, total 1.05 GB, took 0.01 s
/home/mt/www/6.7/src/Core/Migration/V6_7/Migration1752750171AddIndexToOrderAddressCreateAndUpdate.php
--- consumed 0 B, total 1.05 GB, took 0.01 s
/home/mt/www/6.7/src/Core/Migration/V6_7/Migration1746176773AddIntegrationIdStateHistory.php
--- consumed 0 B, total 1.05 GB, took 0.01 s
/home/mt/www/6.7/src/Core/Migration/V6_7/Migration1743064966CartConfigSubtotalTaxColumn.php
--- consumed 0 B, total 1.05 GB, took 0.02 s
/home/mt/www/6.7/src/Core/Migration/V6_7/Migration1741163941AddOrderInternalComment.php
--- consumed 0 B, total 1.05 GB, took 0.01 s
/home/mt/www/6.7/src/Core/Migration/V6_7/Migration1742199549MeasurementSystemTable.php
--- consumed 0 B, total 1.05 GB, took 0.07 s
/home/mt/www/6.7/src/Core/Migration/V6_7/Migration1740563553AddAppRequestedPrivileges.php
--- consumed 0 B, total 1.05 GB, took 0.01 s
/home/mt/www/6.7/src/Core/Migration/V6_7/Migration1697112044PaymentAndShippingTechnicalNameRequired.php
--- consumed 0 B, total 1.05 GB, took 0.02 s
/home/mt/www/6.7/src/Core/Migration/V6_7/Migration1742568836CreateThemeRuntimeConfigTable.php
--- consumed 0 B, total 1.05 GB, took 0.01 s
/home/mt/www/6.7/src/Core/Migration/V6_7/Migration1756068712FixOrderAddressLastNameLength.php
--- consumed 0 B, total 1.05 GB, took 0.01 s
/home/mt/www/6.7/src/Core/Migration/V6_7/Migration1742199552SalesChannelMeasurementUnits.php
--- consumed 0 B, total 1.05 GB, took 0.01 s
/home/mt/www/6.7/src/Core/Migration/V6_7/Migration1753799632FixStateMachineHistoryIntegrationConstraint.php
--- consumed 0 B, total 1.05 GB, took 0.01 s
/home/mt/www/6.7/src/Core/Migration/V6_7/Migration1753191228AddMediaThumbnailSizeIdToMediaThumbnail.php
--- consumed 0 B, total 1.05 GB, took 0.04 s
/home/mt/www/6.7/src/Core/Migration/V6_7/Migration1751623078AddMeasurementSystemPrivileges.php
--- consumed 0 B, total 1.05 GB, took 0.01 s
/home/mt/www/6.7/src/Core/Migration/V6_7/Migration1756068709FixCustomerAddressFirstNameLength.php
--- consumed 0 B, total 1.05 GB, took 0.01 s
/home/mt/www/6.7/src/Core/Migration/V6_7/Migration1697112043TemporaryPaymentAndShippingTechnicalNames.php
--- consumed 0 B, total 1.05 GB, took 0.01 s
/home/mt/www/6.7/src/Core/Migration/V6_7/Migration1752229050ChangeDESnippetOfMeterUnit.php
--- consumed 0 B, total 1.05 GB, took 0.02 s
/home/mt/www/6.7/src/Core/Migration/V6_7/Migration1733136208AddH1ToCmsCategoryListing.php
--- consumed 0 B, total 1.05 GB, took 0.04 s
/home/mt/www/6.7/src/Core/Migration/V6_7/Migration1742484083TransitionToAddressInputFieldArrangement.php
--- consumed 0 B, total 1.05 GB, took 0.03 s
/home/mt/www/6.7/src/Core/Migration/V6_7/Migration1749644517AddListingVariantNameSystemConfigOption.php
--- consumed 0 B, total 1.05 GB, took 0.01 s
/home/mt/www/6.7/src/Core/Migration/V6_7/Migration1752219159AddLanguageActive.php
--- consumed 0 B, total 1.05 GB, took 0.03 s
/home/mt/www/6.7/src/Core/Migration/V6_7/Migration1720610755RemoveDefaultPaymentMethodFromCustomer.php
--- consumed 0 B, total 1.05 GB, took 0.01 s
/home/mt/www/6.7/src/Core/Migration/V6_7/Migration1717572627RemoveImportExportProfileName.php
--- consumed 0 B, total 1.05 GB, took 0.01 s
/home/mt/www/6.7/src/Core/Migration/V6_7/Migration1742199551SalesChannelDomainMeasurementUnits.php
--- consumed 0 B, total 1.05 GB, took 0.01 s
/home/mt/www/6.7/src/Core/Migration/V6_8/Migration1755497870RemoveLabelTranslationOfImportExportProfile.php
--- consumed 0 B, total 1.05 GB, took 0.01 s
/home/mt/www/6.7/src/Core/Migration/V6_8/Migration1743256470RemoveDebitPayment.php
--- consumed 0 B, total 1.05 GB, took 0.01 s
/home/mt/www/6.7/src/Core/Migration/V6_8/Migration1743256470RemoveElasticsearchAppConfigFlag.php
--- consumed 0 B, total 1.05 GB, took 0.01 s
/home/mt/www/6.7/src/Core/Migration/V6_6/Migration1726557614FixProductComparisonIdealoWithHtmlFormat.php
--- consumed 0 B, total 1.05 GB, took 0.01 s
/home/mt/www/6.7/src/Core/Migration/V6_6/Migration1733323215AddHashToAppTemplate.php
--- consumed 0 B, total 1.05 GB, took 0.01 s
/home/mt/www/6.7/src/Core/Migration/V6_6/Migration1663402950SetDoubleOptinCustomerActive.php
--- consumed 0 B, total 1.05 GB, took 0.01 s
/home/mt/www/6.7/src/Core/Migration/V6_6/Migration1716968180AddAppSourceConfig.php
--- consumed 0 B, total 1.05 GB, took 0.01 s
/home/mt/www/6.7/src/Core/Migration/V6_6/Migration1673964565MigrateToReferencedColumns.php
--- consumed 0 B, total 1.05 GB, took 0.01 s
/home/mt/www/6.7/src/Core/Migration/V6_6/Migration1721202771UpdateDefaultSearchConfig.php
--- consumed 0 B, total 1.05 GB, took 0.04 s
/home/mt/www/6.7/src/Core/Migration/V6_6/Migration1723193659UpdateVatPatternForCountry.php
--- consumed 0 B, total 1.05 GB, took 0.01 s
/home/mt/www/6.7/src/Core/Migration/V6_6/Migration1730790665ElectronicInvoice.php
--- consumed 0 B, total 1.05 GB, took 0.06 s
/home/mt/www/6.7/src/Core/Migration/V6_6/Migration1711461580SetSystemDefaultForDefaultMailFooter.php
--- consumed 0 B, total 1.05 GB, took 0.02 s
/home/mt/www/6.7/src/Core/Migration/V6_6/Migration1718635021AddIntraCommunityLabelDocumentConfigToCreditNote.php
--- consumed 0 B, total 1.05 GB, took 0.02 s
/home/mt/www/6.7/src/Core/Migration/V6_6/Migration1711418838ReplaceSortingOptionKeysWithSortingOptionIdsInCmsSlots.php
--- consumed 0 B, total 1.05 GB, took 0.05 s
/home/mt/www/6.7/src/Core/Migration/V6_6/Migration1718615305AddEuToCountryTable.php
--- consumed 0 B, total 1.05 GB, took 0.01 s
/home/mt/www/6.7/src/Core/Migration/V6_6/Migration1707807389ChangeAvailableDefault.php
--- consumed 0 B, total 1.05 GB, took 0.00 s
/home/mt/www/6.7/src/Core/Migration/V6_6/Migration1727768690UpdateDefaultEnglishPlainMailFooter.php
--- consumed 0 B, total 1.05 GB, took 0.02 s
/home/mt/www/6.7/src/Core/Migration/V6_6/Migration1707064042CartRemoveFK.php
--- consumed 0 B, total 1.05 GB, took 0.03 s
/home/mt/www/6.7/src/Core/Migration/V6_6/Migration1696515133AddCheckoutGatewayUrl.php
--- consumed 0 B, total 1.05 GB, took 0.01 s
/home/mt/www/6.7/src/Core/Migration/V6_6/Migration1711461572ReplaceSortingOptionKeysWithSortingOptionIds.php
--- consumed 0 B, total 1.05 GB, took 0.10 s
/home/mt/www/6.7/src/Core/Migration/V6_6/Migration1724468738UpdatePostalCodeRequiredForTableCountryWithDefaultTrue.php
--- consumed 0 B, total 1.05 GB, took 0.01 s
/home/mt/www/6.7/src/Core/Migration/V6_6/Migration1726049442UpdateVariantListingConfigInProductTable.php
--- consumed 0 B, total 1.05 GB, took 0.01 s
/home/mt/www/6.7/src/Core/Migration/V6_6/Migration1735807464AddCustomFieldStoreApiAware.php
--- consumed 0 B, total 1.05 GB, took 0.01 s
/home/mt/www/6.7/src/Core/Migration/V6_6/Migration1720094362AddStateForeignKeyToOrderDelivery.php
--- consumed 0 B, total 1.05 GB, took 0.03 s
/home/mt/www/6.7/src/Core/Migration/V6_6/Migration1700746995ReplaceSortingOptionKeysWithSortingOptionIds.php
--- consumed 0 B, total 1.05 GB, took 0.10 s
/home/mt/www/6.7/src/Core/Migration/V6_6/Migration1731576063UpdateProductComparisonTemplate.php
--- consumed 0 B, total 1.05 GB, took 0.01 s
/home/mt/www/6.7/src/Core/Migration/V6_6/Migration1711461579FixDefaultMailFooter.php
--- consumed 0 B, total 1.05 GB, took 0.05 s
/home/mt/www/6.7/src/Core/Migration/V6_6/Migration1737105721MigrateOrderStateChangeDocumentToA11Y.php
--- consumed 0 B, total 1.05 GB, took 0.16 s
/home/mt/www/6.7/src/Core/Migration/V6_6/Migration1712309989DropLanguageLocaleUnique.php
--- consumed 0 B, total 1.05 GB, took 0.01 s
/home/mt/www/6.7/src/Core/Migration/V6_6/Migration1730191192UpdateDefaultSalutation.php
--- consumed 0 B, total 1.05 GB, took 0.05 s
/home/mt/www/6.7/src/Core/Migration/V6_6/Migration1736824370MigrationMailTemplateForDocument.php
--- consumed 0 B, total 1.05 GB, took 0.08 s
/home/mt/www/6.7/src/Core/Migration/V6_6/Migration1716196653AddTechnicalNameToImportExportProfile.php
--- consumed 0 B, total 1.05 GB, took 0.05 s
/home/mt/www/6.7/src/Core/Migration/V6_6/Migration1715081559AdjustSentMailActionOnReviewSent.php
--- consumed 2 MB, total 1.05 GB, took 0.04 s
/home/mt/www/6.7/src/Core/Migration/V6_6/Migration1717601705AddIntraCommunityLabelDocumentConfigToStorno.php
--- consumed 0 B, total 1.05 GB, took 0.02 s
/home/mt/www/6.7/src/Core/Migration/V6_6/Migration1720094363AddStateForeignKeyToOrder.php
--- consumed 0 B, total 1.05 GB, took 0.02 s
/home/mt/www/6.7/src/Core/Migration/V6_6/Migration1676367607RemoveIntegrationWriteAccessColumn.php
--- consumed 0 B, total 1.05 GB, took 0.01 s
/home/mt/www/6.7/src/Core/Migration/V6_6/Migration1718658881AddValidationDataToOrderTransaction.php
--- consumed 0 B, total 1.05 GB, took 0.01 s
/home/mt/www/6.7/src/Core/Migration/V6_6/Migration1710493619ScheduleMediaPathIndexer.php
--- consumed 0 B, total 1.05 GB, took 0.00 s
/home/mt/www/6.7/src/Core/Migration/V6_6/Migration1701677136RemovePluginChangelogField.php
--- consumed 0 B, total 1.05 GB, took 0.01 s
/home/mt/www/6.7/src/Core/Migration/V6_6/Migration1729843379FixBelgianVatIdPattern.php
--- consumed 0 B, total 1.05 GB, took 0.01 s
/home/mt/www/6.7/src/Core/Migration/V6_6/Migration1736154963FixCyprusVatIdPattern.php
--- consumed 0 B, total 1.05 GB, took 0.00 s
/home/mt/www/6.7/src/Core/Migration/V6_6/Migration1732608755MigrateNavigationSettingsForProductSlider.php
--- consumed 0 B, total 1.05 GB, took 0.01 s
/home/mt/www/6.7/src/Core/Migration/V6_6/Migration1747746986OrderTaxCalculationType.php
--- consumed 0 B, total 1.05 GB, took 0.01 s
/home/mt/www/6.7/src/Core/Migration/V6_6/Migration1730059142AddNewSitemapConfigForExcludingHiddenProducts.php
--- consumed 0 B, total 1.05 GB, took 0.01 s
/home/mt/www/6.7/src/Core/Migration/V6_6/Migration1679581138RemoveAssociationFields.php
--- consumed 0 B, total 1.05 GB, took 0.01 s
/home/mt/www/6.7/src/Core/Migration/V6_6/Migration1739198249FixOrderDeliveryStateMachineName.php
--- consumed 0 B, total 1.05 GB, took 0.06 s
/home/mt/www/6.7/src/Core/Migration/V6_6/Migration1733745893createTagStorageTable.php
--- consumed 0 B, total 1.05 GB, took 0.01 s
/home/mt/www/6.7/src/Core/Migration/V6_6/Migration1730911642MoveNamespaceOfShowZipcodeInFrontOfCityConfiguration.php
--- consumed 0 B, total 1.05 GB, took 0.01 s
/home/mt/www/6.7/src/Core/Migration/V6_6/Migration1701688920FixDownloadLinkMail.php
--- consumed 0 B, total 1.05 GB, took 0.10 s
/home/mt/www/6.7/src/Core/Migration/V6_6/Migration1713345551AddAppManagedColumn.php
--- consumed 0 B, total 1.05 GB, took 0.01 s
/home/mt/www/6.7/src/Core/Migration/V6_6/Migration1714659357CanonicalProductVersion.php
--- consumed 0 B, total 1.05 GB, took 0.01 s
/home/mt/www/6.7/src/Core/Migration/V6_6/Migration1702982372FixProductCrossSellingSortByPrice.php
--- consumed 0 B, total 1.05 GB, took 0.00 s
/home/mt/www/6.7/src/Core/Migration/V6_6/Migration1736866790AddDocumentA11yMediaFileIdForDocumentTable.php
--- consumed 0 B, total 1.05 GB, took 0.03 s
/home/mt/www/6.7/src/Core/Migration/V6_6/Migration1739355802FixVatHandling.php
--- consumed 0 B, total 1.05 GB, took 0.01 s
/home/mt/www/6.7/src/Core/Migration/V6_6/Migration1738661307AddMediaIndices.php
--- consumed 0 B, total 1.05 GB, took 0.01 s
/home/mt/www/6.7/src/Core/Migration/V6_6/Migration1703850843FixSearchConfig.php
--- consumed 0 B, total 1.05 GB, took 0.05 s
/home/mt/www/6.7/src/Core/Migration/V6_6/Migration1729843381AddDefaultSettingConfigValueForReviewListingPerPage.php
--- consumed 0 B, total 1.05 GB, took 0.01 s
/home/mt/www/6.7/src/Core/Migration/V6_6/Migration1696262484AddDefaultSendMailOptions.php
--- consumed 0 B, total 1.05 GB, took 0.01 s
/home/mt/www/6.7/src/Core/Migration/V6_6/Migration1673249981MigrateIsNewCustomerRule.php
--- consumed 0 B, total 1.05 GB, took 0.02 s
/home/mt/www/6.7/src/Core/Migration/V6_6/Migration1702479623RemoveEsMultilingualFlag.php
--- consumed 0 B, total 1.05 GB, took 0.01 s
/home/mt/www/6.7/src/Core/Migration/V6_6/Migration1697788982ChangeColumnAvailabilityRuleIdFromShippingMethodToNullable.php
--- consumed 0 B, total 1.05 GB, took 0.01 s
/home/mt/www/6.7/src/Core/Migration/V6_6/Migration1736831335AddGenerateDocumentTypesForDocumentConfig.php
--- consumed 0 B, total 1.05 GB, took 0.04 s
/home/mt/www/6.7/src/Core/Migration/V6_6/Migration1691662140MigrateAvailableStock.php
--- consumed 0 B, total 1.05 GB, took 0.01 s
/home/mt/www/6.7/src/Core/Migration/V6_6/Migration1735112885AddDefaultSearchResultSorting.php
--- consumed 0 B, total 1.05 GB, took 0.01 s
/home/mt/www/6.7/src/Core/Migration/V6_6/Migration1721811224AddInAppPurchaseGatewayUrl.php
--- consumed 0 B, total 1.05 GB, took 0.01 s
/home/mt/www/6.7/src/Core/Migration/V6_6/Migration1716285861AddAppSourceType.php
--- consumed 0 B, total 1.05 GB, took 0.01 s
/home/mt/www/6.7/src/Core/Migration/Traits/TranslationWriteResult.php
--- consumed 0 B, total 1.05 GB, took 0.01 s
/home/mt/www/6.7/src/Core/Migration/Traits/MailUpdate.php
--- consumed 0 B, total 1.05 GB, took 0.01 s
/home/mt/www/6.7/src/Core/Migration/Traits/EnsureThumbnailSizesTrait.php
--- consumed 0 B, total 1.05 GB, took 0.00 s
/home/mt/www/6.7/src/Core/Migration/Traits/StateMachineMigrationTrait.php
--- consumed 0 B, total 1.05 GB, took 0.00 s
/home/mt/www/6.7/src/Core/Migration/Traits/UpdateMailTrait.php
--- consumed 0 B, total 1.05 GB, took 0.00 s
/home/mt/www/6.7/src/Core/Migration/Traits/StateMachineMigration.php
--- consumed 0 B, total 1.05 GB, took 0.01 s
/home/mt/www/6.7/src/Core/Migration/Traits/Translations.php
--- consumed 0 B, total 1.05 GB, took 0.01 s
/home/mt/www/6.7/src/Core/Migration/Traits/MailSubjectUpdate.php
--- consumed 0 B, total 1.05 GB, took 0.00 s
/home/mt/www/6.7/src/Core/Migration/Traits/ImportTranslationsTrait.php
--- consumed 0 B, total 1.05 GB, took 0.00 s
/home/mt/www/6.7/src/Core/Migration/Traits/StateMachineMigrationImporter.php
--- consumed 0 B, total 1.05 GB, took 0.18 s
/home/mt/www/6.7/src/Core/Migration/V6_5/Migration1701337056CorrectColumnLength.php
--- consumed 0 B, total 1.05 GB, took 0.01 s
/home/mt/www/6.7/src/Core/Migration/V6_5/Migration1688927492AddTaxActiveFromField.php
--- consumed 0 B, total 1.05 GB, took 0.01 s
/home/mt/www/6.7/src/Core/Migration/V6_5/Migration1676274910ChangeColumnTaxRateAllowThreeDecimal.php
--- consumed 0 B, total 1.05 GB, took 0.01 s
/home/mt/www/6.7/src/Core/Migration/V6_5/Migration1700558603RemoveDataIntegration.php
--- consumed 0 B, total 1.05 GB, took 0.02 s
/home/mt/www/6.7/src/Core/Migration/V6_5/Migration1676272000AddAccountTypeToCustomer.php
--- consumed 0 B, total 1.05 GB, took 0.02 s
/home/mt/www/6.7/src/Core/Migration/V6_5/Migration1690874168FixPaymentStatusUnconfirmedMail.php
--- consumed 0 B, total 1.05 GB, took 0.36 s
/home/mt/www/6.7/src/Core/Migration/V6_5/Migration1689257577AddMissingTransactionMailFlow.php
--- consumed 0 B, total 1.05 GB, took 0.06 s
/home/mt/www/6.7/src/Core/Migration/V6_5/Migration1671723392AddWebhookLifetimeConfig.php
--- consumed 0 B, total 1.05 GB, took 0.01 s
/home/mt/www/6.7/src/Core/Migration/V6_5/Migration1672934282ReviewFormSendFlow.php
--- consumed 0 B, total 1.05 GB, took 0.02 s
/home/mt/www/6.7/src/Core/Migration/V6_5/Migration1678969082DropVariantListingFields.php
--- consumed 0 B, total 1.05 GB, took 0.01 s
/home/mt/www/6.7/src/Core/Migration/V6_5/Migration1688556247FixCoverMediaVersionID.php
--- consumed 0 B, total 1.05 GB, took 0.01 s
/home/mt/www/6.7/src/Core/Migration/V6_5/Migration1688106315AddMissingTransactionMailTemplates.php
--- consumed 0 B, total 1.05 GB, took 0.16 s
/home/mt/www/6.7/src/Core/Migration/V6_5/Migration1669124190AddDoctrineMessengerTable.php
--- consumed 0 B, total 1.05 GB, took 0.01 s
/home/mt/www/6.7/src/Core/Migration/V6_5/Migration1668435503ChangeStornoDocumentTranslationName.php
--- consumed 0 B, total 1.05 GB, took 0.01 s
/home/mt/www/6.7/src/Core/Migration/V6_5/Migration1666689977AddPluginIdToCustomEntity.php
--- consumed 0 B, total 1.05 GB, took 0.01 s
/home/mt/www/6.7/src/Core/Migration/V6_5/Migration1696321447AddOnlyLiveVersionToWebhookAndWebhookEventLogTables.php
--- consumed 0 B, total 1.05 GB, took 0.01 s
/home/mt/www/6.7/src/Core/Migration/V6_5/Migration1655697288AppFlowEvent.php
--- consumed 0 B, total 1.05 GB, took 0.01 s
/home/mt/www/6.7/src/Core/Migration/V6_5/Migration1663402842AddPathToMedia.php
--- consumed 0 B, total 1.05 GB, took 0.01 s
/home/mt/www/6.7/src/Core/Migration/V6_5/Migration1662533751AddCustomEntityTypeIdToCategory.php
--- consumed 0 B, total 1.05 GB, took 0.01 s
/home/mt/www/6.7/src/Core/Migration/V6_5/Migration1669125399DropEnqueueTable.php
--- consumed 0 B, total 1.05 GB, took 0.01 s
/home/mt/www/6.7/src/Core/Migration/V6_5/Migration1661505878ChangeDefaultValueOfShippingMethodActiveField.php
--- consumed 0 B, total 1.05 GB, took 0.00 s
/home/mt/www/6.7/src/Core/Migration/V6_5/Migration1687462843ProductManufacturerMediaThumbnails.php
--- consumed 0 B, total 1.05 GB, took 0.06 s
/home/mt/www/6.7/src/Core/Migration/V6_5/Migration1690456899AddCustomFieldPrivilegeForSaleUnitViewer.php
--- consumed 0 B, total 1.05 GB, took 0.01 s
/home/mt/www/6.7/src/Core/Migration/V6_5/Migration1673263104RemoveCartNameColumn.php
--- consumed 0 B, total 1.05 GB, took 0.01 s
/home/mt/www/6.7/src/Core/Migration/V6_5/Migration1692608216IncreaseAppConfigKeyColumnSize.php
--- consumed 0 B, total 1.05 GB, took 0.00 s
/home/mt/www/6.7/src/Core/Migration/V6_5/Migration1676272001AddAccountTypeToCustomerProfileImportExport.php
--- consumed 0 B, total 1.05 GB, took 0.03 s
/home/mt/www/6.7/src/Core/Migration/V6_5/Migration1670090989AddIndexOrderOrderNumber.php
--- consumed 0 B, total 1.05 GB, took 0.01 s
/home/mt/www/6.7/src/Core/Migration/V6_5/Migration1697462064FixMediaPath.php
--- consumed 0 B, total 1.05 GB, took 0.01 s
/home/mt/www/6.7/src/Core/Migration/V6_5/Migration1679584289AddCustomerReviewCount.php
--- consumed 0 B, total 1.05 GB, took 0.01 s
/home/mt/www/6.7/src/Core/Migration/V6_5/Migration1686817968AddRecurringAppPaymentMethodUrl.php
--- consumed 0 B, total 1.05 GB, took 0.01 s
/home/mt/www/6.7/src/Core/Migration/V6_5/Migration1681382023AddCustomFieldAllowCartExpose.php
--- consumed 0 B, total 1.05 GB, took 0.01 s
/home/mt/www/6.7/src/Core/Migration/V6_5/Migration1675323588ChangeEnglishLocaleTranslationOfUsLocale.php
--- consumed 0 B, total 1.05 GB, took 0.02 s
/home/mt/www/6.7/src/Core/Migration/V6_5/Migration1695732009AddConfigForMedia.php
--- consumed 0 B, total 1.05 GB, took 0.01 s
/home/mt/www/6.7/src/Core/Migration/V6_5/Migration1689776940AddCartSourceField.php
--- consumed 0 B, total 1.05 GB, took 0.01 s
/home/mt/www/6.7/src/Core/Migration/V6_5/Migration1672931011ReviewFormMailTemplate.php
--- consumed 0 B, total 1.05 GB, took 0.07 s
/home/mt/www/6.7/src/Core/Migration/V6_5/Migration1689856589AddVersioningForOrderTransactionCaptures.php
--- consumed 0 B, total 1.05 GB, took 0.02 s
/home/mt/www/6.7/src/Core/Migration/V6_5/Migration1704267596UpdateBelgianVatIdPattern.php
--- consumed 0 B, total 1.05 GB, took 0.01 s
/home/mt/www/6.7/src/Core/Migration/V6_5/Migration1678801126AddScheduledTaskDefaultRunIntervalColumn.php
--- consumed 2 MB, total 1.05 GB, took 0.02 s
/home/mt/www/6.7/src/Core/Migration/V6_5/Migration1695776504UpdateZipCodeOfTableOrderAddressToNullable.php
--- consumed 0 B, total 1.05 GB, took 0.01 s
/home/mt/www/6.7/src/Core/Migration/V6_5/Migration1695778183UpdateStreetOfTableCustomerAddressToNotNull.php
--- consumed 0 B, total 1.05 GB, took 0.01 s
/home/mt/www/6.7/src/Core/Migration/V6_5/Migration1692279790AppShippingMethod.php
--- consumed 0 B, total 1.05 GB, took 0.02 s
/home/mt/www/6.7/src/Core/Migration/V6_5/Migration1692254551FixMailTranslation.php
--- consumed 0 B, total 1.05 GB, took 0.10 s
/home/mt/www/6.7/src/Core/Migration/V6_5/Migration1659425718AddFlagsToCustomEntities.php
--- consumed 0 B, total 1.05 GB, took 0.01 s
/home/mt/www/6.7/src/Core/Migration/V6_5/Migration1673420896RemoveUndefinedSalutation.php
--- consumed 0 B, total 1.05 GB, took 0.02 s
/home/mt/www/6.7/src/Core/Migration/V6_5/Migration1693300031UsageDataEntityDeletions.php
--- consumed 0 B, total 1.05 GB, took 0.01 s
/home/mt/www/6.7/src/Core/Migration/V6_5/Migration1669291632MigrateLineItemsInCartRule.php
--- consumed 0 B, total 1.05 GB, took 0.01 s
/home/mt/www/6.7/src/Core/Migration/V6_5/Migration1677470540AddProvincesForCanada.php
--- consumed 0 B, total 1.05 GB, took 0.09 s
/home/mt/www/6.7/src/Core/Migration/V6_5/Migration1687463180ProductMediaThumbnails.php
--- consumed 0 B, total 1.05 GB, took 0.05 s
/home/mt/www/6.7/src/Core/Migration/V6_5/Migration1680789830AddCustomFieldsAwareToCustomEntities.php
--- consumed 0 B, total 1.05 GB, took 0.01 s
/home/mt/www/6.7/src/Core/Migration/V6_5/Migration1674200008UpdateOrderViewerRolePrivileges.php
--- consumed 0 B, total 1.05 GB, took 0.01 s
/home/mt/www/6.7/src/Core/Migration/V6_5/Migration1675247112ChangeCountryNamingConvention.php
--- consumed 0 B, total 1.05 GB, took 0.02 s
/home/mt/www/6.7/src/Core/Migration/V6_5/Migration1696300511AddDocumentNumberToDocumentEntity.php
--- consumed 0 B, total 1.05 GB, took 0.01 s
/home/mt/www/6.7/src/Core/Migration/V6_5/Migration1694426018AddEntityIndexToStateMachineHistory.php
--- consumed 0 B, total 1.05 GB, took 0.01 s
/home/mt/www/6.7/src/Core/Migration/V6_5/Migration1698682149MakeTranslatableFieldsNullable.php
--- consumed 0 B, total 1.05 GB, took 0.02 s
/home/mt/www/6.7/src/Core/Migration/V6_5/Migration1692277552FixCustomerReviewCount.php
--- consumed 0 B, total 1.05 GB, took 0.01 s
/home/mt/www/6.7/src/Core/Migration/V6_5/Migration1678197291ConvertVariantListingConfig.php
--- consumed 0 B, total 1.05 GB, took 0.01 s
/home/mt/www/6.7/src/Core/Migration/V6_5/Migration1697112043AddPaymentAndShippingTechnicalName.php
--- consumed 0 B, total 1.05 GB, took 0.03 s
/home/mt/www/6.7/src/Core/Migration/V6_5/Migration1697792159FixOrderDeliveryAddressConstraint.php
--- consumed 0 B, total 1.05 GB, took 0.01 s
/home/mt/www/6.7/src/Core/Migration/V6_5/Migration1691057865UpdateSalutationDefaultForCustomer.php
--- consumed 0 B, total 1.05 GB, took 0.01 s
/home/mt/www/6.7/src/Core/Migration/V6_5/Migration1667208731AddDefaultDeliveryTimeConfigSetting.php
--- consumed 0 B, total 1.05 GB, took 0.02 s
/home/mt/www/6.7/src/Core/Migration/V6_5/Migration1670854818RemoveEventActionTable.php
--- consumed 0 B, total 1.05 GB, took 0.01 s
/home/mt/www/6.7/src/Core/Migration/V6_5/Migration1674204177TaxProvider.php
--- consumed 0 B, total 1.05 GB, took 0.01 s
/home/mt/www/6.7/src/Core/Migration/V6_5/Migration1669298267AddIconCacheDefaultValue.php
--- consumed 0 B, total 1.05 GB, took 0.01 s
/home/mt/www/6.7/src/Core/Migration/V6_5/Migration1706272837UpdateProductExportForeignKey.php
--- consumed 0 B, total 1.05 GB, took 0.01 s
/home/mt/www/6.7/src/Core/Migration/V6_5/Migration1675082889DropUnusedTables.php
--- consumed 0 B, total 1.05 GB, took 0.02 s
/home/mt/www/6.7/src/Core/Migration/V6_5/Migration1698919811AddDeletedAtToCustomEntity.php
--- consumed 0 B, total 1.05 GB, took 0.01 s
/home/mt/www/6.7/src/Core/Migration/V6_5/Migration1674704527UpdateVATPatternForCyprusCountry.php
--- consumed 0 B, total 1.05 GB, took 0.01 s
/home/mt/www/6.7/src/Core/Migration/V6_5/Migration1673946817FixMediaFolderAssociationFields.php
--- consumed 0 B, total 1.05 GB, took 0.02 s
/home/mt/www/6.7/src/Core/Migration/V6_5/Migration1688717599UpdateCreatedByIdAndUpdatedByIdInOrderAndCustomer.php
--- consumed 0 B, total 1.05 GB, took 0.01 s
/home/mt/www/6.7/src/Core/Migration/V6_5/Migration1673426317ImproveStateMachineHistoryQueryPerformance.php
--- consumed 0 B, total 1.05 GB, took 0.01 s
/home/mt/www/6.7/src/Core/Migration/V6_5/Migration1673860323ChangeDefaultProductComparisonIcon.php
--- consumed 0 B, total 1.05 GB, took 0.01 s
/home/mt/www/6.7/src/Core/Migration/V6_5/Migration1671003201RemoveDeprecatedColumns.php
--- consumed 0 B, total 1.05 GB, took 0.02 s
/home/mt/www/6.7/src/Core/Migration/V6_5/Migration1704703562ScheduleMediaPathIndexer.php
--- consumed 0 B, total 1.05 GB, took 0.01 s
/home/mt/www/6.7/src/Core/Migration/V6_5/Migration1708685281ChangeAppPathColumnToLongerVarchar.php
--- consumed 0 B, total 1.05 GB, took 0.01 s
/home/mt/www/6.7/src/Core/Migration/V6_5/Migration1697532722FixADInMediaPath.php
--- consumed 0 B, total 1.05 GB, took 0.01 s
/home/mt/www/6.7/src/Core/Migration/V6_3/Migration1591052278AddPropertyAndOptionIdsToProductProfile.php
--- consumed 0 B, total 1.05 GB, took 0.02 s
/home/mt/www/6.7/src/Core/Migration/V6_3/Migration1563180880AddDefaultThumbnailSizes.php
--- consumed 0 B, total 1.05 GB, took 0.06 s
/home/mt/www/6.7/src/Core/Migration/V6_3/Migration1589359936AddTaxCountryRules.php
--- consumed 0 B, total 1.05 GB, took 0.09 s
/home/mt/www/6.7/src/Core/Migration/V6_3/Migration1536232920PaymentMethod.php
--- consumed 0 B, total 1.05 GB, took 0.01 s
/home/mt/www/6.7/src/Core/Migration/V6_3/Migration1598885384RedirectToLatestSeoUrl.php
--- consumed 0 B, total 1.05 GB, took 0.02 s
/home/mt/www/6.7/src/Core/Migration/V6_3/Migration1590758953ProductFeatureSet.php
--- consumed 0 B, total 1.05 GB, took 0.07 s
/home/mt/www/6.7/src/Core/Migration/V6_3/Migration1536233420PromotionDiscount.php
--- consumed 0 B, total 1.05 GB, took 0.01 s
/home/mt/www/6.7/src/Core/Migration/V6_3/Migration1536232660Tax.php
--- consumed 0 B, total 1.05 GB, took 0.01 s
/home/mt/www/6.7/src/Core/Migration/V6_3/Migration1554900301AddReviewTable.php
--- consumed 0 B, total 1.05 GB, took 0.01 s
/home/mt/www/6.7/src/Core/Migration/V6_3/Migration1575197543MailTemplateCustomFields.php
--- consumed 0 B, total 1.05 GB, took 0.01 s
/home/mt/www/6.7/src/Core/Migration/V6_3/Migration1597830237Template.php
--- consumed 0 B, total 1.05 GB, took 0.01 s
/home/mt/www/6.7/src/Core/Migration/V6_3/Migration1566817701AddDisplayGroup.php
--- consumed 0 B, total 1.05 GB, took 0.01 s
/home/mt/www/6.7/src/Core/Migration/V6_3/Migration1536233430NewsletterRecipient.php
--- consumed 0 B, total 1.05 GB, took 0.01 s
/home/mt/www/6.7/src/Core/Migration/V6_3/Migration1585816139FixMediaMapping.php
--- consumed 0 B, total 1.05 GB, took 0.03 s
/home/mt/www/6.7/src/Core/Migration/V6_3/Migration1536232830MediaDefaultFolder.php
--- consumed 0 B, total 1.05 GB, took 0.01 s
/home/mt/www/6.7/src/Core/Migration/V6_3/Migration1536233400MailTemplateMedia.php
--- consumed 0 B, total 1.05 GB, took 0.01 s
/home/mt/www/6.7/src/Core/Migration/V6_3/Migration1609125144AddLastUpdatedPasswordAtColumnIntoUser.php
--- consumed 0 B, total 1.05 GB, took 0.01 s
/home/mt/www/6.7/src/Core/Migration/V6_3/Migration1595480600RemoveGoogleShoppingSalesChannel.php
--- consumed 0 B, total 1.05 GB, took 0.01 s
/home/mt/www/6.7/src/Core/Migration/V6_3/Migration1568901713PromotionDiscount.php
--- consumed 0 B, total 1.05 GB, took 0.01 s
/home/mt/www/6.7/src/Core/Migration/V6_3/Migration1580746806AddPaymentStates.php
--- consumed 0 B, total 1.05 GB, took 0.11 s
/home/mt/www/6.7/src/Core/Migration/V6_3/Migration1580819350AddTrackingUrl.php
--- consumed 0 B, total 1.05 GB, took 0.01 s
/home/mt/www/6.7/src/Core/Migration/V6_3/Migration1561442979ElasticsearchIndexTask.php
--- consumed 0 B, total 1.05 GB, took 0.00 s
/home/mt/www/6.7/src/Core/Migration/V6_3/Migration1536232610Locale.php
--- consumed 0 B, total 1.05 GB, took 0.01 s
/home/mt/www/6.7/src/Core/Migration/V6_3/Migration1600778848AddOrderMails.php
--- consumed 0 B, total 1.05 GB, took 0.11 s
/home/mt/www/6.7/src/Core/Migration/V6_3/Migration1561377793AddAvailableAsShippingCountry.php
--- consumed 0 B, total 1.05 GB, took 0.01 s
/home/mt/www/6.7/src/Core/Migration/V6_3/Migration1598520424UpdateProductReviewConstraint.php
--- consumed 0 B, total 1.05 GB, took 0.01 s
/home/mt/www/6.7/src/Core/Migration/V6_3/Migration1565705280ProductExport.php
--- consumed 0 B, total 1.05 GB, took 0.02 s
/home/mt/www/6.7/src/Core/Migration/V6_3/Migration1572425108AddDoubleOptInRegistrationMailTemplate.php
--- consumed 0 B, total 1.05 GB, took 0.06 s
/home/mt/www/6.7/src/Core/Migration/V6_3/Migration1566293076AddAutoIncrement.php
--- consumed 0 B, total 1.05 GB, took 0.01 s
/home/mt/www/6.7/src/Core/Migration/V6_3/Migration1591361320ChargebackAndAuthorized.php
--- consumed 0 B, total 1.05 GB, took 0.09 s
/home/mt/www/6.7/src/Core/Migration/V6_3/Migration1536233050OrderTransaction.php
--- consumed 0 B, total 1.05 GB, took 0.01 s
/home/mt/www/6.7/src/Core/Migration/V6_3/Migration1571981437AddSeoColumns.php
--- consumed 0 B, total 1.05 GB, took 0.02 s
/home/mt/www/6.7/src/Core/Migration/V6_3/Migration1574063550AddCurrencyToProductExport.php
--- consumed 0 B, total 1.05 GB, took 0.01 s
/home/mt/www/6.7/src/Core/Migration/V6_3/Migration1573729158AddSitemapConfig.php
--- consumed 0 B, total 1.05 GB, took 0.01 s
/home/mt/www/6.7/src/Core/Migration/V6_3/Migration1578648299ReindexSeoUrls.php
--- consumed 0 B, total 1.05 GB, took 0.01 s
/home/mt/www/6.7/src/Core/Migration/V6_3/Migration1599570560FixSlovakiaDisplayedAsSlovenia.php
--- consumed 0 B, total 1.05 GB, took 0.02 s
/home/mt/www/6.7/src/Core/Migration/V6_3/Migration1570622696CustomerPasswordRecovery.php
--- consumed 0 B, total 1.05 GB, took 0.08 s
/home/mt/www/6.7/src/Core/Migration/V6_3/Migration1536233000OrderCustomer.php
--- consumed 0 B, total 1.05 GB, took 0.01 s
/home/mt/www/6.7/src/Core/Migration/V6_3/Migration1536233160ProductConfigurator.php
--- consumed 0 B, total 1.05 GB, took 0.01 s
/home/mt/www/6.7/src/Core/Migration/V6_3/Migration1578650334AddGoogleAnalyticsTable.php
--- consumed 0 B, total 1.05 GB, took 0.01 s
/home/mt/www/6.7/src/Core/Migration/V6_3/Migration1536232910CmsSlot.php
--- consumed 0 B, total 1.05 GB, took 0.01 s
/home/mt/www/6.7/src/Core/Migration/V6_3/Migration1576488398AddOrderLineItemPosition.php
--- consumed 0 B, total 1.05 GB, took 0.01 s
/home/mt/www/6.7/src/Core/Migration/V6_3/Migration1536232650CustomerGroup.php
--- consumed 0 B, total 1.05 GB, took 0.01 s
/home/mt/www/6.7/src/Core/Migration/V6_3/Migration1565346846Promotion.php
--- consumed 0 B, total 1.05 GB, took 0.01 s
/home/mt/www/6.7/src/Core/Migration/V6_3/Migration1597394241AddAppIdToCustomFieldSet.php
--- consumed 0 B, total 1.05 GB, took 0.01 s
/home/mt/www/6.7/src/Core/Migration/V6_3/Migration1594650256AddMailTemplateSalesChannelPK.php
--- consumed 0 B, total 1.05 GB, took 0.01 s
/home/mt/www/6.7/src/Core/Migration/V6_3/Migration1570629862ClearCategoryBreadcrumbs.php
--- consumed 0 B, total 1.05 GB, took 0.01 s
/home/mt/www/6.7/src/Core/Migration/V6_3/Migration1558938938ChangeGroupSortingColumn.php
--- consumed 0 B, total 1.05 GB, took 0.01 s
/home/mt/www/6.7/src/Core/Migration/V6_3/Migration1562933907ContactForm.php
--- consumed 2 MB, total 1.05 GB, took 0.03 s
/home/mt/www/6.7/src/Core/Migration/V6_3/Migration1589458026SetDefaultReviewConfig.php
--- consumed 0 B, total 1.05 GB, took 0.01 s
/home/mt/www/6.7/src/Core/Migration/V6_3/Migration1603179023AddDefaultSettingConfigValueForProductListingPerPage.php
--- consumed 0 B, total 1.05 GB, took 0.01 s
/home/mt/www/6.7/src/Core/Migration/V6_3/Migration1604056421CustomerWishlistProducts.php
--- consumed 0 B, total 1.05 GB, took 0.01 s
/home/mt/www/6.7/src/Core/Migration/V6_3/Migration1601543829AddBoundSalesChannelIdColumnIntoCustomer.php
--- consumed 0 B, total 1.05 GB, took 0.01 s
/home/mt/www/6.7/src/Core/Migration/V6_3/Migration1536232850Media.php
--- consumed 0 B, total 1.05 GB, took 0.01 s
/home/mt/www/6.7/src/Core/Migration/V6_3/Migration1573569685DoubleOptInGuestMailTemplate.php
--- consumed 0 B, total 1.05 GB, took 0.05 s
/home/mt/www/6.7/src/Core/Migration/V6_3/Migration1585744384ChangeCategoryProfile.php
--- consumed 0 B, total 1.05 GB, took 0.01 s
/home/mt/www/6.7/src/Core/Migration/V6_3/Migration1562841035AddProductChildCount.php
--- consumed 0 B, total 1.05 GB, took 0.01 s
/home/mt/www/6.7/src/Core/Migration/V6_3/Migration1600769357AddTransition.php
--- consumed 0 B, total 1.05 GB, took 0.01 s
/home/mt/www/6.7/src/Core/Migration/V6_3/Migration1602494495SetUsersAsAdmins.php
--- consumed 0 B, total 1.05 GB, took 0.01 s
/home/mt/www/6.7/src/Core/Migration/V6_3/Migration1605103533AddCookiesToAppEntity.php
--- consumed 0 B, total 1.05 GB, took 0.01 s
/home/mt/www/6.7/src/Core/Migration/V6_3/Migration1536233410PromotionSalesChannel.php
--- consumed 0 B, total 1.05 GB, took 0.01 s
/home/mt/www/6.7/src/Core/Migration/V6_3/Migration1580808849AddGermanContactFormTranslation.php
--- consumed 0 B, total 1.05 GB, took 0.27 s
/home/mt/www/6.7/src/Core/Migration/V6_3/Migration1604499476AddDefaultSettingConfigValueForContactForm.php
--- consumed 0 B, total 1.05 GB, took 0.01 s
/home/mt/www/6.7/src/Core/Migration/V6_3/Migration1605530777PrivacyPolicyExtensionsToAppTranslation.php
--- consumed 0 B, total 1.05 GB, took 0.01 s
/home/mt/www/6.7/src/Core/Migration/V6_3/Migration1570459127AddCmsSidebarLayout.php
--- consumed 0 B, total 1.05 GB, took 0.09 s
/home/mt/www/6.7/src/Core/Migration/V6_3/Migration1536232700VersionCommit.php
--- consumed 0 B, total 1.05 GB, took 0.01 s
/home/mt/www/6.7/src/Core/Migration/V6_3/Migration1594886106AddDocumentBaseConfigSalesChannelPK.php
--- consumed 0 B, total 1.05 GB, took 0.01 s
/home/mt/www/6.7/src/Core/Migration/V6_3/Migration1536233320DeadMessage.php
--- consumed 0 B, total 1.05 GB, took 0.01 s
/home/mt/www/6.7/src/Core/Migration/V6_3/Migration1536233550Tag.php
--- consumed 0 B, total 1.05 GB, took 0.01 s
/home/mt/www/6.7/src/Core/Migration/V6_3/Migration1587109484AddAfterOrderPaymentFlag.php
--- consumed 0 B, total 1.05 GB, took 0.01 s
/home/mt/www/6.7/src/Core/Migration/V6_3/Migration1536233090MediaThumbnail.php
--- consumed 0 B, total 1.05 GB, took 0.01 s
/home/mt/www/6.7/src/Core/Migration/V6_3/Migration1562579120ProductAvailableFields.php
--- consumed 0 B, total 1.05 GB, took 0.01 s
/home/mt/www/6.7/src/Core/Migration/V6_3/Migration1536232690Version.php
--- consumed 0 B, total 1.05 GB, took 0.01 s
/home/mt/www/6.7/src/Core/Migration/V6_3/Migration1562324772AddOrderDateToOrder.php
--- consumed 0 B, total 1.05 GB, took 0.01 s
/home/mt/www/6.7/src/Core/Migration/V6_3/Migration1574258787ProductSearchLanguageKey.php
--- consumed 0 B, total 1.05 GB, took 0.01 s
/home/mt/www/6.7/src/Core/Migration/V6_3/Migration1584002637NewImportExport.php
--- consumed 0 B, total 1.05 GB, took 0.10 s
/home/mt/www/6.7/src/Core/Migration/V6_3/Migration1597657689ActionButton.php
--- consumed 0 B, total 1.05 GB, took 0.01 s
/home/mt/www/6.7/src/Core/Migration/V6_3/Migration1596091744UseHomeAsRootCategoryName.php
--- consumed 0 B, total 1.05 GB, took 0.01 s
/home/mt/www/6.7/src/Core/Migration/V6_3/Migration1575883959ResetListingPrices.php
--- consumed 0 B, total 1.05 GB, took 0.01 s
/home/mt/www/6.7/src/Core/Migration/V6_3/Migration1536233060MediaFolderConfiguration.php
--- consumed 0 B, total 1.05 GB, took 0.01 s
/home/mt/www/6.7/src/Core/Migration/V6_3/Migration1536232640Currency.php
--- consumed 0 B, total 1.05 GB, took 0.01 s
/home/mt/www/6.7/src/Core/Migration/V6_3/Migration1580743279UpdateDeliveryMailTemplates.php
--- consumed 0 B, total 1.05 GB, took 0.10 s
/home/mt/www/6.7/src/Core/Migration/V6_3/Migration1536232710Integration.php
--- consumed 0 B, total 1.05 GB, took 0.01 s
/home/mt/www/6.7/src/Core/Migration/V6_3/Migration1536232950Salutation.php
--- consumed 0 B, total 1.05 GB, took 0.01 s
/home/mt/www/6.7/src/Core/Migration/V6_3/Migration1556809270AddAverageRatingToProduct.php
--- consumed 0 B, total 1.05 GB, took 0.00 s
/home/mt/www/6.7/src/Core/Migration/V6_3/Migration1578475268FixSloveneLocale.php
--- consumed 0 B, total 1.05 GB, took 0.02 s
/home/mt/www/6.7/src/Core/Migration/V6_3/Migration1604669773UpdateMailTemplate.php
--- consumed 0 B, total 1.05 GB, took 0.10 s
/home/mt/www/6.7/src/Core/Migration/V6_3/Migration1610965670RemoveDeprecatedColumns.php
--- consumed 0 B, total 1.05 GB, took 0.02 s
/home/mt/www/6.7/src/Core/Migration/V6_3/Migration1536232900CmsBlock.php
--- consumed 0 B, total 1.05 GB, took 0.01 s
/home/mt/www/6.7/src/Core/Migration/V6_3/Migration1536233370EventAction.php
--- consumed 0 B, total 1.05 GB, took 0.01 s
/home/mt/www/6.7/src/Core/Migration/V6_3/Migration1563518181PromotionDiscount.php
--- consumed 0 B, total 1.05 GB, took 0.01 s
/home/mt/www/6.7/src/Core/Migration/V6_3/Migration1571059598ChangeGreatBritainToUnitedKingdom.php
--- consumed 0 B, total 1.05 GB, took 0.01 s
/home/mt/www/6.7/src/Core/Migration/V6_3/Migration1569403146ProductVisibilityUnique.php
--- consumed 0 B, total 1.05 GB, took 0.01 s
/home/mt/www/6.7/src/Core/Migration/V6_3/Migration1536233460NumberRangeTranslationAndConfiguration.php
--- consumed 0 B, total 1.05 GB, took 0.00 s
/home/mt/www/6.7/src/Core/Migration/V6_3/Migration1595321666v3.php
--- consumed 0 B, total 1.05 GB, took 0.01 s
/home/mt/www/6.7/src/Core/Migration/V6_3/Migration1580202210DefaultRule.php
--- consumed 0 B, total 1.05 GB, took 0.01 s
/home/mt/www/6.7/src/Core/Migration/V6_3/Migration1591259559AddMissingCurrency.php
--- consumed 0 B, total 1.05 GB, took 0.05 s
/home/mt/www/6.7/src/Core/Migration/V6_3/Migration1536233440PromotionPersonaCustomer.php
--- consumed 0 B, total 1.05 GB, took 0.01 s
/home/mt/www/6.7/src/Core/Migration/V6_3/Migration1536232960Customer.php
--- consumed 0 B, total 1.05 GB, took 0.01 s
/home/mt/www/6.7/src/Core/Migration/V6_3/Migration1602153572AddSalesChannelIdColumnIntoSalesChannelApiContextTable.php
--- consumed 0 B, total 1.05 GB, took 0.01 s
/home/mt/www/6.7/src/Core/Migration/V6_3/Migration1602745374AddVatIdsColumnAndTransferVatIdFromCustomerAddressIntoCustomer.php
--- consumed 0 B, total 1.05 GB, took 0.02 s
/home/mt/www/6.7/src/Core/Migration/V6_3/Migration1607581275AddProductSearchConfiguration.php
--- consumed 0 B, total 1.05 GB, took 0.05 s
/home/mt/www/6.7/src/Core/Migration/V6_3/Migration1587461582AddOpenToPaidTransition.php
--- consumed 0 B, total 1.05 GB, took 0.03 s
/home/mt/www/6.7/src/Core/Migration/V6_3/Migration1536232970CustomerAddress.php
--- consumed 0 B, total 1.05 GB, took 0.01 s
/home/mt/www/6.7/src/Core/Migration/V6_3/Migration1563288227MarkAsNewConfig.php
--- consumed 0 B, total 1.05 GB, took 0.01 s
/home/mt/www/6.7/src/Core/Migration/V6_3/Migration1536233340NumberRange.php
--- consumed 0 B, total 1.05 GB, took 0.01 s
/home/mt/www/6.7/src/Core/Migration/V6_3/Migration1565270155PromotionSetGroup.php
--- consumed 0 B, total 1.05 GB, took 0.01 s
/home/mt/www/6.7/src/Core/Migration/V6_3/Migration1604568928AddConfigurableToApp.php
--- consumed 0 B, total 1.05 GB, took 0.01 s
/home/mt/www/6.7/src/Core/Migration/V6_3/Migration1589447332AddFilterableToPropertyGroup.php
--- consumed 0 B, total 1.05 GB, took 0.01 s
/home/mt/www/6.7/src/Core/Migration/V6_3/Migration1575274700FixSalesChannelMailHeaderFooterConstraint.php
--- consumed 0 B, total 1.05 GB, took 0.01 s
/home/mt/www/6.7/src/Core/Migration/V6_3/Migration1589178550AddTaxCalculationType.php
--- consumed 0 B, total 1.05 GB, took 0.01 s
/home/mt/www/6.7/src/Core/Migration/V6_3/Migration1536232620SalesChannelType.php
--- consumed 0 B, total 1.05 GB, took 0.01 s
/home/mt/www/6.7/src/Core/Migration/V6_3/Migration1563949275AddCompanyToOrderCustomer.php
--- consumed 0 B, total 1.05 GB, took 0.01 s
/home/mt/www/6.7/src/Core/Migration/V6_3/Migration1536233230ProductStream.php
--- consumed 0 B, total 1.05 GB, took 0.01 s
/home/mt/www/6.7/src/Core/Migration/V6_3/Migration1536232930Navigation.php
--- consumed 0 B, total 1.05 GB, took 0.01 s
/home/mt/www/6.7/src/Core/Migration/V6_3/Migration1575451283AddLimitToCrossSelling.php
--- consumed 0 B, total 1.05 GB, took 0.01 s
/home/mt/www/6.7/src/Core/Migration/V6_3/Migration1607581276AddProductSearchConfigurationDefaults.php
--- consumed 2 MB, total 1.05 GB, took 0.09 s
/home/mt/www/6.7/src/Core/Migration/V6_3/Migration1600330846ChangeActiveColumn.php
--- consumed 0 B, total 1.05 GB, took 0.01 s
/home/mt/www/6.7/src/Core/Migration/V6_3/Migration1594886895CustomerRecoveryPK.php
--- consumed 0 B, total 1.05 GB, took 0.01 s
/home/mt/www/6.7/src/Core/Migration/V6_3/Migration1570187167AddedAppConfig.php
--- consumed 0 B, total 1.05 GB, took 0.01 s
/home/mt/www/6.7/src/Core/Migration/V6_3/Migration1600253602AddOrderRuleIds.php
--- consumed 0 B, total 1.05 GB, took 0.01 s
/home/mt/www/6.7/src/Core/Migration/V6_3/Migration1562684474AddDeliveryTime.php
--- consumed 0 B, total 1.05 GB, took 0.01 s
/home/mt/www/6.7/src/Core/Migration/V6_3/Migration1597391970App.php
--- consumed 0 B, total 1.05 GB, took 0.01 s
/home/mt/www/6.7/src/Core/Migration/V6_3/Migration1575626180RemoveSearchKeywordInheritance.php
--- consumed 0 B, total 1.05 GB, took 0.01 s
/home/mt/www/6.7/src/Core/Migration/V6_3/Migration1575034234FixOrderDeliveryAddressConstraint.php
--- consumed 0 B, total 1.05 GB, took 0.01 s
/home/mt/www/6.7/src/Core/Migration/V6_3/Migration1536232770VersionCommitData.php
--- consumed 0 B, total 1.05 GB, took 0.01 s
/home/mt/www/6.7/src/Core/Migration/V6_3/Migration1586158920AddImportExportProfileConfig.php
--- consumed 0 B, total 1.05 GB, took 0.01 s
/home/mt/www/6.7/src/Core/Migration/V6_3/Migration1562228335SetConfigDefaults.php
--- consumed 0 B, total 1.05 GB, took 0.01 s
/home/mt/www/6.7/src/Core/Migration/V6_3/Migration1585126355AddOrderCommentField.php
--- consumed 0 B, total 1.05 GB, took 0.01 s
/home/mt/www/6.7/src/Core/Migration/V6_3/Migration1584953715UpdateMailTemplatesAfterOrderLink.php
--- consumed 0 B, total 1.05 GB, took 0.19 s
/home/mt/www/6.7/src/Core/Migration/V6_3/Migration1536233030OrderLineItem.php
--- consumed 0 B, total 1.05 GB, took 0.01 s
/home/mt/www/6.7/src/Core/Migration/V6_3/Migration1585490020ActivateHoneypotCaptcha.php
--- consumed 0 B, total 1.05 GB, took 0.01 s
/home/mt/www/6.7/src/Core/Migration/V6_3/Migration1589379060AddVariantCharacteristicsToEmailTemplates.php
--- consumed 0 B, total 1.05 GB, took 0.04 s
/home/mt/www/6.7/src/Core/Migration/V6_3/Migration1614240671AddVatIdsToOrderCustomer.php
--- consumed 0 B, total 1.05 GB, took 0.01 s
/home/mt/www/6.7/src/Core/Migration/V6_3/Migration1536233450PromotionPersonaRules.php
--- consumed 0 B, total 1.05 GB, took 0.01 s
/home/mt/www/6.7/src/Core/Migration/V6_3/Migration1536232990Order.php
--- consumed 0 B, total 1.05 GB, took 0.01 s
/home/mt/www/6.7/src/Core/Migration/V6_3/Migration1599806595AddEventActionSalesChannel.php
--- consumed 0 B, total 1.05 GB, took 0.01 s
/home/mt/www/6.7/src/Core/Migration/V6_3/Migration1536232790MailHeaderFooter.php
--- consumed 0 B, total 1.05 GB, took 0.01 s
/home/mt/www/6.7/src/Core/Migration/V6_3/Migration1570684913ScheduleIndexer.php
--- consumed 0 B, total 1.05 GB, took 0.03 s
/home/mt/www/6.7/src/Core/Migration/V6_3/Migration1602822727AddVatHandlingIntoCountryTable.php
--- consumed 0 B, total 1.05 GB, took 0.03 s
/home/mt/www/6.7/src/Core/Migration/V6_3/Migration1536232720Country.php
--- consumed 0 B, total 1.05 GB, took 0.01 s
/home/mt/www/6.7/src/Core/Migration/V6_3/Migration1536233300CustomField.php
--- consumed 0 B, total 1.05 GB, took 0.01 s
/home/mt/www/6.7/src/Core/Migration/V6_3/Migration1562306893MakeCustomerFirstLoginDateTime.php
--- consumed 0 B, total 1.05 GB, took 0.01 s
/home/mt/www/6.7/src/Core/Migration/V6_3/Migration1558105657CurrencyPrices.php
--- consumed 0 B, total 1.05 GB, took 0.01 s
/home/mt/www/6.7/src/Core/Migration/V6_3/Migration1590566018RenameDefaultMediaFolders.php
--- consumed 0 B, total 1.05 GB, took 0.01 s
/home/mt/www/6.7/src/Core/Migration/V6_3/Migration1536233280CustomFieldSet.php
--- consumed 0 B, total 1.05 GB, took 0.01 s
/home/mt/www/6.7/src/Core/Migration/V6_3/Migration1589357321AddCountries.php
--- consumed 2 MB, total 1.06 GB, took 0.11 s
/home/mt/www/6.7/src/Core/Migration/V6_3/Migration1558505525Logging.php
--- consumed 0 B, total 1.06 GB, took 0.01 s
/home/mt/www/6.7/src/Core/Migration/V6_3/Migration1591253089OrderDeeplinkForMailTemplates.php
--- consumed 0 B, total 1.06 GB, took 0.11 s
/home/mt/www/6.7/src/Core/Migration/V6_3/Migration1601539530IntergrationRoleEntity.php
--- consumed 0 B, total 1.06 GB, took 0.01 s
/home/mt/www/6.7/src/Core/Migration/V6_3/Migration1578485775UseStableUpdateChannel.php
--- consumed 0 B, total 1.06 GB, took 0.01 s
/home/mt/www/6.7/src/Core/Migration/V6_3/Migration1574695657ProductCrossSelling.php
--- consumed 0 B, total 1.06 GB, took 0.01 s
/home/mt/www/6.7/src/Core/Migration/V6_3/Migration1536232760StateMachine.php
--- consumed 0 B, total 1.06 GB, took 0.03 s
/home/mt/www/6.7/src/Core/Migration/V6_3/Migration1590579986DropMailHeaderFooterConstraint.php
--- consumed 0 B, total 1.06 GB, took 0.01 s
/home/mt/www/6.7/src/Core/Migration/V6_3/Migration1595422169AddProductSorting.php
--- consumed 0 B, total 1.06 GB, took 0.09 s
/home/mt/www/6.7/src/Core/Migration/V6_3/Migration1587039363AddImportExportLabelField.php
--- consumed 0 B, total 1.06 GB, took 0.02 s
/home/mt/www/6.7/src/Core/Migration/V6_3/Migration1567431050ContactFormTemplate.php
--- consumed 0 B, total 1.06 GB, took 0.03 s
/home/mt/www/6.7/src/Core/Migration/V6_3/Migration1559050088Promotion.php
--- consumed 0 B, total 1.06 GB, took 0.01 s
/home/mt/www/6.7/src/Core/Migration/V6_3/Migration1536233190ProductPriceRule.php
--- consumed 0 B, total 1.06 GB, took 0.01 s
/home/mt/www/6.7/src/Core/Migration/V6_3/Migration1594886773LogEntryPK.php
--- consumed 0 B, total 1.06 GB, took 0.01 s
/home/mt/www/6.7/src/Core/Migration/V6_3/Migration1554199340AddImportExportProfile.php
--- consumed 0 B, total 1.06 GB, took 0.35 s
/home/mt/www/6.7/src/Core/Migration/V6_3/Migration1599463278AddCustomerIdIntoSalesChannelContext.php
--- consumed 0 B, total 1.06 GB, took 0.01 s
/home/mt/www/6.7/src/Core/Migration/V6_3/Migration1563805586AddLanguageToOrder.php
--- consumed 0 B, total 1.06 GB, took 0.01 s
/home/mt/www/6.7/src/Core/Migration/V6_3/Migration1588153272UpdateGermanMailTemplates.php
--- consumed 0 B, total 1.06 GB, took 0.14 s
/home/mt/www/6.7/src/Core/Migration/V6_3/Migration1595492053SeoUrlTemplate.php
--- consumed 0 B, total 1.06 GB, took 0.01 s
/home/mt/www/6.7/src/Core/Migration/V6_3/Migration1536233100PropertyGroupOption.php
--- consumed 0 B, total 1.06 GB, took 0.01 s
/home/mt/www/6.7/src/Core/Migration/V6_3/Migration1554203706AddImportExportLog.php
--- consumed 0 B, total 1.06 GB, took 0.01 s
/home/mt/www/6.7/src/Core/Migration/V6_3/Migration1559306391PromotionIndividualCode.php
--- consumed 0 B, total 1.06 GB, took 0.01 s
/home/mt/www/6.7/src/Core/Migration/V6_3/Migration1607514878AddOrderDeliveryRetourTransition.php
--- consumed 0 B, total 1.06 GB, took 0.02 s
/home/mt/www/6.7/src/Core/Migration/V6_3/Migration1580827023ProductCrossSellingAssignedProductsDefinition.php
--- consumed 0 B, total 1.06 GB, took 0.01 s
/home/mt/www/6.7/src/Core/Migration/V6_3/Migration1573049297AddReopenTransitionToDeliveryStates.php
--- consumed 0 B, total 1.06 GB, took 0.01 s
/home/mt/www/6.7/src/Core/Migration/V6_3/Migration1586173614AddAdditionalImportExportProfiles.php
--- consumed 0 B, total 1.06 GB, took 0.03 s
/home/mt/www/6.7/src/Core/Migration/V6_3/Migration1574520220AddSalesChannelMaintenance.php
--- consumed 0 B, total 1.06 GB, took 0.01 s
/home/mt/www/6.7/src/Core/Migration/V6_3/Migration1571724915MultipleTrackingCodesInOrderDelivery.php
--- consumed 0 B, total 1.06 GB, took 0.01 s
/home/mt/www/6.7/src/Core/Migration/V6_3/Migration1606310257AddCanonicalUrlProp.php
--- consumed 0 B, total 1.06 GB, took 0.01 s
/home/mt/www/6.7/src/Core/Migration/V6_3/Migration1536232740SnippetSet.php
--- consumed 0 B, total 1.06 GB, took 0.01 s
/home/mt/www/6.7/src/Core/Migration/V6_3/Migration1536232860ShippingMethod.php
--- consumed 0 B, total 1.06 GB, took 0.01 s
/home/mt/www/6.7/src/Core/Migration/V6_3/Migration1583844433AddRefreshTokenTable.php
--- consumed 0 B, total 1.06 GB, took 0.01 s
/home/mt/www/6.7/src/Core/Migration/V6_3/Migration1582011195FixCountryStateGermanTranslation.php
--- consumed 0 B, total 1.06 GB, took 0.03 s
/home/mt/www/6.7/src/Core/Migration/V6_3/Migration1574082635AddOrderLineItemProductId.php
--- consumed 0 B, total 1.06 GB, took 0.01 s
/home/mt/www/6.7/src/Core/Migration/V6_3/Migration1575293069OrderMailTemplates.php
--- consumed 0 B, total 1.06 GB, took 0.04 s
/home/mt/www/6.7/src/Core/Migration/V6_3/Migration1536233210SalesChannelDomain.php
--- consumed 0 B, total 1.06 GB, took 0.01 s
/home/mt/www/6.7/src/Core/Migration/V6_3/Migration1574258789ProductReviewLanguageKey.php
--- consumed 0 B, total 1.06 GB, took 0.01 s
/home/mt/www/6.7/src/Core/Migration/V6_3/Migration1596441551CustomerGroupRegistration.php
--- consumed 0 B, total 1.06 GB, took 0.08 s
/home/mt/www/6.7/src/Core/Migration/V6_3/Migration1552360944MediaFolderConfigurationNoAssoc.php
--- consumed 0 B, total 1.06 GB, took 0.01 s
/home/mt/www/6.7/src/Core/Migration/V6_3/Migration1536233350ProductVisibility.php
--- consumed 0 B, total 1.06 GB, took 0.01 s
/home/mt/www/6.7/src/Core/Migration/V6_3/Migration1588144801TriggerIndexer.php
--- consumed 0 B, total 1.06 GB, took 0.01 s
/home/mt/www/6.7/src/Core/Migration/V6_3/Migration1572273565AddUniqueConstraintToTechnicalNameOfDocumentType.php
--- consumed 0 B, total 1.06 GB, took 0.01 s
/home/mt/www/6.7/src/Core/Migration/V6_3/Migration1586260286AddProductMainVariant.php
--- consumed 0 B, total 1.06 GB, took 0.01 s
/home/mt/www/6.7/src/Core/Migration/V6_3/Migration1536233040OrderDeliveryPosition.php
--- consumed 0 B, total 1.06 GB, took 0.01 s
/home/mt/www/6.7/src/Core/Migration/V6_3/Migration1580218617RefactorShippingMethodPrice.php
--- consumed 0 B, total 1.06 GB, took 0.04 s
/home/mt/www/6.7/src/Core/Migration/V6_3/Migration1536233200RuleCondition.php
--- consumed 0 B, total 1.06 GB, took 0.01 s
/home/mt/www/6.7/src/Core/Migration/V6_3/Migration1574672450RemoteAddressIntoCustomerAndOrderCustomerTable.php
--- consumed 0 B, total 1.06 GB, took 0.01 s
/home/mt/www/6.7/src/Core/Migration/V6_3/Migration1585056571AddLanguageToMailTemplateMedia.php
--- consumed 0 B, total 1.06 GB, took 0.01 s
/home/mt/www/6.7/src/Core/Migration/V6_3/Migration1536233530SalesChannelCategoryId.php
--- consumed 0 B, total 1.06 GB, took 0.02 s
/home/mt/www/6.7/src/Core/Migration/V6_3/Migration1600676671OrderLineItemCoverMedia.php
--- consumed 0 B, total 1.06 GB, took 0.01 s
/home/mt/www/6.7/src/Core/Migration/V6_3/Migration1590566405InvalidateSessionOnLogOut.php
--- consumed 0 B, total 1.06 GB, took 0.01 s
/home/mt/www/6.7/src/Core/Migration/V6_3/Migration1602494493AddDefaultSettingConfigValueForWishlist.php
--- consumed 0 B, total 1.06 GB, took 0.01 s
/home/mt/www/6.7/src/Core/Migration/V6_3/Migration1591167126RoleDescription.php
--- consumed 0 B, total 1.06 GB, took 0.01 s
/home/mt/www/6.7/src/Core/Migration/V6_3/Migration1536233180ProductCategory.php
--- consumed 0 B, total 1.06 GB, took 0.01 s
/home/mt/www/6.7/src/Core/Migration/V6_3/Migration1608624028RemoveDefaultSalesChannelAssignmentForCustomerRecoveryEvent.php
--- consumed 0 B, total 1.06 GB, took 0.01 s
/home/mt/www/6.7/src/Core/Migration/V6_3/Migration1578470886FixPurchaseSteps.php
--- consumed 0 B, total 1.06 GB, took 0.01 s
/home/mt/www/6.7/src/Core/Migration/V6_3/Migration1564475053RemoveSaveDocumentsConfig.php
--- consumed 0 B, total 1.06 GB, took 0.01 s
/home/mt/www/6.7/src/Core/Migration/V6_3/Migration1536232630PropertyGroup.php
--- consumed 0 B, total 1.06 GB, took 0.01 s
/home/mt/www/6.7/src/Core/Migration/V6_3/Migration1575021466AddCurrencies.php
--- consumed 0 B, total 1.06 GB, took 0.07 s
/home/mt/www/6.7/src/Core/Migration/V6_3/Migration1536232750Snippet.php
--- consumed 0 B, total 1.06 GB, took 0.01 s
/home/mt/www/6.7/src/Core/Migration/V6_3/Migration1600156989AddProductSalesField.php
--- consumed 0 B, total 1.06 GB, took 0.01 s
/home/mt/www/6.7/src/Core/Migration/V6_3/Migration1565007156RemoveAutoIncrement.php
--- consumed 0 B, total 1.06 GB, took 0.01 s
/home/mt/www/6.7/src/Core/Migration/V6_3/Migration1595160327AddPositionToCustomFieldSet.php
--- consumed 0 B, total 1.06 GB, took 0.01 s
/home/mt/www/6.7/src/Core/Migration/V6_3/Migration1536233150ProductOption.php
--- consumed 0 B, total 1.06 GB, took 0.01 s
/home/mt/www/6.7/src/Core/Migration/V6_3/Migration1604056363CustomerWishlist.php
--- consumed 0 B, total 1.06 GB, took 0.01 s
/home/mt/www/6.7/src/Core/Migration/V6_3/Migration1536232670Unit.php
--- consumed 0 B, total 1.06 GB, took 0.01 s
/home/mt/www/6.7/src/Core/Migration/V6_3/Migration1536233510DocumentConfiguration.php
--- consumed 0 B, total 1.06 GB, took 0.01 s
/home/mt/www/6.7/src/Core/Migration/V6_3/Migration1565079228AddAclStructure.php
--- consumed 0 B, total 1.06 GB, took 0.01 s
/home/mt/www/6.7/src/Core/Migration/V6_3/Migration1578491480Hreflang.php
--- consumed 0 B, total 1.06 GB, took 0.01 s
/home/mt/www/6.7/src/Core/Migration/V6_3/Migration1536233480SalesChannelApiContext.php
--- consumed 0 B, total 1.06 GB, took 0.01 s
/home/mt/www/6.7/src/Core/Migration/V6_3/Migration1558082916AddBreadcrumb.php
--- consumed 0 B, total 1.06 GB, took 0.01 s
/home/mt/www/6.7/src/Core/Migration/V6_3/Migration1607415095PromotionRedemptionsNullable.php
--- consumed 0 B, total 1.06 GB, took 0.01 s
/home/mt/www/6.7/src/Core/Migration/V6_3/Migration1559134989Promotion.php
--- consumed 0 B, total 1.06 GB, took 0.01 s
/home/mt/www/6.7/src/Core/Migration/V6_3/Migration1583416186KeywordUniques.php
--- consumed 0 B, total 1.06 GB, took 0.01 s
/home/mt/www/6.7/src/Core/Migration/V6_3/Migration1536233290CustomFieldSetRelation.php
--- consumed 0 B, total 1.06 GB, took 0.01 s
/home/mt/www/6.7/src/Core/Migration/V6_3/Migration1600349343AddDeliveryStateTransitions.php
--- consumed 0 B, total 1.06 GB, took 0.04 s
/home/mt/www/6.7/src/Core/Migration/V6_3/Migration1536232800DeliveryTime.php
--- consumed 0 B, total 1.06 GB, took 0.01 s
/home/mt/www/6.7/src/Core/Migration/V6_3/Migration1583756864FixDeliveryForeignKey.php
--- consumed 0 B, total 1.06 GB, took 0.01 s
/home/mt/www/6.7/src/Core/Migration/V6_3/Migration1536233500PromotionDiscountRule.php
--- consumed 0 B, total 1.06 GB, took 0.01 s
/home/mt/www/6.7/src/Core/Migration/V6_3/Migration1536233560BasicData.php
--- consumed 16 MB, total 1.07 GB, took 1.64 s
/home/mt/www/6.7/src/Core/Migration/V6_3/Migration1536232840MediaFolder.php
--- consumed 0 B, total 1.07 GB, took 0.01 s
/home/mt/www/6.7/src/Core/Migration/V6_3/Migration1571210820AddPaymentMethodIdsToSalesChannel.php
--- consumed 0 B, total 1.07 GB, took 0.01 s
/home/mt/www/6.7/src/Core/Migration/V6_3/Migration1536233080MediaFolderConfigurationMediaThumbnailSize.php
--- consumed 0 B, total 1.07 GB, took 0.01 s
/home/mt/www/6.7/src/Core/Migration/V6_3/Migration1536232890CmsPage.php
--- consumed 0 B, total 1.07 GB, took 0.01 s
/home/mt/www/6.7/src/Core/Migration/V6_3/Migration1599720163AddEventActiveColumn.php
--- consumed 0 B, total 1.07 GB, took 0.01 s
/home/mt/www/6.7/src/Core/Migration/V6_3/Migration1605861407RuleAssociationsToRestrict.php
--- consumed 0 B, total 1.07 GB, took 0.01 s
/home/mt/www/6.7/src/Core/Migration/V6_3/Migration1597762808Webhook.php
--- consumed 0 B, total 1.07 GB, took 0.01 s
/home/mt/www/6.7/src/Core/Migration/V6_3/Migration1562240231UserPasswordRecovery.php
--- consumed 0 B, total 1.07 GB, took 0.06 s
/home/mt/www/6.7/src/Core/Migration/V6_3/Migration1611155140AddUpdatedAtToSalesChannelApiContext.php
--- consumed 0 B, total 1.07 GB, took 0.01 s
/home/mt/www/6.7/src/Core/Migration/V6_3/Migration1594887027AppConfigPK.php
--- consumed 0 B, total 1.07 GB, took 0.01 s
/home/mt/www/6.7/src/Core/Migration/V6_3/Migration1572193798TaxRule.php
--- consumed 0 B, total 1.07 GB, took 0.04 s
/home/mt/www/6.7/src/Core/Migration/V6_3/Migration1599134496FixImportExportProfilesForGermanLanguage.php
--- consumed 0 B, total 1.07 GB, took 0.02 s
/home/mt/www/6.7/src/Core/Migration/V6_3/Migration1536233240ProductStreamFilter.php
--- consumed 0 B, total 1.07 GB, took 0.01 s
/home/mt/www/6.7/src/Core/Migration/V6_3/Migration1536233130ProductMedia.php
--- consumed 0 B, total 1.07 GB, took 0.01 s
/home/mt/www/6.7/src/Core/Migration/V6_3/Migration1565270366PromotionSetGroupRule.php
--- consumed 0 B, total 1.07 GB, took 0.01 s
/home/mt/www/6.7/src/Core/Migration/V6_3/Migration1610974673DropProductListingPriceTrigger.php
--- consumed 0 B, total 1.07 GB, took 0.01 s
/home/mt/www/6.7/src/Core/Migration/V6_3/Migration1574925962FixTaxConstraint.php
--- consumed 0 B, total 1.07 GB, took 0.01 s
/home/mt/www/6.7/src/Core/Migration/V6_3/Migration1536232730CountryState.php
--- consumed 0 B, total 1.07 GB, took 0.01 s
/home/mt/www/6.7/src/Core/Migration/V6_3/Migration1595489705PreventOldListingPrices.php
--- consumed 0 B, total 1.07 GB, took 0.01 s
/home/mt/www/6.7/src/Core/Migration/V6_3/Migration1561712450NewSystemConfigsAndDefaultValues.php
--- consumed 0 B, total 1.07 GB, took 0.02 s
/home/mt/www/6.7/src/Core/Migration/V6_3/Migration1586334003AddParentIdToProductProfile.php
--- consumed 0 B, total 1.07 GB, took 0.01 s
/home/mt/www/6.7/src/Core/Migration/V6_3/Migration1558443337PromotionSalesChannel.php
--- consumed 0 B, total 1.07 GB, took 0.01 s
/home/mt/www/6.7/src/Core/Migration/V6_3/Migration1536233070MediaThumbnailSize.php
--- consumed 0 B, total 1.07 GB, took 0.01 s
/home/mt/www/6.7/src/Core/Migration/V6_3/Migration1607500561UpdateSignUpMailTemplateTranslation.php
--- consumed 0 B, total 1.07 GB, took 0.10 s
/home/mt/www/6.7/src/Core/Migration/V6_3/Migration1536233330MailTemplate.php
--- consumed 0 B, total 1.07 GB, took 0.01 s
/home/mt/www/6.7/src/Core/Migration/V6_3/Migration1536233020OrderDelivery.php
--- consumed 0 B, total 1.07 GB, took 0.01 s
/home/mt/www/6.7/src/Core/Migration/V6_3/Migration1568120302CmsBlockUpdate.php
--- consumed 0 B, total 1.07 GB, took 0.02 s
/home/mt/www/6.7/src/Core/Migration/V6_3/Migration1536233380UserRecovery.php
--- consumed 0 B, total 1.07 GB, took 0.01 s
/home/mt/www/6.7/src/Core/Migration/V6_3/Migration1595919251MainCategory.php
--- consumed 0 B, total 1.07 GB, took 0.01 s
/home/mt/www/6.7/src/Core/Migration/V6_3/Migration1605609477RemoveDeleteCascadeConstraintInDocumentBaseConfigTable.php
--- consumed 0 B, total 1.07 GB, took 0.01 s
/home/mt/www/6.7/src/Core/Migration/V6_3/Migration1536233110ProductManufacturer.php
--- consumed 0 B, total 1.07 GB, took 0.01 s
/home/mt/www/6.7/src/Core/Migration/V6_3/Migration1592466717AddKeywordIndex.php
--- consumed 0 B, total 1.07 GB, took 0.01 s
/home/mt/www/6.7/src/Core/Migration/V6_3/Migration1536232680Rule.php
--- consumed 0 B, total 1.07 GB, took 0.01 s
/home/mt/www/6.7/src/Core/Migration/V6_3/Migration1536233250MessageQueueStats.php
--- consumed 0 B, total 1.07 GB, took 0.01 s
/home/mt/www/6.7/src/Core/Migration/V6_3/Migration1583142266FixDefaultOrderConfirmationMailTemplateVATDisplay.php
--- consumed 0 B, total 1.07 GB, took 0.04 s
/home/mt/www/6.7/src/Core/Migration/V6_3/Migration1536232820UserAccessKey.php
--- consumed 0 B, total 1.07 GB, took 0.01 s
/home/mt/www/6.7/src/Core/Migration/V6_3/Migration1536232870ShippingMethodPrice.php
--- consumed 0 B, total 1.07 GB, took 0.01 s
/home/mt/www/6.7/src/Core/Migration/V6_3/Migration1575039284FixProductReviewConstraint.php
--- consumed 0 B, total 1.07 GB, took 0.01 s
/home/mt/www/6.7/src/Core/Migration/V6_3/Migration1578044453AddedNavigationDepth.php
--- consumed 0 B, total 1.07 GB, took 0.01 s
/home/mt/www/6.7/src/Core/Migration/V6_3/Migration1603970276RemoveCustomerEmailUniqueConstraint.php
--- consumed 0 B, total 1.07 GB, took 0.01 s
/home/mt/www/6.7/src/Core/Migration/V6_3/Migration1595553089FixOrderConfirmationMailForAllPayloads.php
--- consumed 0 B, total 1.07 GB, took 0.06 s
/home/mt/www/6.7/src/Core/Migration/V6_3/Migration1588143272UpdateOrderStateChangeMailTemplates.php
--- consumed 0 B, total 1.07 GB, took 0.15 s
/home/mt/www/6.7/src/Core/Migration/V6_3/Migration1593698606AddNetAndGrossPurchasePrices.php
--- consumed 2 MB, total 1.07 GB, took 0.04 s
/home/mt/www/6.7/src/Core/Migration/V6_3/Migration1600072779AddSearchKeywordsToProductTranslation.php
--- consumed 0 B, total 1.07 GB, took 0.01 s
/home/mt/www/6.7/src/Core/Migration/V6_3/Migration1604475913AddCMSPageIdToProductTable.php
--- consumed 0 B, total 1.07 GB, took 0.01 s
/home/mt/www/6.7/src/Core/Migration/V6_3/Migration1595578253CustomFieldSetSelection.php
--- consumed 0 B, total 1.07 GB, took 0.01 s
/home/mt/www/6.7/src/Core/Migration/V6_3/Migration1570621541UpdateDefaultMailTemplates.php
--- consumed 0 B, total 1.07 GB, took 0.10 s
/home/mt/www/6.7/src/Core/Migration/V6_3/Migration1572957455AddAffiliateTrackingColumns.php
--- consumed 0 B, total 1.07 GB, took 0.01 s
/home/mt/www/6.7/src/Core/Migration/V6_3/Migration1568120239CmsSection.php
--- consumed 0 B, total 1.07 GB, took 0.01 s
/home/mt/www/6.7/src/Core/Migration/V6_3/Migration1536233360Document.php
--- consumed 0 B, total 1.07 GB, took 0.01 s
/home/mt/www/6.7/src/Core/Migration/V6_3/Migration1578590702AddedPropertyGroupPosition.php
--- consumed 0 B, total 1.07 GB, took 0.01 s
/home/mt/www/6.7/src/Core/Migration/V6_3/Migration1609857999FixStateMachineHistoryUserConstraint.php
--- consumed 0 B, total 1.07 GB, took 0.01 s
/home/mt/www/6.7/src/Core/Migration/V6_3/Migration1592978289ProductCustomFieldSets.php
--- consumed 0 B, total 1.07 GB, took 0.02 s
/home/mt/www/6.7/src/Core/Migration/V6_3/Migration1536232600Language.php
--- consumed 0 B, total 1.07 GB, took 0.01 s
/home/mt/www/6.7/src/Core/Migration/V6_3/Migration1587111506AddPausedScheduleToProductExport.php
--- consumed 0 B, total 1.07 GB, took 0.01 s
/home/mt/www/6.7/src/Core/Migration/V6_3/Migration1574258788TaxRuleLanguageKey.php
--- consumed 0 B, total 1.07 GB, took 0.01 s
/home/mt/www/6.7/src/Core/Migration/V6_3/Migration1572264837AddCacheId.php
--- consumed 0 B, total 1.07 GB, took 0.01 s
/home/mt/www/6.7/src/Core/Migration/V6_3/Migration1536233520PromotionCartRule.php
--- consumed 0 B, total 1.07 GB, took 0.01 s
/home/mt/www/6.7/src/Core/Migration/V6_3/Migration1558594334PromotionDiscountPrice.php
--- consumed 0 B, total 1.07 GB, took 0.01 s
/home/mt/www/6.7/src/Core/Migration/V6_3/Migration1602062376AddUniqueConstraintForEmailAndBoundSalesChannelIdIntoCustomerTable.php
--- consumed 0 B, total 1.07 GB, took 0.01 s
/home/mt/www/6.7/src/Core/Migration/V6_3/Migration1536233120Product.php
--- consumed 0 B, total 1.07 GB, took 0.01 s
/home/mt/www/6.7/src/Core/Migration/V6_3/Migration1561370284AddImportExportProductProfile.php
--- consumed 0 B, total 1.07 GB, took 0.01 s
/home/mt/www/6.7/src/Core/Migration/V6_3/Migration1601451838ChangeSearchKeywordColumnToProductTranslation.php
--- consumed 0 B, total 1.07 GB, took 0.01 s
/home/mt/www/6.7/src/Core/Migration/V6_3/Migration1578042218DefaultPages.php
--- consumed 0 B, total 1.07 GB, took 0.07 s
/home/mt/www/6.7/src/Core/Migration/V6_3/Migration1536232980Cart.php
--- consumed 0 B, total 1.07 GB, took 0.01 s
/home/mt/www/6.7/src/Core/Migration/V6_3/Migration1536232880Category.php
--- consumed 0 B, total 1.07 GB, took 0.01 s
/home/mt/www/6.7/src/Core/Migration/V6_3/Migration1597930227CustomerGroupRegistrationSalesChannel.php
--- consumed 0 B, total 1.07 GB, took 0.01 s
/home/mt/www/6.7/src/Core/Migration/V6_3/Migration1554200141ImportExportFile.php
--- consumed 0 B, total 1.07 GB, took 0.01 s
/home/mt/www/6.7/src/Core/Migration/V6_3/Migration1571990395UpdateDefaultStatusMailTemplates.php
--- consumed 0 B, total 1.07 GB, took 0.12 s
/home/mt/www/6.7/src/Core/Migration/V6_3/Migration1559050903PromotionExclusion.php
--- consumed 0 B, total 1.07 GB, took 0.01 s
/home/mt/www/6.7/src/Core/Migration/V6_3/Migration1591272594AddGoogleAnalyticsAnonymizeIpColumn.php
--- consumed 0 B, total 1.07 GB, took 0.01 s
/home/mt/www/6.7/src/Core/Migration/V6_3/Migration1602146868AddTaxTypeToShippingMethod.php
--- consumed 0 B, total 1.07 GB, took 0.01 s
/home/mt/www/6.7/src/Core/Migration/V6_3/Migration1571660203FixOrderDeliveryStateNames.php
--- consumed 0 B, total 1.07 GB, took 0.03 s
/home/mt/www/6.7/src/Core/Migration/V6_3/Migration1592837424AddProductTypeToCategory.php
--- consumed 0 B, total 1.07 GB, took 0.01 s
/home/mt/www/6.7/src/Core/Migration/V6_3/Migration1536233010OrderAddress.php
--- consumed 0 B, total 1.07 GB, took 0.01 s
/home/mt/www/6.7/src/Core/Migration/V6_3/Migration1536233260StateMachineHistory.php
--- consumed 0 B, total 1.07 GB, took 0.01 s
/home/mt/www/6.7/src/Core/Migration/V6_3/Migration1591683158PromotionDiscount.php
--- consumed 0 B, total 1.07 GB, took 0.01 s
/home/mt/www/6.7/src/Core/Migration/V6_3/Migration1568645037AddEnqueueDbal.php
--- consumed 0 B, total 1.07 GB, took 0.01 s
/home/mt/www/6.7/src/Core/Migration/V6_3/Migration1594885630AddUserRecoveryPK.php
--- consumed 0 B, total 1.07 GB, took 0.01 s
/home/mt/www/6.7/src/Core/Migration/V6_3/Migration1561452005Update.php
--- consumed 0 B, total 1.07 GB, took 0.01 s
/home/mt/www/6.7/src/Core/Migration/V6_3/Migration1600338271AddTopsellerSorting.php
--- consumed 0 B, total 1.07 GB, took 0.06 s
/home/mt/www/6.7/src/Core/Migration/V6_3/Migration1590408550AclResources.php
--- consumed 0 B, total 1.07 GB, took 0.03 s
/home/mt/www/6.7/src/Core/Migration/V6_3/Migration1536233140ProductProperty.php
--- consumed 0 B, total 1.07 GB, took 0.01 s
/home/mt/www/6.7/src/Core/Migration/V6_3/Migration1576590301FixSalesChannelDomainLanguageFk.php
--- consumed 0 B, total 1.07 GB, took 0.01 s
/home/mt/www/6.7/src/Core/Migration/V6_3/Migration1566460168UpdateTexts.php
--- consumed 0 B, total 1.07 GB, took 0.02 s
/home/mt/www/6.7/src/Core/Migration/V6_3/Migration1575010262AddCmsFormLayouts.php
--- consumed 0 B, total 1.07 GB, took 0.05 s
/home/mt/www/6.7/src/Core/Migration/V6_3/Migration1575036586FixProductConfiguratorSettingsConstraint.php
--- consumed 0 B, total 1.07 GB, took 0.01 s
/home/mt/www/6.7/src/Core/Migration/V6_3/Migration1599112309AddListingFilterSystemConfigOption.php
--- consumed 0 B, total 1.07 GB, took 0.01 s
/home/mt/www/6.7/src/Core/Migration/V6_3/Migration1610531188AddUserConfig.php
--- consumed 0 B, total 1.07 GB, took 0.01 s
/home/mt/www/6.7/src/Core/Migration/V6_3/Migration1536232940SalesChannel.php
--- consumed 0 B, total 1.07 GB, took 0.02 s
/home/mt/www/6.7/src/Core/Migration/V6_3/Migration1591817370AddCustomerTagsManyToManyIdField.php
--- consumed 0 B, total 1.07 GB, took 0.01 s
/home/mt/www/6.7/src/Core/Migration/V6_3/Migration1595499689RemoveGoogleShoppingRelatedTables.php
--- consumed 0 B, total 1.07 GB, took 0.01 s
/home/mt/www/6.7/src/Core/Migration/V6_3/Migration1601891339EventActionTitle.php
--- consumed 0 B, total 1.07 GB, took 0.01 s
/home/mt/www/6.7/src/Core/Migration/V6_3/Migration1536233470PromotionOrderRule.php
--- consumed 0 B, total 1.07 GB, took 0.01 s
/home/mt/www/6.7/src/Core/Migration/V6_3/Migration1603293043FixCurrencyTypo.php
--- consumed 0 B, total 1.07 GB, took 0.04 s
/home/mt/www/6.7/src/Core/Migration/V6_3/Migration1572421282AddDoubleOptInRegistration.php
--- consumed 0 B, total 1.07 GB, took 0.01 s
/home/mt/www/6.7/src/Core/Migration/V6_3/Migration1599806584AddEventActionRule.php
--- consumed 0 B, total 1.07 GB, took 0.01 s
/home/mt/www/6.7/src/Core/Migration/V6_3/Migration1536233310ScheduledTask.php
--- consumed 0 B, total 1.07 GB, took 0.01 s
/home/mt/www/6.7/src/Core/Migration/V6_3/Migration1536233270SystemConfig.php
--- consumed 0 B, total 1.07 GB, took 0.01 s
/home/mt/www/6.7/src/Core/Migration/V6_3/Migration1536233390Promotion.php
--- consumed 0 B, total 1.07 GB, took 0.01 s
/home/mt/www/6.7/src/Core/Migration/V6_3/Migration1536233220PluginTranslation.php
--- consumed 0 B, total 1.07 GB, took 0.01 s
/home/mt/www/6.7/src/Core/Migration/V6_3/Migration1605609309AddCreatedByIdAndUpdatedByIdToOrder.php
--- consumed 0 B, total 1.07 GB, took 0.01 s
/home/mt/www/6.7/src/Core/Migration/V6_3/Migration1599822061MigrateOrderMails.php
--- consumed 0 B, total 1.07 GB, took 0.13 s
/home/mt/www/6.7/src/Core/Migration/V6_3/Migration1595492052SeoUrl.php
--- consumed 0 B, total 1.07 GB, took 0.01 s
/home/mt/www/6.7/src/Core/Migration/V6_3/Migration1598280548NullableSeoUrlTemplate.php
--- consumed 0 B, total 1.07 GB, took 0.01 s
/home/mt/www/6.7/src/Core/Migration/V6_3/Migration1590409548AddPackUnitPluralMigration.php
--- consumed 0 B, total 1.07 GB, took 0.01 s
/home/mt/www/6.7/src/Core/Migration/V6_3/Migration1536233170ProductCategoryTree.php
--- consumed 0 B, total 1.07 GB, took 0.01 s
/home/mt/www/6.7/src/Core/Migration/V6_3/Migration1536233540ProductSearchKeyword.php
--- consumed 0 B, total 1.07 GB, took 0.01 s
/home/mt/www/6.7/src/Core/Migration/V6_3/Migration1536232810User.php
--- consumed 0 B, total 1.07 GB, took 0.01 s
/home/mt/www/6.7/src/Core/Installer/License/LicenseFetcher.php
--- consumed 0 B, total 1.07 GB, took 0.02 s
/home/mt/www/6.7/src/Core/Installer/Installer.php
--- consumed 2 MB, total 1.08 GB, took 0.04 s
/home/mt/www/6.7/src/Core/Installer/InstallerKernel.php
--- consumed 0 B, total 1.08 GB, took 0.06 s
/home/mt/www/6.7/src/Core/Installer/Subscriber/InstallerLocaleListener.php
--- consumed 2 MB, total 1.08 GB, took 0.33 s
/home/mt/www/6.7/src/Core/Installer/Database/BlueGreenDeploymentService.php
--- consumed 0 B, total 1.08 GB, took 0.02 s
/home/mt/www/6.7/src/Core/Installer/Database/DatabaseMigrator.php
--- consumed 0 B, total 1.08 GB, took 0.04 s
/home/mt/www/6.7/src/Core/Installer/Database/MigrationCollectionFactory.php
--- consumed 0 B, total 1.08 GB, took 0.05 s
/home/mt/www/6.7/src/Core/Installer/Requirements/RequirementsValidatorInterface.php
--- consumed 0 B, total 1.08 GB, took 0.01 s
/home/mt/www/6.7/src/Core/Installer/Requirements/IniConfigReader.php
--- consumed 0 B, total 1.08 GB, took 0.00 s
/home/mt/www/6.7/src/Core/Installer/Requirements/Struct/RequirementsCheckCollection.php
--- consumed 0 B, total 1.08 GB, took 0.02 s
/home/mt/www/6.7/src/Core/Installer/Requirements/Struct/SystemCheck.php
--- consumed 0 B, total 1.08 GB, took 0.01 s
/home/mt/www/6.7/src/Core/Installer/Requirements/Struct/PathCheck.php
--- consumed 0 B, total 1.08 GB, took 0.00 s
/home/mt/www/6.7/src/Core/Installer/Requirements/Struct/RequirementCheck.php
--- consumed 0 B, total 1.08 GB, took 0.01 s
/home/mt/www/6.7/src/Core/Installer/Requirements/ConfigurationRequirementsValidator.php
--- consumed 0 B, total 1.08 GB, took 0.03 s
/home/mt/www/6.7/src/Core/Installer/Requirements/FilesystemRequirementsValidator.php
--- consumed 0 B, total 1.08 GB, took 0.02 s
/home/mt/www/6.7/src/Core/Installer/Requirements/EnvironmentRequirementsValidator.php
--- consumed 0 B, total 1.08 GB, took 0.06 s
/home/mt/www/6.7/src/Core/Installer/Controller/InstallerController.php
--- consumed 0 B, total 1.08 GB, took 0.05 s
/home/mt/www/6.7/src/Core/Installer/Controller/TranslationController.php
--- consumed 2 MB, total 1.08 GB, took 0.08 s
/home/mt/www/6.7/src/Core/Installer/Controller/ShopConfigurationController.php
--- consumed 2 MB, total 1.08 GB, took 0.16 s
/home/mt/www/6.7/src/Core/Installer/Controller/DatabaseImportController.php
--- consumed 0 B, total 1.08 GB, took 0.02 s
/home/mt/www/6.7/src/Core/Installer/Controller/LicenseController.php
--- consumed 0 B, total 1.08 GB, took 0.01 s
/home/mt/www/6.7/src/Core/Installer/Controller/RequirementsController.php
--- consumed 0 B, total 1.08 GB, took 0.01 s
/home/mt/www/6.7/src/Core/Installer/Controller/DatabaseConfigurationController.php
--- consumed 0 B, total 1.08 GB, took 0.06 s
/home/mt/www/6.7/src/Core/Installer/Controller/FinishController.php
--- consumed 0 B, total 1.08 GB, took 0.03 s
/home/mt/www/6.7/src/Core/Installer/Controller/WelcomeController.php
--- consumed 0 B, total 1.08 GB, took 0.01 s
/home/mt/www/6.7/src/Core/Installer/Finish/UniqueIdGenerator.php
--- consumed 0 B, total 1.08 GB, took 0.04 s
/home/mt/www/6.7/src/Core/Installer/Finish/SystemLocker.php
--- consumed 0 B, total 1.08 GB, took 0.01 s
/home/mt/www/6.7/src/Core/Installer/Configuration/AdminConfigurationService.php
--- consumed 0 B, total 1.08 GB, took 0.01 s
/home/mt/www/6.7/src/Core/Installer/Configuration/ShopConfigurationService.php
--- consumed 0 B, total 1.08 GB, took 0.14 s
/home/mt/www/6.7/src/Core/Installer/Configuration/EnvConfigWriter.php
--- consumed 0 B, total 1.08 GB, took 0.04 s
/home/mt/www/6.7/src/Core/TestBootstrap.php
--- consumed 0 B, total 1.08 GB, took 0.01 s
/home/mt/www/6.7/src/Storefront/Framework/Media/StorefrontMediaValidatorInterface.php
--- consumed 0 B, total 1.08 GB, took 0.00 s
/home/mt/www/6.7/src/Storefront/Framework/Media/Validator/StorefrontMediaImageValidator.php
--- consumed 4 MB, total 1.08 GB, took 0.08 s
/home/mt/www/6.7/src/Storefront/Framework/Media/Validator/StorefrontMediaDocumentValidator.php
--- consumed 0 B, total 1.08 GB, took 0.03 s
/home/mt/www/6.7/src/Storefront/Framework/Media/Validator/MimeTypeValidationTrait.php
--- consumed 0 B, total 1.08 GB, took 0.00 s
/home/mt/www/6.7/src/Storefront/Framework/Media/Exception/MediaValidatorMissingException.php
--- consumed 0 B, total 1.08 GB, took 0.01 s
/home/mt/www/6.7/src/Storefront/Framework/Media/StorefrontMediaValidatorRegistry.php
--- consumed 0 B, total 1.08 GB, took 0.01 s
/home/mt/www/6.7/src/Storefront/Framework/Media/StorefrontMediaUploader.php
--- consumed 0 B, total 1.08 GB, took 0.03 s
/home/mt/www/6.7/src/Storefront/Framework/StorefrontFrameworkException.php
--- consumed 0 B, total 1.08 GB, took 0.02 s
/home/mt/www/6.7/src/Storefront/Framework/Routing/NotFound/NotFoundPageTagsEvent.php
--- consumed 0 B, total 1.08 GB, took 0.01 s
/home/mt/www/6.7/src/Storefront/Framework/Routing/NotFound/NotFoundPageCacheKeyEvent.php
--- consumed 0 B, total 1.08 GB, took 0.01 s
/home/mt/www/6.7/src/Storefront/Framework/Routing/NotFound/NotFoundSubscriber.php
--- consumed 0 B, total 1.08 GB, took 0.10 s
/home/mt/www/6.7/src/Storefront/Framework/Routing/DomainNotMappedListener.php
--- consumed 0 B, total 1.08 GB, took 0.03 s
/home/mt/www/6.7/src/Storefront/Framework/Routing/CachedDomainLoaderInvalidator.php
--- consumed 0 B, total 1.08 GB, took 0.01 s
/home/mt/www/6.7/src/Storefront/Framework/Routing/Router.php
--- consumed 0 B, total 1.08 GB, took 0.36 s
/home/mt/www/6.7/src/Storefront/Framework/Routing/MaintenanceModeResolver.php
--- consumed 0 B, total 1.08 GB, took 0.05 s
/home/mt/www/6.7/src/Storefront/Framework/Routing/DomainLoader.php
--- consumed 0 B, total 1.08 GB, took 0.03 s
/home/mt/www/6.7/src/Storefront/Framework/Routing/Exception/ErrorRedirectRequestEvent.php
--- consumed 0 B, total 1.08 GB, took 0.01 s
/home/mt/www/6.7/src/Storefront/Framework/Routing/Exception/SalesChannelMappingException.php
--- consumed 0 B, total 1.08 GB, took 0.01 s
/home/mt/www/6.7/src/Storefront/Framework/Routing/RequestTransformer.php
--- consumed 0 B, total 1.08 GB, took 0.17 s
/home/mt/www/6.7/src/Storefront/Framework/Routing/TemplateDataSubscriber.php
--- consumed 0 B, total 1.08 GB, took 0.04 s
/home/mt/www/6.7/src/Storefront/Framework/Routing/CachedDomainLoader.php
--- consumed 2 MB, total 1.09 GB, took 0.02 s
/home/mt/www/6.7/src/Storefront/Framework/Routing/CanonicalLinkListener.php
--- consumed 0 B, total 1.09 GB, took 0.01 s
/home/mt/www/6.7/src/Storefront/Framework/Routing/ResponseHeaderListener.php
--- consumed 0 B, total 1.09 GB, took 0.02 s
/home/mt/www/6.7/src/Storefront/Framework/Routing/AbstractDomainLoader.php
--- consumed 0 B, total 1.09 GB, took 0.00 s
/home/mt/www/6.7/src/Storefront/Framework/Routing/RobotsRouteScopeWhitelist.php
--- consumed 0 B, total 1.09 GB, took 0.00 s
/home/mt/www/6.7/src/Storefront/Framework/Routing/StorefrontSubscriber.php
--- consumed 0 B, total 1.09 GB, took 0.09 s
/home/mt/www/6.7/src/Storefront/Framework/Routing/StorefrontRouteScope.php
--- consumed 0 B, total 1.09 GB, took 0.01 s
/home/mt/www/6.7/src/Storefront/Framework/ThemeInterface.php
--- consumed 0 B, total 1.09 GB, took 0.00 s
/home/mt/www/6.7/src/Storefront/Framework/Seo/SeoUrlRoute/SeoUrlUpdateListener.php
--- consumed 0 B, total 1.09 GB, took 0.06 s
/home/mt/www/6.7/src/Storefront/Framework/Seo/SeoUrlRoute/NavigationPageSeoUrlRoute.php
--- consumed 0 B, total 1.09 GB, took 0.05 s
/home/mt/www/6.7/src/Storefront/Framework/Seo/SeoUrlRoute/LandingPageSeoUrlRoute.php
--- consumed 2 MB, total 1.09 GB, took 0.03 s
/home/mt/www/6.7/src/Storefront/Framework/Seo/SeoUrlRoute/ProductPageSeoUrlRoute.php
--- consumed 0 B, total 1.09 GB, took 0.02 s
/home/mt/www/6.7/src/Storefront/Framework/Twig/Extension/ConfigExtension.php
--- consumed 0 B, total 1.09 GB, took 0.04 s
/home/mt/www/6.7/src/Storefront/Framework/Twig/Extension/IconCacheTwigFilter.php
--- consumed 0 B, total 1.09 GB, took 0.04 s
/home/mt/www/6.7/src/Storefront/Framework/Twig/Extension/UrlEncodingTwigFilter.php
--- consumed 0 B, total 1.09 GB, took 0.01 s
/home/mt/www/6.7/src/Storefront/Framework/Twig/TemplateDataExtension.php
--- consumed 0 B, total 1.09 GB, took 0.07 s
/home/mt/www/6.7/src/Storefront/Framework/Twig/TwigAppVariable.php
--- consumed 0 B, total 1.09 GB, took 0.05 s
/home/mt/www/6.7/src/Storefront/Framework/Twig/ErrorTemplateStruct.php
--- consumed 0 B, total 1.09 GB, took 0.01 s
/home/mt/www/6.7/src/Storefront/Framework/Twig/TwigDateRequestListener.php
--- consumed 0 B, total 1.09 GB, took 0.03 s
/home/mt/www/6.7/src/Storefront/Framework/Twig/ErrorTemplateResolver.php
--- consumed 0 B, total 1.09 GB, took 0.01 s
/home/mt/www/6.7/src/Storefront/Framework/Twig/TokenParser/ThumbnailTokenParser.php
--- consumed 0 B, total 1.09 GB, took 0.03 s
/home/mt/www/6.7/src/Storefront/Framework/Twig/TokenParser/IconTokenParser.php
--- consumed 0 B, total 1.09 GB, took 0.02 s
/home/mt/www/6.7/src/Storefront/Framework/Twig/ThumbnailExtension.php
--- consumed 0 B, total 1.09 GB, took 0.01 s
/home/mt/www/6.7/src/Storefront/Framework/Twig/NavigationInfo.php
--- consumed 0 B, total 1.09 GB, took 0.00 s
/home/mt/www/6.7/src/Storefront/Framework/Twig/IconExtension.php
--- consumed 0 B, total 1.09 GB, took 0.00 s
/home/mt/www/6.7/src/Storefront/Framework/Twig/TemplateConfigAccessor.php
--- consumed 0 B, total 1.09 GB, took 0.04 s
/home/mt/www/6.7/src/Storefront/Framework/SystemCheck/SalesChannelsReadinessCheck.php
--- consumed 0 B, total 1.09 GB, took 0.08 s
/home/mt/www/6.7/src/Storefront/Framework/SystemCheck/ProductDetailReadinessCheck.php
--- consumed 2 MB, total 1.09 GB, took 0.08 s
/home/mt/www/6.7/src/Storefront/Framework/SystemCheck/Util/AbstractSalesChannelDomainProvider.php
--- consumed 0 B, total 1.09 GB, took 0.00 s
/home/mt/www/6.7/src/Storefront/Framework/SystemCheck/Util/StorefrontHealthCheckResult.php
--- consumed 0 B, total 1.09 GB, took 0.01 s
/home/mt/www/6.7/src/Storefront/Framework/SystemCheck/Util/SalesChannelDomainProvider.php
--- consumed 0 B, total 1.09 GB, took 0.01 s
/home/mt/www/6.7/src/Storefront/Framework/SystemCheck/Util/SalesChannelDomain.php
--- consumed 0 B, total 1.09 GB, took 0.00 s
/home/mt/www/6.7/src/Storefront/Framework/SystemCheck/Util/SalesChannelDomainCollection.php
--- consumed 0 B, total 1.09 GB, took 0.01 s
/home/mt/www/6.7/src/Storefront/Framework/SystemCheck/Util/SalesChannelDomainUtil.php
--- consumed 0 B, total 1.09 GB, took 0.06 s
/home/mt/www/6.7/src/Storefront/Framework/SystemCheck/ProductListingReadinessCheck.php
--- consumed 0 B, total 1.09 GB, took 0.09 s
/home/mt/www/6.7/src/Storefront/Framework/Script/Api/StorefrontHook.php
--- consumed 0 B, total 1.09 GB, took 0.03 s
/home/mt/www/6.7/src/Storefront/Framework/Command/SalesChannelCreateStorefrontCommand.php
--- consumed 0 B, total 1.09 GB, took 0.07 s
/home/mt/www/6.7/src/Storefront/Framework/App/Template/IconTemplateLoader.php
--- consumed 0 B, total 1.09 GB, took 0.35 s
/home/mt/www/6.7/src/Storefront/Framework/Captcha/CaptchaRouteListener.php
--- consumed 0 B, total 1.09 GB, took 0.06 s
/home/mt/www/6.7/src/Storefront/Framework/Captcha/GoogleReCaptchaV3.php
--- consumed 0 B, total 1.09 GB, took 0.03 s
/home/mt/www/6.7/src/Storefront/Framework/Captcha/BasicCaptcha/AbstractBasicCaptchaGenerator.php
--- consumed 0 B, total 1.09 GB, took 0.00 s
/home/mt/www/6.7/src/Storefront/Framework/Captcha/BasicCaptcha/BasicCaptchaImage.php
--- consumed 0 B, total 1.09 GB, took 0.01 s
/home/mt/www/6.7/src/Storefront/Framework/Captcha/BasicCaptcha/BasicCaptchaGenerator.php
--- consumed 0 B, total 1.09 GB, took 0.09 s
/home/mt/www/6.7/src/Storefront/Framework/Captcha/GoogleReCaptchaV2.php
--- consumed 0 B, total 1.09 GB, took 0.03 s
/home/mt/www/6.7/src/Storefront/Framework/Captcha/BasicCaptcha.php
--- consumed 0 B, total 1.09 GB, took 0.06 s
/home/mt/www/6.7/src/Storefront/Framework/Captcha/HoneypotCaptcha.php
--- consumed 0 B, total 1.09 GB, took 0.02 s
/home/mt/www/6.7/src/Storefront/Framework/Captcha/CaptchaCookieCollectListener.php
--- consumed 0 B, total 1.09 GB, took 0.03 s
/home/mt/www/6.7/src/Storefront/Framework/Captcha/CaptchaException.php
--- consumed 0 B, total 1.09 GB, took 0.01 s
/home/mt/www/6.7/src/Storefront/Framework/Captcha/AbstractCaptcha.php
--- consumed 0 B, total 1.09 GB, took 0.01 s
/home/mt/www/6.7/src/Storefront/Framework/Cookie/AppCookieProvider.php
--- consumed 0 B, total 1.09 GB, took 0.01 s
/home/mt/www/6.7/src/Storefront/Framework/Cookie/CookieProvider.php
--- consumed 0 B, total 1.09 GB, took 0.02 s
/home/mt/www/6.7/src/Storefront/Framework/Cookie/CookieProviderInterface.php
--- consumed 0 B, total 1.09 GB, took 0.01 s
/home/mt/www/6.7/src/Storefront/Framework/AffiliateTracking/AffiliateTrackingListener.php
--- consumed 0 B, total 1.09 GB, took 0.02 s
/home/mt/www/6.7/src/Storefront/Event/RouteRequest/SetPaymentOrderRouteRequestEvent.php
--- consumed 0 B, total 1.09 GB, took 0.00 s
/home/mt/www/6.7/src/Storefront/Event/RouteRequest/OrderRouteRequestEvent.php
--- consumed 0 B, total 1.09 GB, took 0.00 s
/home/mt/www/6.7/src/Storefront/Event/RouteRequest/AccountNewsletterRecipientRouteRequestEvent.php
--- consumed 0 B, total 1.09 GB, took 0.00 s
/home/mt/www/6.7/src/Storefront/Event/RouteRequest/CurrencyRouteRequestEvent.php
--- consumed 0 B, total 1.09 GB, took 0.00 s
/home/mt/www/6.7/src/Storefront/Event/RouteRequest/HandlePaymentMethodRouteRequestEvent.php
--- consumed 0 B, total 1.09 GB, took 0.00 s
/home/mt/www/6.7/src/Storefront/Event/RouteRequest/SalutationRouteRequestEvent.php
--- consumed 0 B, total 1.09 GB, took 0.00 s
/home/mt/www/6.7/src/Storefront/Event/RouteRequest/RouteRequestEvent.php
--- consumed 0 B, total 1.09 GB, took 0.01 s
/home/mt/www/6.7/src/Storefront/Event/RouteRequest/LanguageRouteRequestEvent.php
--- consumed 0 B, total 1.09 GB, took 0.00 s
/home/mt/www/6.7/src/Storefront/Event/RouteRequest/CancelOrderRouteRequestEvent.php
--- consumed 0 B, total 1.09 GB, took 0.00 s
/home/mt/www/6.7/src/Storefront/Event/RouteRequest/ShippingMethodRouteRequestEvent.php
--- consumed 0 B, total 1.09 GB, took 0.00 s
/home/mt/www/6.7/src/Storefront/Event/RouteRequest/PaymentMethodRouteRequestEvent.php
--- consumed 0 B, total 1.09 GB, took 0.00 s
/home/mt/www/6.7/src/Storefront/Event/CartMergedSubscriber.php
--- consumed 0 B, total 1.09 GB, took 0.02 s
/home/mt/www/6.7/src/Storefront/Event/StorefrontRenderEvent.php
--- consumed 0 B, total 1.09 GB, took 0.02 s
/home/mt/www/6.7/src/Storefront/Event/SwitchBuyBoxVariantEvent.php
--- consumed 0 B, total 1.09 GB, took 0.01 s
/home/mt/www/6.7/src/Storefront/Event/ThemeCompilerConcatenatedStylesEvent.php
--- consumed 0 B, total 1.09 GB, took 0.01 s
/home/mt/www/6.7/src/Storefront/Event/StorefrontRedirectEvent.php
--- consumed 0 B, total 1.09 GB, took 0.01 s
/home/mt/www/6.7/src/Storefront/Pagelet/Header/HeaderPageletLoader.php
--- consumed 0 B, total 1.09 GB, took 0.05 s
/home/mt/www/6.7/src/Storefront/Pagelet/Header/HeaderPageletLoadedHook.php
--- consumed 0 B, total 1.09 GB, took 0.01 s
/home/mt/www/6.7/src/Storefront/Pagelet/Header/HeaderPageletLoadedEvent.php
--- consumed 0 B, total 1.09 GB, took 0.00 s
/home/mt/www/6.7/src/Storefront/Pagelet/Header/HeaderPagelet.php
--- consumed 0 B, total 1.09 GB, took 0.02 s
/home/mt/www/6.7/src/Storefront/Pagelet/Header/HeaderPageletLoaderInterface.php
--- consumed 0 B, total 1.09 GB, took 0.00 s
/home/mt/www/6.7/src/Storefront/Pagelet/Newsletter/Account/NewsletterAccountPageletLoader.php
--- consumed 0 B, total 1.09 GB, took 0.09 s
/home/mt/www/6.7/src/Storefront/Pagelet/Newsletter/Account/NewsletterAccountPageletLoadedEvent.php
--- consumed 0 B, total 1.09 GB, took 0.01 s
/home/mt/www/6.7/src/Storefront/Pagelet/Newsletter/Account/NewsletterAccountPagelet.php
--- consumed 0 B, total 1.09 GB, took 0.02 s
/home/mt/www/6.7/src/Storefront/Pagelet/Country/CountryStateDataPageletLoadedHook.php
--- consumed 0 B, total 1.09 GB, took 0.01 s
/home/mt/www/6.7/src/Storefront/Pagelet/Country/CountryStateDataPagelet.php
--- consumed 0 B, total 1.09 GB, took 0.01 s
/home/mt/www/6.7/src/Storefront/Pagelet/Country/CountryStateDataPageletCriteriaEvent.php
--- consumed 0 B, total 1.09 GB, took 0.01 s
/home/mt/www/6.7/src/Storefront/Pagelet/Country/CountryStateDataPageletLoadedEvent.php
--- consumed 0 B, total 1.09 GB, took 0.01 s
/home/mt/www/6.7/src/Storefront/Pagelet/Country/CountryStateDataPageletLoader.php
--- consumed 0 B, total 1.09 GB, took 0.01 s
/home/mt/www/6.7/src/Storefront/Pagelet/NavigationPagelet.php
--- consumed 0 B, total 1.09 GB, took 0.00 s
/home/mt/www/6.7/src/Storefront/Pagelet/Footer/FooterPageletLoadedHook.php
--- consumed 0 B, total 1.09 GB, took 0.01 s
/home/mt/www/6.7/src/Storefront/Pagelet/Footer/FooterPageletLoadedEvent.php
--- consumed 0 B, total 1.09 GB, took 0.01 s
/home/mt/www/6.7/src/Storefront/Pagelet/Footer/FooterPageletLoader.php
--- consumed 2 MB, total 1.09 GB, took 0.06 s
/home/mt/www/6.7/src/Storefront/Pagelet/Footer/FooterPagelet.php
--- consumed 0 B, total 1.09 GB, took 0.01 s
/home/mt/www/6.7/src/Storefront/Pagelet/Footer/FooterPageletLoaderInterface.php
--- consumed 0 B, total 1.09 GB, took 0.00 s
/home/mt/www/6.7/src/Storefront/Pagelet/Captcha/BasicCaptchaPageletLoader.php
--- consumed 0 B, total 1.09 GB, took 0.01 s
/home/mt/www/6.7/src/Storefront/Pagelet/Captcha/BasicCaptchaPagelet.php
--- consumed 0 B, total 1.09 GB, took 0.00 s
/home/mt/www/6.7/src/Storefront/Pagelet/Captcha/AbstractBasicCaptchaPageletLoader.php
--- consumed 0 B, total 1.09 GB, took 0.00 s
/home/mt/www/6.7/src/Storefront/Pagelet/Captcha/BasicCaptchaPageletLoadedEvent.php
--- consumed 0 B, total 1.09 GB, took 0.00 s
/home/mt/www/6.7/src/Storefront/Pagelet/Wishlist/GuestWishlistPageletLoadedEvent.php
--- consumed 0 B, total 1.09 GB, took 0.01 s
/home/mt/www/6.7/src/Storefront/Pagelet/Wishlist/GuestWishlistPagelet.php
--- consumed 0 B, total 1.09 GB, took 0.01 s
/home/mt/www/6.7/src/Storefront/Pagelet/Wishlist/GuestWishListPageletProductCriteriaEvent.php
--- consumed 0 B, total 1.09 GB, took 0.01 s
/home/mt/www/6.7/src/Storefront/Pagelet/Wishlist/GuestWishlistPageletLoader.php
--- consumed 0 B, total 1.09 GB, took 0.04 s
/home/mt/www/6.7/src/Storefront/Pagelet/Wishlist/GuestWishlistPageletLoadedHook.php
--- consumed 0 B, total 1.09 GB, took 0.01 s
/home/mt/www/6.7/src/Storefront/Pagelet/Pagelet.php
--- consumed 0 B, total 1.09 GB, took 0.00 s
/home/mt/www/6.7/src/Storefront/Pagelet/PageletLoadedEvent.php
--- consumed 0 B, total 1.09 GB, took 0.01 s
/home/mt/www/6.7/src/Storefront/Pagelet/Menu/Offcanvas/MenuOffcanvasPageletLoaderInterface.php
--- consumed 0 B, total 1.09 GB, took 0.00 s
/home/mt/www/6.7/src/Storefront/Pagelet/Menu/Offcanvas/MenuOffcanvasPageletLoader.php
--- consumed 0 B, total 1.09 GB, took 0.02 s
/home/mt/www/6.7/src/Storefront/Pagelet/Menu/Offcanvas/MenuOffcanvasPageletLoadedEvent.php
--- consumed 0 B, total 1.09 GB, took 0.00 s
/home/mt/www/6.7/src/Storefront/Pagelet/Menu/Offcanvas/MenuOffcanvasPagelet.php
--- consumed 0 B, total 1.09 GB, took 0.00 s
/home/mt/www/6.7/src/Storefront/Pagelet/Menu/Offcanvas/MenuOffcanvasPageletLoadedHook.php
--- consumed 0 B, total 1.09 GB, took 0.01 s
/home/mt/www/6.7/src/Storefront/Storefront.php
--- consumed 0 B, total 1.09 GB, took 0.02 s
/home/mt/www/6.7/src/Storefront/System/SalesChannel/SalesChannelAnalyticsLoader.php
--- consumed 0 B, total 1.09 GB, took 0.02 s
/home/mt/www/6.7/src/Storefront/Checkout/Payment/BlockedPaymentMethodSwitcher.php
--- consumed 0 B, total 1.09 GB, took 0.08 s
/home/mt/www/6.7/src/Storefront/Checkout/Shipping/BlockedShippingMethodSwitcher.php
--- consumed 0 B, total 1.09 GB, took 0.08 s
/home/mt/www/6.7/src/Storefront/Checkout/Cart/SalesChannel/StorefrontCartFacade.php
--- consumed 0 B, total 1.09 GB, took 0.07 s
/home/mt/www/6.7/src/Storefront/Checkout/Cart/Error/PaymentMethodChangedError.php
--- consumed 0 B, total 1.09 GB, took 0.04 s
/home/mt/www/6.7/src/Storefront/Checkout/Cart/Error/ShippingMethodChangedError.php
--- consumed 0 B, total 1.09 GB, took 0.03 s
/home/mt/www/6.7/src/Storefront/Test/Framework/Routing/Helper/ExpectedRequest.php
--- consumed 0 B, total 1.09 GB, took 0.01 s
/home/mt/www/6.7/src/Storefront/Test/Theme/ThemeRuntimeConfigTestService.php
--- consumed 0 B, total 1.09 GB, took 0.02 s
/home/mt/www/6.7/src/Storefront/Test/Controller/AuthTestSubscriber.php
--- consumed 0 B, total 1.09 GB, took 0.02 s
/home/mt/www/6.7/src/Storefront/Test/Controller/StorefrontControllerTestBehaviour.php
--- consumed 0 B, total 1.09 GB, took 0.00 s
/home/mt/www/6.7/src/Storefront/Test/Page/StorefrontPageTestBehaviour.php
--- consumed 0 B, total 1.09 GB, took 0.01 s
/home/mt/www/6.7/src/Storefront/Theme/ResolvedConfigLoader.php
--- consumed 0 B, total 1.09 GB, took 0.32 s
/home/mt/www/6.7/src/Storefront/Theme/ThemeRuntimeConfig.php
--- consumed 0 B, total 1.09 GB, took 0.04 s
/home/mt/www/6.7/src/Storefront/Theme/SeedingThemePathBuilder.php
--- consumed 0 B, total 1.09 GB, took 0.02 s
/home/mt/www/6.7/src/Storefront/Theme/CachedResolvedConfigLoader.php
--- consumed 0 B, total 1.09 GB, took 0.01 s
/home/mt/www/6.7/src/Storefront/Theme/Event/ThemeCompilerEnrichScssVariablesEvent.php
--- consumed 0 B, total 1.09 GB, took 0.01 s
/home/mt/www/6.7/src/Storefront/Theme/Event/ThemeAssignedEvent.php
--- consumed 0 B, total 1.09 GB, took 0.00 s
/home/mt/www/6.7/src/Storefront/Theme/Event/ThemeIndexerEvent.php
--- consumed 0 B, total 1.09 GB, took 0.01 s
/home/mt/www/6.7/src/Storefront/Theme/Event/ThemeConfigChangedEvent.php
--- consumed 0 B, total 1.09 GB, took 0.00 s
/home/mt/www/6.7/src/Storefront/Theme/Event/ThemeConfigResetEvent.php
--- consumed 0 B, total 1.09 GB, took 0.00 s
/home/mt/www/6.7/src/Storefront/Theme/ThemeCompilerInterface.php
--- consumed 0 B, total 1.09 GB, took 0.00 s
/home/mt/www/6.7/src/Storefront/Theme/ThemeAppLifecycleHandler.php
--- consumed 0 B, total 1.09 GB, took 0.03 s
/home/mt/www/6.7/src/Storefront/Theme/ThemeEntity.php
--- consumed 0 B, total 1.09 GB, took 0.10 s
/home/mt/www/6.7/src/Storefront/Theme/ThemeScripts.php
--- consumed 0 B, total 1.09 GB, took 0.01 s
/home/mt/www/6.7/src/Storefront/Theme/ThemeService.php
--- consumed 2 MB, total 1.09 GB, took 0.33 s
/home/mt/www/6.7/src/Storefront/Theme/Extension/MediaExtension.php
--- consumed 0 B, total 1.09 GB, took 0.02 s
/home/mt/www/6.7/src/Storefront/Theme/Extension/LanguageExtension.php
--- consumed 0 B, total 1.09 GB, took 0.01 s
/home/mt/www/6.7/src/Storefront/Theme/Extension/SalesChannelExtension.php
--- consumed 0 B, total 1.09 GB, took 0.01 s
/home/mt/www/6.7/src/Storefront/Theme/ThemeConfigValueAccessor.php
--- consumed 0 B, total 1.09 GB, took 0.07 s
/home/mt/www/6.7/src/Storefront/Theme/ThemeSalesChannelCollection.php
--- consumed 0 B, total 1.09 GB, took 0.00 s
/home/mt/www/6.7/src/Storefront/Theme/ConfigLoader/AbstractAvailableThemeProvider.php
--- consumed 0 B, total 1.09 GB, took 0.00 s
/home/mt/www/6.7/src/Storefront/Theme/ConfigLoader/DatabaseConfigLoader.php
--- consumed 0 B, total 1.09 GB, took 0.35 s
/home/mt/www/6.7/src/Storefront/Theme/ConfigLoader/StaticFileConfigLoader.php
--- consumed 0 B, total 1.09 GB, took 0.04 s
/home/mt/www/6.7/src/Storefront/Theme/ConfigLoader/StaticFileConfigDumper.php
--- consumed 0 B, total 1.09 GB, took 0.03 s
/home/mt/www/6.7/src/Storefront/Theme/ConfigLoader/StaticFileAvailableThemeProvider.php
--- consumed 0 B, total 1.09 GB, took 0.01 s
/home/mt/www/6.7/src/Storefront/Theme/ConfigLoader/AbstractConfigLoader.php
--- consumed 0 B, total 1.09 GB, took 0.00 s
/home/mt/www/6.7/src/Storefront/Theme/ConfigLoader/DatabaseAvailableThemeProvider.php
--- consumed 0 B, total 1.09 GB, took 0.01 s
/home/mt/www/6.7/src/Storefront/Theme/AbstractThemePathBuilder.php
--- consumed 0 B, total 1.09 GB, took 0.00 s
/home/mt/www/6.7/src/Storefront/Theme/ThemeAssetPackage.php
--- consumed 2 MB, total 1.1 GB, took 0.03 s
/home/mt/www/6.7/src/Storefront/Theme/ThemeFilesystemResolver.php
--- consumed 0 B, total 1.1 GB, took 0.03 s
/home/mt/www/6.7/src/Storefront/Theme/Validator/SCSSValidator.php
--- consumed 0 B, total 1.1 GB, took 0.23 s
/home/mt/www/6.7/src/Storefront/Theme/ThemeFileResolver.php
--- consumed 0 B, total 1.1 GB, took 0.14 s
/home/mt/www/6.7/src/Storefront/Theme/AbstractCompilerConfiguration.php
--- consumed 0 B, total 1.1 GB, took 0.00 s
/home/mt/www/6.7/src/Storefront/Theme/ThemeConfigField.php
--- consumed 0 B, total 1.1 GB, took 0.06 s
/home/mt/www/6.7/src/Storefront/Theme/ThemeLifecycleService.php
--- consumed 6 MB, total 1.1 GB, took 1.06 s
/home/mt/www/6.7/src/Storefront/Theme/Subscriber/PluginLifecycleSubscriber.php
--- consumed 0 B, total 1.1 GB, took 0.07 s
/home/mt/www/6.7/src/Storefront/Theme/Subscriber/UnusedMediaSubscriber.php
--- consumed 0 B, total 1.1 GB, took 0.05 s
/home/mt/www/6.7/src/Storefront/Theme/Subscriber/UpdateSubscriber.php
--- consumed 0 B, total 1.1 GB, took 0.05 s
/home/mt/www/6.7/src/Storefront/Theme/Subscriber/AppLifecycleSubscriber.php
--- consumed 0 B, total 1.1 GB, took 0.02 s
/home/mt/www/6.7/src/Storefront/Theme/Subscriber/ThemeCompilerEnrichScssVarSubscriber.php
--- consumed 0 B, total 1.1 GB, took 0.05 s
/home/mt/www/6.7/src/Storefront/Theme/Subscriber/FirstRunWizardSubscriber.php
--- consumed 0 B, total 1.1 GB, took 0.04 s
/home/mt/www/6.7/src/Storefront/Theme/Subscriber/ThemeSnippetsSubscriber.php
--- consumed 0 B, total 1.1 GB, took 0.03 s
/home/mt/www/6.7/src/Storefront/Theme/ThemeConfigFieldFactory.php
--- consumed 0 B, total 1.1 GB, took 0.01 s
/home/mt/www/6.7/src/Storefront/Theme/Message/CompileThemeMessage.php
--- consumed 0 B, total 1.1 GB, took 0.01 s
/home/mt/www/6.7/src/Storefront/Theme/Message/CompileThemeHandler.php
--- consumed 0 B, total 1.1 GB, took 0.03 s
/home/mt/www/6.7/src/Storefront/Theme/Message/DeleteThemeFilesHandler.php
--- consumed 0 B, total 1.1 GB, took 0.01 s
/home/mt/www/6.7/src/Storefront/Theme/Message/DeleteThemeFilesMessage.php
--- consumed 0 B, total 1.1 GB, took 0.01 s
/home/mt/www/6.7/src/Storefront/Theme/AbstractScssCompiler.php
--- consumed 0 B, total 1.1 GB, took 0.00 s
/home/mt/www/6.7/src/Storefront/Theme/Twig/ThemeInheritanceBuilder.php
--- consumed 0 B, total 1.1 GB, took 0.07 s
/home/mt/www/6.7/src/Storefront/Theme/Twig/ThemeNamespaceHierarchyBuilder.php
--- consumed 0 B, total 1.1 GB, took 0.04 s
/home/mt/www/6.7/src/Storefront/Theme/Twig/ThemeInheritanceBuilderInterface.php
--- consumed 0 B, total 1.1 GB, took 0.00 s
/home/mt/www/6.7/src/Storefront/Theme/Exception/ThemeException.php
--- consumed 0 B, total 1.1 GB, took 0.06 s
/home/mt/www/6.7/src/Storefront/Theme/Exception/ThemeAssignmentException.php
--- consumed 0 B, total 1.1 GB, took 0.05 s
/home/mt/www/6.7/src/Storefront/Theme/Exception/ThemeConfigException.php
--- consumed 0 B, total 1.1 GB, took 0.03 s
/home/mt/www/6.7/src/Storefront/Theme/Exception/InvalidThemeConfigException.php
--- consumed 0 B, total 1.1 GB, took 0.01 s
/home/mt/www/6.7/src/Storefront/Theme/Exception/ThemeCompileException.php
--- consumed 0 B, total 1.1 GB, took 0.01 s
/home/mt/www/6.7/src/Storefront/Theme/Exception/InvalidThemeBundleException.php
--- consumed 0 B, total 1.1 GB, took 0.01 s
/home/mt/www/6.7/src/Storefront/Theme/ScssPhpCompiler.php
--- consumed 22 MB, total 1.12 GB, took 0.92 s
/home/mt/www/6.7/src/Storefront/Theme/StorefrontPluginConfiguration/AbstractStorefrontPluginConfigurationFactory.php
--- consumed 0 B, total 1.12 GB, took 0.00 s
/home/mt/www/6.7/src/Storefront/Theme/StorefrontPluginConfiguration/FileCollection.php
--- consumed 0 B, total 1.12 GB, took 0.04 s
/home/mt/www/6.7/src/Storefront/Theme/StorefrontPluginConfiguration/StorefrontPluginConfigurationCollection.php
--- consumed 0 B, total 1.12 GB, took 0.02 s
/home/mt/www/6.7/src/Storefront/Theme/StorefrontPluginConfiguration/File.php
--- consumed 0 B, total 1.12 GB, took 0.01 s
/home/mt/www/6.7/src/Storefront/Theme/StorefrontPluginConfiguration/StorefrontPluginConfiguration.php
--- consumed 0 B, total 1.12 GB, took 0.05 s
/home/mt/www/6.7/src/Storefront/Theme/StorefrontPluginConfiguration/StorefrontPluginConfigurationFactory.php
--- consumed 0 B, total 1.12 GB, took 0.13 s
/home/mt/www/6.7/src/Storefront/Theme/Struct/ThemeDependencies.php
--- consumed 0 B, total 1.12 GB, took 0.01 s
/home/mt/www/6.7/src/Storefront/Theme/ThemeMergedConfigBuilder.php
--- consumed 0 B, total 1.12 GB, took 0.42 s
/home/mt/www/6.7/src/Storefront/Theme/ThemeRuntimeConfigService.php
--- consumed 0 B, total 1.12 GB, took 0.10 s
/home/mt/www/6.7/src/Storefront/Theme/ThemeDefinition.php
--- consumed 0 B, total 1.12 GB, took 0.04 s
/home/mt/www/6.7/src/Storefront/Theme/ThemeCompiler.php
--- consumed 0 B, total 1.12 GB, took 0.39 s
/home/mt/www/6.7/src/Storefront/Theme/ThemeCollection.php
--- consumed 0 B, total 1.12 GB, took 0.01 s
/home/mt/www/6.7/src/Storefront/Theme/Command/ThemePrepareIconsCommand.php
--- consumed 0 B, total 1.12 GB, took 0.19 s
/home/mt/www/6.7/src/Storefront/Theme/Command/ThemeRefreshCommand.php
--- consumed 0 B, total 1.12 GB, took 0.01 s
/home/mt/www/6.7/src/Storefront/Theme/Command/ThemeDumpCommand.php
--- consumed 0 B, total 1.12 GB, took 0.24 s
/home/mt/www/6.7/src/Storefront/Theme/Command/ThemeCompileCommand.php
--- consumed 0 B, total 1.12 GB, took 0.16 s
/home/mt/www/6.7/src/Storefront/Theme/Command/ThemeCreateCommand.php
--- consumed 0 B, total 1.12 GB, took 0.08 s
/home/mt/www/6.7/src/Storefront/Theme/Command/ThemeChangeCommand.php
--- consumed 0 B, total 1.12 GB, took 0.14 s
/home/mt/www/6.7/src/Storefront/Theme/DatabaseSalesChannelThemeLoader.php
--- consumed 2 MB, total 1.13 GB, took 0.07 s
/home/mt/www/6.7/src/Storefront/Theme/Controller/ThemeController.php
--- consumed 0 B, total 1.13 GB, took 0.05 s
/home/mt/www/6.7/src/Storefront/Theme/Aggregate/ThemeChildDefinition.php
--- consumed 0 B, total 1.13 GB, took 0.01 s
/home/mt/www/6.7/src/Storefront/Theme/Aggregate/ThemeTranslationEntity.php
--- consumed 0 B, total 1.13 GB, took 0.32 s
/home/mt/www/6.7/src/Storefront/Theme/Aggregate/ThemeSalesChannelDefinition.php
--- consumed 0 B, total 1.13 GB, took 0.01 s
/home/mt/www/6.7/src/Storefront/Theme/Aggregate/ThemeTranslationCollection.php
--- consumed 0 B, total 1.13 GB, took 0.02 s
/home/mt/www/6.7/src/Storefront/Theme/Aggregate/ThemeTranslationDefinition.php
--- consumed 0 B, total 1.13 GB, took 0.02 s
/home/mt/www/6.7/src/Storefront/Theme/Aggregate/ThemeMediaDefinition.php
--- consumed 0 B, total 1.13 GB, took 0.01 s
/home/mt/www/6.7/src/Storefront/Theme/AbstractResolvedConfigLoader.php
--- consumed 0 B, total 1.13 GB, took 0.00 s
/home/mt/www/6.7/src/Storefront/Theme/CompilerConfiguration.php
--- consumed 0 B, total 1.13 GB, took 0.01 s
/home/mt/www/6.7/src/Storefront/Theme/ThemeRuntimeConfigStorage.php
--- consumed 0 B, total 1.13 GB, took 0.07 s
/home/mt/www/6.7/src/Storefront/Theme/DataAbstractionLayer/ThemeExceptionHandler.php
--- consumed 0 B, total 1.13 GB, took 0.01 s
/home/mt/www/6.7/src/Storefront/Theme/DataAbstractionLayer/ThemeIndexingMessage.php
--- consumed 0 B, total 1.13 GB, took 0.00 s
/home/mt/www/6.7/src/Storefront/Theme/DataAbstractionLayer/ThemeIndexer.php
--- consumed 0 B, total 1.13 GB, took 0.05 s
/home/mt/www/6.7/src/Storefront/Theme/MD5ThemePathBuilder.php
--- consumed 0 B, total 1.13 GB, took 0.01 s
/home/mt/www/6.7/src/Storefront/Theme/ScheduledTask/DeleteThemeFilesTaskHandler.php
--- consumed 0 B, total 1.13 GB, took 0.07 s
/home/mt/www/6.7/src/Storefront/Theme/ScheduledTask/DeleteThemeFilesTask.php
--- consumed 0 B, total 1.13 GB, took 0.00 s
/home/mt/www/6.7/src/Storefront/Theme/ThemeConfigCacheInvalidator.php
--- consumed 0 B, total 1.13 GB, took 0.01 s
/home/mt/www/6.7/src/Storefront/Theme/ThemeSalesChannel.php
--- consumed 0 B, total 1.13 GB, took 0.01 s
/home/mt/www/6.7/src/Storefront/Theme/StorefrontPluginRegistry.php
--- consumed 0 B, total 1.13 GB, took 0.06 s
/home/mt/www/6.7/src/Storefront/Theme/ThemeLifecycleHandler.php
--- consumed 0 B, total 1.13 GB, took 0.14 s
/home/mt/www/6.7/src/Storefront/Controller/Api/CaptchaController.php
--- consumed 0 B, total 1.13 GB, took 0.01 s
/home/mt/www/6.7/src/Storefront/Controller/DocumentController.php
--- consumed 0 B, total 1.13 GB, took 0.03 s
/home/mt/www/6.7/src/Storefront/Controller/AppController.php
--- consumed 0 B, total 1.13 GB, took 0.01 s
/home/mt/www/6.7/src/Storefront/Controller/ContextGatewayController.php
--- consumed 0 B, total 1.13 GB, took 0.02 s
/home/mt/www/6.7/src/Storefront/Controller/AuthController.php
--- consumed 0 B, total 1.13 GB, took 0.16 s
/home/mt/www/6.7/src/Storefront/Controller/AccountOrderController.php
--- consumed 0 B, total 1.13 GB, took 0.15 s
/home/mt/www/6.7/src/Storefront/Controller/VerificationHashController.php
--- consumed 0 B, total 1.13 GB, took 0.01 s
/home/mt/www/6.7/src/Storefront/Controller/ErrorController.php
--- consumed 0 B, total 1.13 GB, took 0.06 s
/home/mt/www/6.7/src/Storefront/Controller/NewsletterController.php
--- consumed 0 B, total 1.13 GB, took 0.04 s
/home/mt/www/6.7/src/Storefront/Controller/CartLineItemController.php
--- consumed 2 MB, total 1.13 GB, took 0.34 s
/home/mt/www/6.7/src/Storefront/Controller/SitemapController.php
--- consumed 0 B, total 1.13 GB, took 0.02 s
/home/mt/www/6.7/src/Storefront/Controller/ContextController.php
--- consumed 0 B, total 1.13 GB, took 0.05 s
/home/mt/www/6.7/src/Storefront/Controller/FormController.php
--- consumed 0 B, total 1.13 GB, took 0.07 s
/home/mt/www/6.7/src/Storefront/Controller/AddressController.php
--- consumed 0 B, total 1.13 GB, took 0.44 s
/home/mt/www/6.7/src/Storefront/Controller/CheckoutController.php
--- consumed 2 MB, total 1.13 GB, took 0.22 s
/home/mt/www/6.7/src/Storefront/Controller/Exception/StorefrontRouteNotFoundException.php
--- consumed 0 B, total 1.13 GB, took 0.01 s
/home/mt/www/6.7/src/Storefront/Controller/Exception/StorefrontException.php
--- consumed 0 B, total 1.13 GB, took 0.07 s
/home/mt/www/6.7/src/Storefront/Controller/LandingPageController.php
--- consumed 0 B, total 1.13 GB, took 0.02 s
/home/mt/www/6.7/src/Storefront/Controller/CaptchaController.php
--- consumed 0 B, total 1.13 GB, took 0.02 s
/home/mt/www/6.7/src/Storefront/Controller/StorefrontController.php
--- consumed 0 B, total 1.13 GB, took 0.16 s
/home/mt/www/6.7/src/Storefront/Controller/RobotsController.php
--- consumed 0 B, total 1.13 GB, took 0.02 s
/home/mt/www/6.7/src/Storefront/Controller/AccountProfileController.php
--- consumed 0 B, total 1.13 GB, took 0.10 s
/home/mt/www/6.7/src/Storefront/Controller/CmsController.php
--- consumed 2 MB, total 1.13 GB, took 0.07 s
/home/mt/www/6.7/src/Storefront/Controller/SearchController.php
--- consumed 0 B, total 1.13 GB, took 0.08 s
/home/mt/www/6.7/src/Storefront/Controller/DownloadController.php
--- consumed 0 B, total 1.13 GB, took 0.01 s
/home/mt/www/6.7/src/Storefront/Controller/WishlistController.php
--- consumed 0 B, total 1.13 GB, took 0.09 s
/home/mt/www/6.7/src/Storefront/Controller/ScriptController.php
--- consumed 0 B, total 1.13 GB, took 0.02 s
/home/mt/www/6.7/src/Storefront/Controller/WellKnownController.php
--- consumed 0 B, total 1.13 GB, took 0.01 s
/home/mt/www/6.7/src/Storefront/Controller/CookieController.php
--- consumed 2 MB, total 1.13 GB, took 0.03 s
/home/mt/www/6.7/src/Storefront/Controller/ProductController.php
--- consumed 0 B, total 1.13 GB, took 0.34 s
/home/mt/www/6.7/src/Storefront/Controller/MaintenanceController.php
--- consumed 0 B, total 1.13 GB, took 0.04 s
/home/mt/www/6.7/src/Storefront/Controller/RegisterController.php
--- consumed 2 MB, total 1.14 GB, took 0.18 s
/home/mt/www/6.7/src/Storefront/Controller/CountryStateController.php
--- consumed 0 B, total 1.14 GB, took 0.01 s
/home/mt/www/6.7/src/Storefront/Controller/NavigationController.php
--- consumed 0 B, total 1.14 GB, took 0.05 s
/home/mt/www/6.7/src/Storefront/Migration/V6_4/Migration1641476963ThemeDependentIds.php
--- consumed 0 B, total 1.14 GB, took 0.01 s
/home/mt/www/6.7/src/Storefront/Migration/V6_5/Migration1688644407ThemeAddThemeConfig.php
--- consumed 0 B, total 1.14 GB, took 0.01 s
/home/mt/www/6.7/src/Storefront/Migration/V6_3/Migration1564385954ThemeMedia.php
--- consumed 0 B, total 1.14 GB, took 0.01 s
/home/mt/www/6.7/src/Storefront/Migration/V6_3/Migration1555406153SalesChannelTheme.php
--- consumed 0 B, total 1.14 GB, took 0.01 s
/home/mt/www/6.7/src/Storefront/Migration/V6_3/Migration1604502151AddThemePreviewMediaConstraint.php
--- consumed 0 B, total 1.14 GB, took 0.01 s
/home/mt/www/6.7/src/Storefront/Migration/V6_3/Migration1595492054SeoUrlTemplateData.php
--- consumed 0 B, total 1.14 GB, took 0.02 s
/home/mt/www/6.7/src/Storefront/Migration/V6_3/Migration1563785071AddThemeHelpText.php
--- consumed 0 B, total 1.14 GB, took 0.01 s
/home/mt/www/6.7/src/Storefront/Migration/V6_3/Migration1565640170ThemeMigrateMedia.php
--- consumed 0 B, total 1.14 GB, took 0.06 s
/home/mt/www/6.7/src/Storefront/Migration/V6_3/Migration1564385960ThemeAddActiveFlag.php
--- consumed 0 B, total 1.14 GB, took 0.01 s
/home/mt/www/6.7/src/Storefront/Migration/V6_3/Migration1552899789Theme.php
--- consumed 0 B, total 1.14 GB, took 0.01 s
/home/mt/www/6.7/src/Storefront/Migration/V6_3/Migration1565640175RemoveSalesChannelTheme.php
--- consumed 0 B, total 1.14 GB, took 0.01 s
/home/mt/www/6.7/src/Storefront/DependencyInjection/StorefrontMigrationReplacementCompilerPass.php
--- consumed 0 B, total 1.14 GB, took 0.00 s
/home/mt/www/6.7/src/Storefront/DependencyInjection/DisableTemplateCachePass.php
--- consumed 0 B, total 1.14 GB, took 0.01 s
/home/mt/www/6.7/src/Storefront/DependencyInjection/Configuration.php
--- consumed 0 B, total 1.14 GB, took 0.03 s
/home/mt/www/6.7/src/Storefront/DependencyInjection/StorefrontExtension.php
--- consumed 0 B, total 1.14 GB, took 0.02 s
/home/mt/www/6.7/src/Storefront/Page/GenericPageLoadedEvent.php
--- consumed 0 B, total 1.14 GB, took 0.01 s
/home/mt/www/6.7/src/Storefront/Page/Maintenance/MaintenancePageLoadedEvent.php
--- consumed 0 B, total 1.14 GB, took 0.01 s
/home/mt/www/6.7/src/Storefront/Page/Maintenance/MaintenancePage.php
--- consumed 0 B, total 1.14 GB, took 0.01 s
/home/mt/www/6.7/src/Storefront/Page/Maintenance/MaintenancePageLoader.php
--- consumed 0 B, total 1.14 GB, took 0.02 s
/home/mt/www/6.7/src/Storefront/Page/Maintenance/MaintenancePageLoadedHook.php
--- consumed 0 B, total 1.14 GB, took 0.01 s
/home/mt/www/6.7/src/Storefront/Page/GenericPageLoaderInterface.php
--- consumed 0 B, total 1.14 GB, took 0.00 s
/home/mt/www/6.7/src/Storefront/Page/Newsletter/Subscribe/NewsletterSubscribePageLoader.php
--- consumed 0 B, total 1.14 GB, took 0.01 s
/home/mt/www/6.7/src/Storefront/Page/Newsletter/Subscribe/NewsletterSubscribePage.php
--- consumed 0 B, total 1.14 GB, took 0.00 s
/home/mt/www/6.7/src/Storefront/Page/Newsletter/Subscribe/NewsletterSubscribePageLoadedEvent.php
--- consumed 0 B, total 1.14 GB, took 0.00 s
/home/mt/www/6.7/src/Storefront/Page/Search/SearchPageLoadedEvent.php
--- consumed 0 B, total 1.14 GB, took 0.01 s
/home/mt/www/6.7/src/Storefront/Page/Search/SearchWidgetLoadedHook.php
--- consumed 0 B, total 1.14 GB, took 0.01 s
/home/mt/www/6.7/src/Storefront/Page/Search/SearchPageLoadedHook.php
--- consumed 0 B, total 1.14 GB, took 0.01 s
/home/mt/www/6.7/src/Storefront/Page/Search/SearchPage.php
--- consumed 0 B, total 1.14 GB, took 0.01 s
/home/mt/www/6.7/src/Storefront/Page/Search/SearchPageLoader.php
--- consumed 0 B, total 1.14 GB, took 0.02 s
/home/mt/www/6.7/src/Storefront/Page/Checkout/Offcanvas/OffcanvasCartPageLoader.php
--- consumed 0 B, total 1.14 GB, took 0.02 s
/home/mt/www/6.7/src/Storefront/Page/Checkout/Offcanvas/CheckoutInfoWidgetLoadedHook.php
--- consumed 0 B, total 1.14 GB, took 0.01 s
/home/mt/www/6.7/src/Storefront/Page/Checkout/Offcanvas/OffcanvasCartPageLoadedEvent.php
--- consumed 0 B, total 1.14 GB, took 0.00 s
/home/mt/www/6.7/src/Storefront/Page/Checkout/Offcanvas/CheckoutOffcanvasWidgetLoadedHook.php
--- consumed 0 B, total 1.14 GB, took 0.01 s
/home/mt/www/6.7/src/Storefront/Page/Checkout/Offcanvas/OffcanvasCartPage.php
--- consumed 0 B, total 1.14 GB, took 0.01 s
/home/mt/www/6.7/src/Storefront/Page/Checkout/Confirm/CheckoutConfirmPage.php
--- consumed 0 B, total 1.14 GB, took 0.02 s
/home/mt/www/6.7/src/Storefront/Page/Checkout/Confirm/CheckoutConfirmPageLoader.php
--- consumed 0 B, total 1.14 GB, took 0.07 s
/home/mt/www/6.7/src/Storefront/Page/Checkout/Confirm/CheckoutConfirmPageLoadedEvent.php
--- consumed 0 B, total 1.14 GB, took 0.01 s
/home/mt/www/6.7/src/Storefront/Page/Checkout/Confirm/CheckoutConfirmPageLoadedHook.php
--- consumed 0 B, total 1.14 GB, took 0.01 s
/home/mt/www/6.7/src/Storefront/Page/Checkout/Register/CheckoutRegisterPageLoader.php
--- consumed 0 B, total 1.14 GB, took 0.06 s
/home/mt/www/6.7/src/Storefront/Page/Checkout/Register/CheckoutRegisterPage.php
--- consumed 0 B, total 1.14 GB, took 0.01 s
/home/mt/www/6.7/src/Storefront/Page/Checkout/Register/CheckoutRegisterPageLoadedEvent.php
--- consumed 0 B, total 1.14 GB, took 0.00 s
/home/mt/www/6.7/src/Storefront/Page/Checkout/Register/CheckoutRegisterPageLoadedHook.php
--- consumed 0 B, total 1.14 GB, took 0.02 s
/home/mt/www/6.7/src/Storefront/Page/Checkout/Finish/CheckoutFinishPage.php
--- consumed 0 B, total 1.14 GB, took 0.01 s
/home/mt/www/6.7/src/Storefront/Page/Checkout/Finish/CheckoutFinishPageOrderCriteriaEvent.php
--- consumed 0 B, total 1.14 GB, took 0.01 s
/home/mt/www/6.7/src/Storefront/Page/Checkout/Finish/CheckoutFinishPageLoader.php
--- consumed 0 B, total 1.14 GB, took 0.07 s
/home/mt/www/6.7/src/Storefront/Page/Checkout/Finish/CheckoutFinishPageLoadedHook.php
--- consumed 0 B, total 1.14 GB, took 0.01 s
/home/mt/www/6.7/src/Storefront/Page/Checkout/Finish/CheckoutFinishPageLoadedEvent.php
--- consumed 0 B, total 1.14 GB, took 0.00 s
/home/mt/www/6.7/src/Storefront/Page/Checkout/Cart/CheckoutCartPage.php
--- consumed 0 B, total 1.14 GB, took 0.01 s
/home/mt/www/6.7/src/Storefront/Page/Checkout/Cart/CheckoutCartPageLoader.php
--- consumed 0 B, total 1.14 GB, took 0.04 s
/home/mt/www/6.7/src/Storefront/Page/Checkout/Cart/CheckoutCartPageLoadedEvent.php
--- consumed 0 B, total 1.14 GB, took 0.01 s
/home/mt/www/6.7/src/Storefront/Page/Checkout/Cart/CheckoutCartPageLoadedHook.php
--- consumed 0 B, total 1.14 GB, took 0.02 s
/home/mt/www/6.7/src/Storefront/Page/LandingPage/LandingPageLoadedHook.php
--- consumed 0 B, total 1.14 GB, took 0.01 s
/home/mt/www/6.7/src/Storefront/Page/LandingPage/LandingPageLoadedEvent.php
--- consumed 0 B, total 1.14 GB, took 0.01 s
/home/mt/www/6.7/src/Storefront/Page/LandingPage/LandingPage.php
--- consumed 0 B, total 1.14 GB, took 0.01 s
/home/mt/www/6.7/src/Storefront/Page/LandingPage/LandingPageLoader.php
--- consumed 0 B, total 1.14 GB, took 0.03 s
/home/mt/www/6.7/src/Storefront/Page/PageLoadedHook.php
--- consumed 0 B, total 1.14 GB, took 0.00 s
/home/mt/www/6.7/src/Storefront/Page/Sitemap/SitemapPage.php
--- consumed 0 B, total 1.14 GB, took 0.01 s
/home/mt/www/6.7/src/Storefront/Page/Sitemap/SitemapPageLoadedEvent.php
--- consumed 0 B, total 1.14 GB, took 0.01 s
/home/mt/www/6.7/src/Storefront/Page/Sitemap/SitemapPageLoader.php
--- consumed 0 B, total 1.14 GB, took 0.01 s
/home/mt/www/6.7/src/Storefront/Page/Sitemap/SitemapPageLoadedHook.php
--- consumed 0 B, total 1.14 GB, took 0.01 s
/home/mt/www/6.7/src/Storefront/Page/Navigation/NavigationPageLoader.php
--- consumed 2 MB, total 1.14 GB, took 0.34 s
/home/mt/www/6.7/src/Storefront/Page/Navigation/NavigationPageLoadedHook.php
--- consumed 0 B, total 1.14 GB, took 0.01 s
/home/mt/www/6.7/src/Storefront/Page/Navigation/NavigationPageLoaderInterface.php
--- consumed 0 B, total 1.14 GB, took 0.00 s
/home/mt/www/6.7/src/Storefront/Page/Navigation/NavigationPage.php
--- consumed 0 B, total 1.14 GB, took 0.01 s
/home/mt/www/6.7/src/Storefront/Page/Navigation/NavigationPageLoadedEvent.php
--- consumed 0 B, total 1.14 GB, took 0.01 s
/home/mt/www/6.7/src/Storefront/Page/Navigation/Error/ErrorPageLoader.php
--- consumed 0 B, total 1.14 GB, took 0.02 s
/home/mt/www/6.7/src/Storefront/Page/Navigation/Error/ErrorPage.php
--- consumed 0 B, total 1.14 GB, took 0.01 s
/home/mt/www/6.7/src/Storefront/Page/Navigation/Error/ErrorPageLoaderInterface.php
--- consumed 0 B, total 1.14 GB, took 0.00 s
/home/mt/www/6.7/src/Storefront/Page/Navigation/Error/ErrorPageLoadedEvent.php
--- consumed 0 B, total 1.14 GB, took 0.00 s
/home/mt/www/6.7/src/Storefront/Page/Page.php
--- consumed 0 B, total 1.14 GB, took 0.00 s
/home/mt/www/6.7/src/Storefront/Page/Robots/RobotsPageLoader.php
--- consumed 0 B, total 1.14 GB, took 0.11 s
/home/mt/www/6.7/src/Storefront/Page/Robots/RobotsPageLoadedEvent.php
--- consumed 0 B, total 1.14 GB, took 0.01 s
/home/mt/www/6.7/src/Storefront/Page/Robots/Struct/DomainRuleStruct.php
--- consumed 0 B, total 1.14 GB, took 0.09 s
/home/mt/www/6.7/src/Storefront/Page/Robots/Struct/DomainRuleCollection.php
--- consumed 0 B, total 1.14 GB, took 0.00 s
/home/mt/www/6.7/src/Storefront/Page/Robots/RobotsPage.php
--- consumed 0 B, total 1.14 GB, took 0.01 s
/home/mt/www/6.7/src/Storefront/Page/Suggest/SuggestPageLoader.php
--- consumed 0 B, total 1.14 GB, took 0.02 s
/home/mt/www/6.7/src/Storefront/Page/Suggest/SuggestPage.php
--- consumed 0 B, total 1.14 GB, took 0.01 s
/home/mt/www/6.7/src/Storefront/Page/Suggest/SuggestPageLoadedEvent.php
--- consumed 0 B, total 1.14 GB, took 0.00 s
/home/mt/www/6.7/src/Storefront/Page/Suggest/SuggestPageLoadedHook.php
--- consumed 0 B, total 1.14 GB, took 0.01 s
/home/mt/www/6.7/src/Storefront/Page/Product/ProductPageLoadedEvent.php
--- consumed 0 B, total 1.14 GB, took 0.01 s
/home/mt/www/6.7/src/Storefront/Page/Product/ProductPageCriteriaEvent.php
--- consumed 0 B, total 1.14 GB, took 0.01 s
/home/mt/www/6.7/src/Storefront/Page/Product/QuickView/MinimalQuickViewPage.php
--- consumed 0 B, total 1.14 GB, took 0.00 s
/home/mt/www/6.7/src/Storefront/Page/Product/QuickView/MinimalQuickViewPageLoader.php
--- consumed 0 B, total 1.14 GB, took 0.03 s
/home/mt/www/6.7/src/Storefront/Page/Product/QuickView/MinimalQuickViewPageLoadedEvent.php
--- consumed 0 B, total 1.14 GB, took 0.01 s
/home/mt/www/6.7/src/Storefront/Page/Product/QuickView/MinimalQuickViewPageCriteriaEvent.php
--- consumed 0 B, total 1.14 GB, took 0.01 s
/home/mt/www/6.7/src/Storefront/Page/Product/QuickView/ProductQuickViewWidgetLoadedHook.php
--- consumed 0 B, total 1.14 GB, took 0.01 s
/home/mt/www/6.7/src/Storefront/Page/Product/Configurator/ProductPageConfiguratorLoader.php
--- consumed 0 B, total 1.14 GB, took 0.01 s
/home/mt/www/6.7/src/Storefront/Page/Product/ProductPage.php
--- consumed 0 B, total 1.14 GB, took 0.02 s
/home/mt/www/6.7/src/Storefront/Page/Product/ProductPageLoadedHook.php
--- consumed 0 B, total 1.14 GB, took 0.01 s
/home/mt/www/6.7/src/Storefront/Page/Product/ProductPageLoader.php
--- consumed 0 B, total 1.14 GB, took 0.13 s
/home/mt/www/6.7/src/Storefront/Page/Cms/DefaultMediaResolver.php
--- consumed 0 B, total 1.14 GB, took 0.02 s
/home/mt/www/6.7/src/Storefront/Page/Cms/CmsPageLoadedHook.php
--- consumed 0 B, total 1.14 GB, took 0.01 s
/home/mt/www/6.7/src/Storefront/Page/Account/CustomerGroupRegistration/CustomerGroupRegistrationPageLoader.php
--- consumed 0 B, total 1.14 GB, took 0.02 s
/home/mt/www/6.7/src/Storefront/Page/Account/CustomerGroupRegistration/CustomerGroupRegistrationPage.php
--- consumed 0 B, total 1.14 GB, took 0.00 s
/home/mt/www/6.7/src/Storefront/Page/Account/CustomerGroupRegistration/AbstractCustomerGroupRegistrationPageLoader.php
--- consumed 0 B, total 1.14 GB, took 0.00 s
/home/mt/www/6.7/src/Storefront/Page/Account/CustomerGroupRegistration/CustomerGroupRegistrationPageLoadedEvent.php
--- consumed 0 B, total 1.14 GB, took 0.00 s
/home/mt/www/6.7/src/Storefront/Page/Account/CustomerGroupRegistration/CustomerGroupRegistrationPageLoadedHook.php
--- consumed 0 B, total 1.14 GB, took 0.01 s
/home/mt/www/6.7/src/Storefront/Page/Account/Order/AccountOrderDetailPageLoader.php
--- consumed 0 B, total 1.14 GB, took 0.04 s
/home/mt/www/6.7/src/Storefront/Page/Account/Order/AccountOrderDetailPage.php
--- consumed 0 B, total 1.14 GB, took 0.02 s
/home/mt/www/6.7/src/Storefront/Page/Account/Order/AccountOrderDetailPageLoadedHook.php
--- consumed 0 B, total 1.14 GB, took 0.01 s
/home/mt/www/6.7/src/Storefront/Page/Account/Order/AccountOrderDetailPageLoadedEvent.php
--- consumed 0 B, total 1.14 GB, took 0.01 s
/home/mt/www/6.7/src/Storefront/Page/Account/Order/AccountEditOrderPageLoadedEvent.php
--- consumed 0 B, total 1.14 GB, took 0.01 s
/home/mt/www/6.7/src/Storefront/Page/Account/Order/AccountOrderPageLoadedEvent.php
--- consumed 0 B, total 1.14 GB, took 0.01 s
/home/mt/www/6.7/src/Storefront/Page/Account/Order/AccountEditOrderPageLoader.php
--- consumed 0 B, total 1.14 GB, took 0.10 s
/home/mt/www/6.7/src/Storefront/Page/Account/Order/AccountEditOrderPageLoadedHook.php
--- consumed 0 B, total 1.14 GB, took 0.01 s
/home/mt/www/6.7/src/Storefront/Page/Account/Order/AccountOrderPageLoader.php
--- consumed 0 B, total 1.14 GB, took 0.08 s
/home/mt/www/6.7/src/Storefront/Page/Account/Order/AccountOrderPageLoadedHook.php
--- consumed 0 B, total 1.14 GB, took 0.01 s
/home/mt/www/6.7/src/Storefront/Page/Account/Order/AccountEditOrderPage.php
--- consumed 0 B, total 1.14 GB, took 0.02 s
/home/mt/www/6.7/src/Storefront/Page/Account/Order/AccountOrderPage.php
--- consumed 0 B, total 1.14 GB, took 0.01 s
/home/mt/www/6.7/src/Storefront/Page/Account/Register/AccountRegisterPageLoadedHook.php
--- consumed 0 B, total 1.14 GB, took 0.01 s
/home/mt/www/6.7/src/Storefront/Page/Account/Profile/AccountProfilePage.php
--- consumed 0 B, total 1.14 GB, took 0.01 s
/home/mt/www/6.7/src/Storefront/Page/Account/Profile/AccountProfilePageLoader.php
--- consumed 0 B, total 1.14 GB, took 0.04 s
/home/mt/www/6.7/src/Storefront/Page/Account/Profile/AccountProfilePageLoadedEvent.php
--- consumed 0 B, total 1.14 GB, took 0.00 s
/home/mt/www/6.7/src/Storefront/Page/Account/Profile/AccountProfilePageLoadedHook.php
--- consumed 0 B, total 1.14 GB, took 0.01 s
/home/mt/www/6.7/src/Storefront/Page/Account/RecoverPassword/AccountRecoverPasswordPageLoadedEvent.php
--- consumed 0 B, total 1.14 GB, took 0.01 s
/home/mt/www/6.7/src/Storefront/Page/Account/RecoverPassword/AccountRecoverPasswordPage.php
--- consumed 0 B, total 1.14 GB, took 0.01 s
/home/mt/www/6.7/src/Storefront/Page/Account/RecoverPassword/AccountRecoverPasswordPageLoadedHook.php
--- consumed 0 B, total 1.14 GB, took 0.01 s
/home/mt/www/6.7/src/Storefront/Page/Account/RecoverPassword/AccountRecoverPasswordPageLoader.php
--- consumed 0 B, total 1.14 GB, took 0.01 s
/home/mt/www/6.7/src/Storefront/Page/Account/Login/AccountLoginPageLoadedHook.php
--- consumed 0 B, total 1.14 GB, took 0.01 s
/home/mt/www/6.7/src/Storefront/Page/Account/Login/AccountLoginPageLoader.php
--- consumed 0 B, total 1.14 GB, took 0.04 s
/home/mt/www/6.7/src/Storefront/Page/Account/Login/AccountLoginPage.php
--- consumed 0 B, total 1.14 GB, took 0.01 s
/home/mt/www/6.7/src/Storefront/Page/Account/Login/AccountLoginPageLoadedEvent.php
--- consumed 0 B, total 1.14 GB, took 0.00 s
/home/mt/www/6.7/src/Storefront/Page/Account/Login/AccountGuestLoginPageLoadedHook.php
--- consumed 0 B, total 1.14 GB, took 0.01 s
/home/mt/www/6.7/src/Storefront/Page/Account/Overview/AccountOverviewPageLoader.php
--- consumed 0 B, total 1.14 GB, took 0.34 s
/home/mt/www/6.7/src/Storefront/Page/Account/Overview/AccountOverviewPage.php
--- consumed 0 B, total 1.14 GB, took 0.01 s
/home/mt/www/6.7/src/Storefront/Page/Account/Overview/AccountOverviewPageLoadedEvent.php
--- consumed 0 B, total 1.14 GB, took 0.00 s
/home/mt/www/6.7/src/Storefront/Page/Account/Overview/AccountOverviewPageLoadedHook.php
--- consumed 0 B, total 1.14 GB, took 0.01 s
/home/mt/www/6.7/src/Storefront/Page/GenericPageLoader.php
--- consumed 0 B, total 1.14 GB, took 0.03 s
/home/mt/www/6.7/src/Storefront/Page/Address/Detail/AddressDetailPageLoadedEvent.php
--- consumed 0 B, total 1.14 GB, took 0.01 s
/home/mt/www/6.7/src/Storefront/Page/Address/Detail/AddressDetailPage.php
--- consumed 0 B, total 1.14 GB, took 0.01 s
/home/mt/www/6.7/src/Storefront/Page/Address/Detail/AddressDetailPageLoadedHook.php
--- consumed 0 B, total 1.14 GB, took 0.01 s
/home/mt/www/6.7/src/Storefront/Page/Address/Detail/AddressDetailPageLoader.php
--- consumed 0 B, total 1.14 GB, took 0.06 s
/home/mt/www/6.7/src/Storefront/Page/Address/Listing/AddressListingPageLoader.php
--- consumed 0 B, total 1.14 GB, took 0.05 s
/home/mt/www/6.7/src/Storefront/Page/Address/Listing/AddressListingPageLoadedHook.php
--- consumed 0 B, total 1.14 GB, took 0.01 s
/home/mt/www/6.7/src/Storefront/Page/Address/Listing/AddressBookWidgetLoadedHook.php
--- consumed 0 B, total 1.14 GB, took 0.01 s
/home/mt/www/6.7/src/Storefront/Page/Address/Listing/AddressListingPageLoadedEvent.php
--- consumed 0 B, total 1.14 GB, took 0.00 s
/home/mt/www/6.7/src/Storefront/Page/Address/Listing/AddressListingPage.php
--- consumed 0 B, total 1.14 GB, took 0.02 s
/home/mt/www/6.7/src/Storefront/Page/Address/AddressEditorModalStruct.php
--- consumed 0 B, total 1.14 GB, took 0.02 s
/home/mt/www/6.7/src/Storefront/Page/PageLoadedEvent.php
--- consumed 0 B, total 1.14 GB, took 0.01 s
/home/mt/www/6.7/src/Storefront/Page/Wishlist/WishlistPageLoadedHook.php
--- consumed 0 B, total 1.14 GB, took 0.01 s
/home/mt/www/6.7/src/Storefront/Page/Wishlist/GuestWishlistPageLoadedEvent.php
--- consumed 0 B, total 1.14 GB, took 0.01 s
/home/mt/www/6.7/src/Storefront/Page/Wishlist/WishlistPageLoadedEvent.php
--- consumed 0 B, total 1.14 GB, took 0.01 s
/home/mt/www/6.7/src/Storefront/Page/Wishlist/WishlistWidgetLoadedHook.php
--- consumed 0 B, total 1.14 GB, took 0.01 s
/home/mt/www/6.7/src/Storefront/Page/Wishlist/GuestWishlistPage.php
--- consumed 0 B, total 1.14 GB, took 0.00 s
/home/mt/www/6.7/src/Storefront/Page/Wishlist/GuestWishlistPageLoader.php
--- consumed 0 B, total 1.14 GB, took 0.01 s
/home/mt/www/6.7/src/Storefront/Page/Wishlist/WishlistPage.php
--- consumed 0 B, total 1.14 GB, took 0.00 s
/home/mt/www/6.7/src/Storefront/Page/Wishlist/WishlistPageLoader.php
--- consumed 0 B, total 1.14 GB, took 0.05 s
/home/mt/www/6.7/src/Storefront/Page/Wishlist/GuestWishlistPageLoadedHook.php
--- consumed 0 B, total 1.14 GB, took 0.01 s
/home/mt/www/6.7/src/Storefront/Page/Wishlist/WishListPageProductCriteriaEvent.php
--- consumed 0 B, total 1.14 GB, took 0.01 s
/home/mt/www/6.7/src/Storefront/Page/MetaInformation.php
--- consumed 0 B, total 1.14 GB, took 0.02 s
/home/mt/www/6.7/src/Elasticsearch/Admin/AdminSearchIndexingMessage.php
--- consumed 0 B, total 1.14 GB, took 0.02 s
/home/mt/www/6.7/src/Elasticsearch/Admin/AdminElasticsearchHelper.php
--- consumed 0 B, total 1.14 GB, took 0.01 s
/home/mt/www/6.7/src/Elasticsearch/Admin/Subscriber/RefreshIndexSubscriber.php
--- consumed 0 B, total 1.14 GB, took 0.02 s
/home/mt/www/6.7/src/Elasticsearch/Admin/AdminSearcher.php
--- consumed 2 MB, total 1.14 GB, took 0.14 s
/home/mt/www/6.7/src/Elasticsearch/Admin/AdminSearchController.php
--- consumed 0 B, total 1.14 GB, took 0.04 s
/home/mt/www/6.7/src/Elasticsearch/Admin/Indexer/NewsletterRecipientAdminSearchIndexer.php
--- consumed 0 B, total 1.14 GB, took 0.04 s
/home/mt/www/6.7/src/Elasticsearch/Admin/Indexer/MediaAdminSearchIndexer.php
--- consumed 0 B, total 1.14 GB, took 0.05 s
/home/mt/www/6.7/src/Elasticsearch/Admin/Indexer/CmsPageAdminSearchIndexer.php
--- consumed 0 B, total 1.14 GB, took 0.04 s
/home/mt/www/6.7/src/Elasticsearch/Admin/Indexer/OrderAdminSearchIndexer.php
--- consumed 0 B, total 1.14 GB, took 0.05 s
/home/mt/www/6.7/src/Elasticsearch/Admin/Indexer/CustomerGroupAdminSearchIndexer.php
--- consumed 0 B, total 1.14 GB, took 0.04 s
/home/mt/www/6.7/src/Elasticsearch/Admin/Indexer/PromotionAdminSearchIndexer.php
--- consumed 0 B, total 1.14 GB, took 0.05 s
/home/mt/www/6.7/src/Elasticsearch/Admin/Indexer/ProductStreamAdminSearchIndexer.php
--- consumed 0 B, total 1.14 GB, took 0.04 s
/home/mt/www/6.7/src/Elasticsearch/Admin/Indexer/ShippingMethodAdminSearchIndexer.php
--- consumed 0 B, total 1.14 GB, took 0.05 s
/home/mt/www/6.7/src/Elasticsearch/Admin/Indexer/PaymentMethodAdminSearchIndexer.php
--- consumed 0 B, total 1.14 GB, took 0.04 s
/home/mt/www/6.7/src/Elasticsearch/Admin/Indexer/ManufacturerAdminSearchIndexer.php
--- consumed 0 B, total 1.14 GB, took 0.05 s
/home/mt/www/6.7/src/Elasticsearch/Admin/Indexer/ProductAdminSearchIndexer.php
--- consumed 0 B, total 1.14 GB, took 0.09 s
/home/mt/www/6.7/src/Elasticsearch/Admin/Indexer/PropertyGroupAdminSearchIndexer.php
--- consumed 0 B, total 1.14 GB, took 0.05 s
/home/mt/www/6.7/src/Elasticsearch/Admin/Indexer/CategoryAdminSearchIndexer.php
--- consumed 0 B, total 1.14 GB, took 0.05 s
/home/mt/www/6.7/src/Elasticsearch/Admin/Indexer/AbstractAdminIndexer.php
--- consumed 0 B, total 1.14 GB, took 0.01 s
/home/mt/www/6.7/src/Elasticsearch/Admin/Indexer/SalesChannelAdminSearchIndexer.php
--- consumed 0 B, total 1.14 GB, took 0.04 s
/home/mt/www/6.7/src/Elasticsearch/Admin/Indexer/LandingPageAdminSearchIndexer.php
--- consumed 0 B, total 1.14 GB, took 0.05 s
/home/mt/www/6.7/src/Elasticsearch/Admin/Indexer/CustomerAdminSearchIndexer.php
--- consumed 0 B, total 1.14 GB, took 0.06 s
/home/mt/www/6.7/src/Elasticsearch/Admin/AdminIndexingBehavior.php
--- consumed 0 B, total 1.14 GB, took 0.01 s
/home/mt/www/6.7/src/Elasticsearch/Admin/ElasticsearchAdminException.php
--- consumed 0 B, total 1.14 GB, took 0.01 s
/home/mt/www/6.7/src/Elasticsearch/Admin/AdminSearchRegistry.php
--- consumed 2 MB, total 1.14 GB, took 0.64 s
/home/mt/www/6.7/src/Elasticsearch/Framework/ElasticsearchIndexingUtils.php
--- consumed 0 B, total 1.14 GB, took 0.04 s
/home/mt/www/6.7/src/Elasticsearch/Framework/ClientFactory.php
--- consumed 0 B, total 1.14 GB, took 0.05 s
/home/mt/www/6.7/src/Elasticsearch/Framework/ElasticsearchStagingHandler.php
--- consumed 0 B, total 1.14 GB, took 0.02 s
/home/mt/www/6.7/src/Elasticsearch/Framework/ElasticsearchDateHistogramAggregation.php
--- consumed 0 B, total 1.14 GB, took 0.02 s
/home/mt/www/6.7/src/Elasticsearch/Framework/SystemUpdateListener.php
--- consumed 0 B, total 1.14 GB, took 0.03 s
/home/mt/www/6.7/src/Elasticsearch/Framework/Indexing/Event/ElasticsearchIndexConfigEvent.php
--- consumed 0 B, total 1.14 GB, took 0.01 s
/home/mt/www/6.7/src/Elasticsearch/Framework/Indexing/Event/ElasticsearchIndexIteratorEvent.php
--- consumed 0 B, total 1.14 GB, took 0.00 s
/home/mt/www/6.7/src/Elasticsearch/Framework/Indexing/Event/ElasticsearchIndexCreatedEvent.php
--- consumed 0 B, total 1.14 GB, took 0.00 s
/home/mt/www/6.7/src/Elasticsearch/Framework/Indexing/Event/ElasticsearchIndexerLanguageCriteriaEvent.php
--- consumed 0 B, total 1.14 GB, took 0.01 s
/home/mt/www/6.7/src/Elasticsearch/Framework/Indexing/Event/ElasticsearchIndexingFinishedEvent.php
--- consumed 0 B, total 1.14 GB, took 0.00 s
/home/mt/www/6.7/src/Elasticsearch/Framework/Indexing/Event/ElasticsearchIndexAliasSwitchedEvent.php
--- consumed 0 B, total 1.14 GB, took 0.00 s
/home/mt/www/6.7/src/Elasticsearch/Framework/Indexing/IndexerOffset.php
--- consumed 0 B, total 1.14 GB, took 0.03 s
/home/mt/www/6.7/src/Elasticsearch/Framework/Indexing/IndexMappingProvider.php
--- consumed 0 B, total 1.14 GB, took 0.01 s
/home/mt/www/6.7/src/Elasticsearch/Framework/Indexing/ElasticsearchIndexer.php
--- consumed 0 B, total 1.14 GB, took 0.18 s
/home/mt/www/6.7/src/Elasticsearch/Framework/Indexing/IndexingDto.php
--- consumed 0 B, total 1.14 GB, took 0.01 s
/home/mt/www/6.7/src/Elasticsearch/Framework/Indexing/IndexMappingUpdater.php
--- consumed 0 B, total 1.14 GB, took 0.04 s
/home/mt/www/6.7/src/Elasticsearch/Framework/Indexing/CreateAliasTaskHandler.php
--- consumed 0 B, total 1.14 GB, took 0.06 s
/home/mt/www/6.7/src/Elasticsearch/Framework/Indexing/CreateAliasTask.php
--- consumed 0 B, total 1.14 GB, took 0.01 s
/home/mt/www/6.7/src/Elasticsearch/Framework/Indexing/IndexCreator.php
--- consumed 0 B, total 1.14 GB, took 0.03 s
/home/mt/www/6.7/src/Elasticsearch/Framework/Indexing/ElasticsearchIndexingMessage.php
--- consumed 0 B, total 1.14 GB, took 0.02 s
/home/mt/www/6.7/src/Elasticsearch/Framework/ElasticsearchOutdatedIndexDetector.php
--- consumed 0 B, total 1.14 GB, took 0.06 s
/home/mt/www/6.7/src/Elasticsearch/Framework/Command/ElasticsearchCreateAliasCommand.php
--- consumed 0 B, total 1.14 GB, took 0.01 s
/home/mt/www/6.7/src/Elasticsearch/Framework/Command/ElasticsearchAdminUpdateMappingCommand.php
--- consumed 0 B, total 1.14 GB, took 0.01 s
/home/mt/www/6.7/src/Elasticsearch/Framework/Command/ElasticsearchTestAnalyzerCommand.php
--- consumed 0 B, total 1.14 GB, took 0.06 s
/home/mt/www/6.7/src/Elasticsearch/Framework/Command/ElasticsearchAdminResetCommand.php
--- consumed 0 B, total 1.14 GB, took 0.03 s
/home/mt/www/6.7/src/Elasticsearch/Framework/Command/ElasticsearchAdminTestCommand.php
--- consumed 0 B, total 1.14 GB, took 0.03 s
/home/mt/www/6.7/src/Elasticsearch/Framework/Command/ElasticsearchCleanIndicesCommand.php
--- consumed 0 B, total 1.14 GB, took 0.04 s
/home/mt/www/6.7/src/Elasticsearch/Framework/Command/ElasticsearchIndexingCommand.php
--- consumed 0 B, total 1.14 GB, took 0.11 s
/home/mt/www/6.7/src/Elasticsearch/Framework/Command/ElasticsearchStatusCommand.php
--- consumed 2 MB, total 1.14 GB, took 0.19 s
/home/mt/www/6.7/src/Elasticsearch/Framework/Command/ElasticsearchAdminIndexingCommand.php
--- consumed 0 B, total 1.14 GB, took 0.07 s
/home/mt/www/6.7/src/Elasticsearch/Framework/Command/ElasticsearchUpdateMappingCommand.php
--- consumed 0 B, total 1.14 GB, took 0.01 s
/home/mt/www/6.7/src/Elasticsearch/Framework/Command/ElasticsearchResetCommand.php
--- consumed 0 B, total 1.14 GB, took 0.02 s
/home/mt/www/6.7/src/Elasticsearch/Framework/ElasticsearchFieldBuilder.php
--- consumed 0 B, total 1.14 GB, took 0.07 s
/home/mt/www/6.7/src/Elasticsearch/Framework/ElasticsearchRegistry.php
--- consumed 0 B, total 1.14 GB, took 0.02 s
/home/mt/www/6.7/src/Elasticsearch/Framework/AsyncAwsSigner.php
--- consumed 0 B, total 1.14 GB, took 0.09 s
/home/mt/www/6.7/src/Elasticsearch/Framework/AbstractElasticsearchDefinition.php
--- consumed 0 B, total 1.14 GB, took 0.01 s
/home/mt/www/6.7/src/Elasticsearch/Framework/ElasticsearchRangeAggregation.php
--- consumed 0 B, total 1.14 GB, took 0.02 s
/home/mt/www/6.7/src/Elasticsearch/Framework/DataAbstractionLayer/Event/ElasticsearchEntitySearcherSearchedEvent.php
--- consumed 0 B, total 1.14 GB, took 0.01 s
/home/mt/www/6.7/src/Elasticsearch/Framework/DataAbstractionLayer/Event/ElasticsearchEntityAggregatorSearchEvent.php
--- consumed 0 B, total 1.14 GB, took 0.01 s
/home/mt/www/6.7/src/Elasticsearch/Framework/DataAbstractionLayer/Event/ElasticsearchEntityAggregatorSearchedEvent.php
--- consumed 0 B, total 1.14 GB, took 0.01 s
/home/mt/www/6.7/src/Elasticsearch/Framework/DataAbstractionLayer/Event/ElasticsearchEntitySearcherSearchEvent.php
--- consumed 0 B, total 1.14 GB, took 0.01 s
/home/mt/www/6.7/src/Elasticsearch/Framework/DataAbstractionLayer/ElasticsearchEntityAggregator.php
--- consumed 0 B, total 1.14 GB, took 0.05 s
/home/mt/www/6.7/src/Elasticsearch/Framework/DataAbstractionLayer/ElasticsearchEntitySearchHydrator.php
--- consumed 0 B, total 1.14 GB, took 0.12 s
/home/mt/www/6.7/src/Elasticsearch/Framework/DataAbstractionLayer/CriteriaParser.php
--- consumed 4 MB, total 1.15 GB, took 1.17 s
/home/mt/www/6.7/src/Elasticsearch/Framework/DataAbstractionLayer/AbstractElasticsearchAggregationHydrator.php
--- consumed 0 B, total 1.15 GB, took 0.00 s
/home/mt/www/6.7/src/Elasticsearch/Framework/DataAbstractionLayer/ElasticsearchEntitySearcher.php
--- consumed 0 B, total 1.15 GB, took 0.11 s
/home/mt/www/6.7/src/Elasticsearch/Framework/DataAbstractionLayer/ElasticsearchEntityAggregatorHydrator.php
--- consumed 0 B, total 1.15 GB, took 0.26 s
/home/mt/www/6.7/src/Elasticsearch/Framework/DataAbstractionLayer/AbstractElasticsearchSearchHydrator.php
--- consumed 0 B, total 1.15 GB, took 0.00 s
/home/mt/www/6.7/src/Elasticsearch/Framework/ElasticsearchHelper.php
--- consumed 0 B, total 1.15 GB, took 0.07 s
/home/mt/www/6.7/src/Elasticsearch/Framework/ElasticsearchFieldMapper.php
--- consumed 0 B, total 1.15 GB, took 0.12 s
/home/mt/www/6.7/src/Elasticsearch/Framework/ElasticsearchLanguageProvider.php
--- consumed 0 B, total 1.15 GB, took 0.01 s
/home/mt/www/6.7/src/Elasticsearch/Event/ElasticsearchCustomFieldsMappingEvent.php
--- consumed 0 B, total 1.15 GB, took 0.02 s
/home/mt/www/6.7/src/Elasticsearch/Sort/CountSort.php
--- consumed 0 B, total 1.15 GB, took 0.01 s
/home/mt/www/6.7/src/Elasticsearch/Elasticsearch.php
--- consumed 0 B, total 1.15 GB, took 0.01 s
/home/mt/www/6.7/src/Elasticsearch/Test/AdminElasticsearchTestBehaviour.php
--- consumed 0 B, total 1.15 GB, took 0.00 s
/home/mt/www/6.7/src/Elasticsearch/Test/ElasticsearchTestTestBehaviour.php
--- consumed 0 B, total 1.15 GB, took 0.00 s
/home/mt/www/6.7/src/Elasticsearch/TokenQueryBuilder.php
--- consumed 0 B, total 1.15 GB, took 0.19 s
/home/mt/www/6.7/src/Elasticsearch/Profiler/ClientProfiler.php
--- consumed 4 MB, total 1.15 GB, took 0.41 s
/home/mt/www/6.7/src/Elasticsearch/Profiler/ElasticsearchProfileCompilerPass.php
--- consumed 0 B, total 1.15 GB, took 0.02 s
/home/mt/www/6.7/src/Elasticsearch/Profiler/DataCollector.php
--- consumed 0 B, total 1.15 GB, took 0.06 s
/home/mt/www/6.7/src/Elasticsearch/ElasticsearchException.php
--- consumed 0 B, total 1.15 GB, took 0.05 s
/home/mt/www/6.7/src/Elasticsearch/Migration/Traits/ElasticsearchTriggerTrait.php
--- consumed 0 B, total 1.15 GB, took 0.00 s
/home/mt/www/6.7/src/Elasticsearch/Migration/V6_5/Migration1689084023AdminElasticsearchIndexTask.php
--- consumed 0 B, total 1.15 GB, took 0.01 s
/home/mt/www/6.7/src/Elasticsearch/Migration/V6_5/Migration1689083660ElasticsearchIndexTask.php
--- consumed 0 B, total 1.15 GB, took 0.01 s
/home/mt/www/6.7/src/Elasticsearch/Product/SearchKeywordReplacement.php
--- consumed 0 B, total 1.15 GB, took 0.02 s
/home/mt/www/6.7/src/Elasticsearch/Product/ElasticsearchProductException.php
--- consumed 0 B, total 1.15 GB, took 0.01 s
/home/mt/www/6.7/src/Elasticsearch/Product/ProductSearchQueryBuilder.php
--- consumed 0 B, total 1.15 GB, took 0.05 s
/home/mt/www/6.7/src/Elasticsearch/Product/ProductCriteriaParser.php
--- consumed 0 B, total 1.15 GB, took 0.03 s
/home/mt/www/6.7/src/Elasticsearch/Product/AbstractProductSearchQueryBuilder.php
--- consumed 0 B, total 1.15 GB, took 0.00 s
/home/mt/www/6.7/src/Elasticsearch/Product/LanguageSubscriber.php
--- consumed 0 B, total 1.15 GB, took 0.02 s
/home/mt/www/6.7/src/Elasticsearch/Product/SearchConfigLoader.php
--- consumed 0 B, total 1.15 GB, took 0.00 s
/home/mt/www/6.7/src/Elasticsearch/Product/CustomFieldSetGateway.php
--- consumed 0 B, total 1.15 GB, took 0.03 s
/home/mt/www/6.7/src/Elasticsearch/Product/SearchFieldConfig.php
--- consumed 0 B, total 1.15 GB, took 0.02 s
/home/mt/www/6.7/src/Elasticsearch/Product/ProductUpdater.php
--- consumed 0 B, total 1.15 GB, took 0.01 s
/home/mt/www/6.7/src/Elasticsearch/Product/ElasticsearchOptimizeSwitch.php
--- consumed 0 B, total 1.15 GB, took 0.01 s
/home/mt/www/6.7/src/Elasticsearch/Product/StopwordTokenFilter.php
--- consumed 0 B, total 1.15 GB, took 0.05 s
/home/mt/www/6.7/src/Elasticsearch/Product/CustomFieldUpdater.php
--- consumed 0 B, total 1.15 GB, took 0.18 s
/home/mt/www/6.7/src/Elasticsearch/Product/ElasticsearchProductDefinition.php
--- consumed 2 MB, total 1.15 GB, took 0.61 s
/home/mt/www/6.7/src/Elasticsearch/Product/ProductSearchBuilder.php
--- consumed 0 B, total 1.15 GB, took 0.02 s
/home/mt/www/6.7/src/Elasticsearch/DependencyInjection/ElasticsearchExtension.php
--- consumed 2 MB, total 1.16 GB, took 0.04 s
/home/mt/www/6.7/src/Elasticsearch/DependencyInjection/Configuration.php
--- consumed 6 MB, total 1.16 GB, took 0.12 s
/home/mt/www/6.7/src/Elasticsearch/DependencyInjection/ElasticsearchMigrationCompilerPass.php
--- consumed 0 B, total 1.16 GB, took 0.00 s

 [OK] No errors                                                                 

